2026-10-07T20:52:58.0046864Z Current runner version: '2.337.0'
2026-10-07T20:52:58.0071575Z ##[group]Runner Image Provisioner
2026-10-07T20:52:58.0072707Z Hosted Compute Agent
2026-10-07T20:52:58.0073313Z Version: 20261002.596
2026-10-07T20:52:58.0074142Z Commit: c3d12f3313a95f25162a1503be624f3b0617f8c0
2026-10-07T20:52:58.0074926Z Build Date: 2026-10-02T22:28:27Z
2026-10-07T20:52:58.0075578Z Worker ID: {67558acc-a19d-4de8-9cce-1287d453d1fe}
2026-10-07T20:52:58.0076312Z Region: centralus
2026-10-07T20:52:58.0076876Z Cloud: Azure
2026-10-07T20:52:58.0077420Z ##[endgroup]
2026-10-07T20:52:58.0078868Z ##[group]Operating System
2026-10-07T20:52:58.0079481Z Ubuntu
2026-10-07T20:52:58.0080015Z 24.04.5
2026-10-07T20:52:58.0080538Z LTS
2026-10-07T20:52:58.0081027Z ##[endgroup]
2026-10-07T20:52:58.0081588Z ##[group]Runner Image
2026-10-07T20:52:58.0082213Z Image: ubuntu-24.04
2026-10-07T20:52:58.0082780Z Version: 20261004.327.1
2026-10-07T20:52:58.0084486Z Included Software: https://github.com/actions/runner-images/blob/ubuntu24/20261004.327/images/ubuntu/Ubuntu2404-Readme.md
2026-10-07T20:52:58.0086007Z Image Release: https://github.com/actions/runner-images/releases/tag/ubuntu24%2F20261004.327
2026-10-07T20:52:58.0086935Z ##[endgroup]
2026-10-07T20:52:58.0088437Z ##[group]GITHUB_TOKEN Permissions
2026-10-07T20:52:58.0090771Z Contents: read
2026-10-07T20:52:58.0091375Z Metadata: read
2026-10-07T20:52:58.0091908Z ##[endgroup]
2026-10-07T20:52:58.0094147Z Secret source: Actions
2026-10-07T20:52:58.0095140Z Cache mode: write
2026-10-07T20:52:58.0095828Z Prepare workflow directory
2026-10-07T20:52:58.0422811Z Prepare all required actions
2026-10-07T20:52:58.0472352Z Getting action download info
2026-10-07T20:52:58.3215634Z Download action repository 'actions/checkout@v6' (SHA:d23441a48e516b6c34aea4fa41551a30e30af803)
2026-10-07T20:52:58.4895931Z Download action repository 'actions/setup-node@v6' (SHA:249970729cb0ef3589644e2896645e5dc5ba9c38)
2026-10-07T20:52:58.9180109Z Download action repository 'actions/upload-artifact@v4' (SHA:ea165f8d65b6e75b540449e92b4886f43607fa02)
2026-10-07T20:52:59.1679900Z Complete job name: Exact WF-C6-010 full compiler gates
2026-10-07T20:52:59.2457284Z ##[group]Run actions/checkout@v6
2026-10-07T20:52:59.2458257Z with:
2026-10-07T20:52:59.2458855Z   repository: rashadoni/leaddrive-v2
2026-10-07T20:52:59.2463647Z   token: ***
2026-10-07T20:52:59.2464285Z   ssh-strict: true
2026-10-07T20:52:59.2464927Z   ssh-user: git
2026-10-07T20:52:59.2465516Z   persist-credentials: true
2026-10-07T20:52:59.2466149Z   clean: true
2026-10-07T20:52:59.2466713Z   sparse-checkout-cone-mode: true
2026-10-07T20:52:59.2467405Z   fetch-depth: 1
2026-10-07T20:52:59.2467980Z   fetch-tags: false
2026-10-07T20:52:59.2468534Z   show-progress: true
2026-10-07T20:52:59.2469157Z   lfs: false
2026-10-07T20:52:59.2469703Z   submodules: false
2026-10-07T20:52:59.2470282Z   set-safe-directory: true
2026-10-07T20:52:59.2470990Z   allow-unsafe-pr-checkout: false
2026-10-07T20:52:59.2471816Z ##[endgroup]
2026-10-07T20:52:59.3528343Z Syncing repository: rashadoni/leaddrive-v2
2026-10-07T20:52:59.3531462Z ##[group]Getting Git version info
2026-10-07T20:52:59.3532796Z Working directory is '/home/runner/work/leaddrive-v2/leaddrive-v2'
2026-10-07T20:52:59.3534774Z [command]/usr/bin/git version
2026-10-07T20:52:59.3601204Z git version 2.55.0
2026-10-07T20:52:59.3623781Z ##[endgroup]
2026-10-07T20:52:59.3639164Z Temporarily overriding HOME='/home/runner/work/_temp/56085807-e49c-45a8-a6c4-048dfd7485b8' before making global git config changes
2026-10-07T20:52:59.3641797Z Adding repository directory to the temporary git global config as a safe directory
2026-10-07T20:52:59.3645001Z [command]/usr/bin/git config --global --add safe.directory /home/runner/work/leaddrive-v2/leaddrive-v2
2026-10-07T20:52:59.3699155Z Deleting the contents of '/home/runner/work/leaddrive-v2/leaddrive-v2'
2026-10-07T20:52:59.3704200Z ##[group]Determining repository object format
2026-10-07T20:52:59.3706188Z ##[endgroup]
2026-10-07T20:52:59.3707654Z ##[group]Initializing the repository
2026-10-07T20:52:59.3711749Z [command]/usr/bin/git init /home/runner/work/leaddrive-v2/leaddrive-v2
2026-10-07T20:52:59.3821828Z hint: Using 'master' as the name for the initial branch. This default branch name
2026-10-07T20:52:59.3823906Z hint: will change to "main" in Git 3.0. To configure the initial branch name
2026-10-07T20:52:59.3825628Z hint: to use in all of your new repositories, which will suppress this warning,
2026-10-07T20:52:59.3827176Z hint: call:
2026-10-07T20:52:59.3827876Z hint:
2026-10-07T20:52:59.3828951Z hint: 	git config --global init.defaultBranch <name>
2026-10-07T20:52:59.3830023Z hint:
2026-10-07T20:52:59.3831067Z hint: Names commonly chosen instead of 'master' are 'main', 'trunk' and
2026-10-07T20:52:59.3832609Z hint: 'development'. The just-created branch can be renamed via this command:
2026-10-07T20:52:59.3834147Z hint:
2026-10-07T20:52:59.3835071Z hint: 	git branch -m <name>
2026-10-07T20:52:59.3835972Z hint:
2026-10-07T20:52:59.3837056Z hint: Disable this message with "git config set advice.defaultBranchName false"
2026-10-07T20:52:59.3838561Z Initialized empty Git repository in /home/runner/work/leaddrive-v2/leaddrive-v2/.git/
2026-10-07T20:52:59.3845605Z [command]/usr/bin/git remote add origin https://github.com/rashadoni/leaddrive-v2
2026-10-07T20:52:59.3908741Z ##[endgroup]
2026-10-07T20:52:59.3910496Z ##[group]Disabling automatic garbage collection
2026-10-07T20:52:59.3912036Z [command]/usr/bin/git config --local gc.auto 0
2026-10-07T20:52:59.3944768Z ##[endgroup]
2026-10-07T20:52:59.3946292Z ##[group]Setting up auth
2026-10-07T20:52:59.3947629Z Removing SSH command configuration
2026-10-07T20:52:59.3952338Z [command]/usr/bin/git config --local --name-only --get-regexp core\.sshCommand
2026-10-07T20:52:59.3986234Z [command]/usr/bin/git submodule foreach --recursive sh -c "git config --local --name-only --get-regexp 'core\.sshCommand' && git config --local --unset-all 'core.sshCommand' || :"
2026-10-07T20:52:59.4396485Z Removing HTTP extra header
2026-10-07T20:52:59.4403286Z [command]/usr/bin/git config --local --name-only --get-regexp http\.https\:\/\/github\.com\/\.extraheader
2026-10-07T20:52:59.4439000Z [command]/usr/bin/git submodule foreach --recursive sh -c "git config --local --name-only --get-regexp 'http\.https\:\/\/github\.com\/\.extraheader' && git config --local --unset-all 'http.https://github.com/.extraheader' || :"
2026-10-07T20:52:59.4621723Z Removing includeIf entries pointing to credentials config files
2026-10-07T20:52:59.4628160Z [command]/usr/bin/git config --local --name-only --get-regexp ^includeIf\.gitdir:
2026-10-07T20:52:59.4659608Z [command]/usr/bin/git submodule foreach --recursive git config --local --show-origin --name-only --get-regexp remote.origin.url
2026-10-07T20:52:59.4854123Z [command]/usr/bin/git config --file /home/runner/work/_temp/git-credentials-3ca32def-163d-4fc4-82ad-dda0737aa7be.config http.https://github.com/.extraheader AUTHORIZATION: basic ***
2026-10-07T20:52:59.4889632Z [command]/usr/bin/git config --local includeIf.gitdir:/home/runner/work/leaddrive-v2/leaddrive-v2/.git.path /home/runner/work/_temp/git-credentials-3ca32def-163d-4fc4-82ad-dda0737aa7be.config
2026-10-07T20:52:59.4923831Z [command]/usr/bin/git config --local includeIf.gitdir:/home/runner/work/leaddrive-v2/leaddrive-v2/.git/worktrees/*.path /home/runner/work/_temp/git-credentials-3ca32def-163d-4fc4-82ad-dda0737aa7be.config
2026-10-07T20:52:59.4960446Z [command]/usr/bin/git config --local includeIf.gitdir:/github/workspace/.git.path /github/runner_temp/git-credentials-3ca32def-163d-4fc4-82ad-dda0737aa7be.config
2026-10-07T20:52:59.4992025Z [command]/usr/bin/git config --local includeIf.gitdir:/github/workspace/.git/worktrees/*.path /github/runner_temp/git-credentials-3ca32def-163d-4fc4-82ad-dda0737aa7be.config
2026-10-07T20:52:59.5027617Z ##[endgroup]
2026-10-07T20:52:59.5028582Z ##[group]Fetching the repository
2026-10-07T20:52:59.5035651Z [command]/usr/bin/git -c protocol.version=2 fetch --no-tags --prune --no-recurse-submodules --depth=1 origin +5638f1ea63c2818aef8be1b0c497eff718303388:refs/remotes/origin/codex/hrm-588-validation-20261005
2026-10-07T20:53:08.7942449Z From https://github.com/rashadoni/leaddrive-v2
2026-10-07T20:53:08.7943902Z  * [new ref]         5638f1ea63c2818aef8be1b0c497eff718303388 -> origin/codex/hrm-588-validation-20261005
2026-10-07T20:53:08.7951314Z [command]/usr/bin/git branch --list --remote origin/codex/hrm-588-validation-20261005
2026-10-07T20:53:08.7976890Z   origin/codex/hrm-588-validation-20261005
2026-10-07T20:53:08.7984754Z [command]/usr/bin/git rev-parse refs/remotes/origin/codex/hrm-588-validation-20261005
2026-10-07T20:53:08.8007246Z 5638f1ea63c2818aef8be1b0c497eff718303388
2026-10-07T20:53:08.8015406Z ##[endgroup]
2026-10-07T20:53:08.8016376Z ##[group]Determining the checkout info
2026-10-07T20:53:08.8017059Z ##[endgroup]
2026-10-07T20:53:08.8017565Z [command]/usr/bin/git sparse-checkout disable
2026-10-07T20:53:08.8431248Z [command]/usr/bin/git config --local --unset-all extensions.worktreeConfig
2026-10-07T20:53:08.8723028Z ##[group]Checking out the ref
2026-10-07T20:53:08.8728261Z [command]/usr/bin/git checkout --progress --force -B codex/hrm-588-validation-20261005 refs/remotes/origin/codex/hrm-588-validation-20261005
2026-10-07T20:53:10.3625277Z Updating files:  98% (8997/9138)
2026-10-07T20:53:10.9074434Z Updating files:  99% (9047/9138)
2026-10-07T20:53:10.9472331Z Updating files:  99% (9109/9138)
2026-10-07T20:53:10.9473160Z Updating files: 100% (9138/9138)
2026-10-07T20:53:10.9474357Z Updating files: 100% (9138/9138), done.
2026-10-07T20:53:10.9601327Z Switched to a new branch 'codex/hrm-588-validation-20261005'
2026-10-07T20:53:10.9608085Z branch 'codex/hrm-588-validation-20261005' set up to track 'origin/codex/hrm-588-validation-20261005'.
2026-10-07T20:53:10.9647439Z ##[endgroup]
2026-10-07T20:53:10.9699588Z [command]/usr/bin/git log -1 --format=%H
2026-10-07T20:53:10.9726658Z 5638f1ea63c2818aef8be1b0c497eff718303388
2026-10-07T20:53:10.9968229Z ##[group]Run [[ "$EXPECTED_HEAD" =~ ^[0-9a-f]{40}$ ]]
2026-10-07T20:53:10.9968764Z [36;1m[[ "$EXPECTED_HEAD" =~ ^[0-9a-f]{40}$ ]][0m
2026-10-07T20:53:10.9969375Z [36;1mtest "$(git rev-parse HEAD)" = "$EXPECTED_HEAD"[0m
2026-10-07T20:53:10.9969864Z [36;1mtest "$GITHUB_SHA" = "$EXPECTED_HEAD"[0m
2026-10-07T20:53:11.0170856Z shell: /usr/bin/bash -e {0}
2026-10-07T20:53:11.0171299Z env:
2026-10-07T20:53:11.0171779Z   EXPECTED_HEAD: 5638f1ea63c2818aef8be1b0c497eff718303388
2026-10-07T20:53:11.0172290Z ##[endgroup]
2026-10-07T20:53:11.0393970Z ##[group]Run actions/setup-node@v6
2026-10-07T20:53:11.0394363Z with:
2026-10-07T20:53:11.0394729Z   node-version: 20
2026-10-07T20:53:11.0395075Z   cache: npm
2026-10-07T20:53:11.0395395Z   check-latest: false
2026-10-07T20:53:11.0397687Z   token: ***
2026-10-07T20:53:11.0398019Z   package-manager-cache: true
2026-10-07T20:53:11.0398393Z ##[endgroup]
2026-10-07T20:53:11.1797221Z Attempting to download 20...
2026-10-07T20:53:11.9945148Z Acquiring 20.20.2 - x64 from https://github.com/actions/node-versions/releases/download/20.20.2-23521894959/node-20.20.2-linux-x64.tar.gz
2026-10-07T20:53:12.5148315Z Extracting ...
2026-10-07T20:53:12.5251200Z [command]/usr/bin/tar xz --strip 1 --warning=no-unknown-keyword --overwrite -C /home/runner/work/_temp/71a744a3-f330-4847-b31b-375ffc6b4368 -f /home/runner/work/_temp/64acf502-4287-4330-be3b-c1dd7f505670
2026-10-07T20:53:13.6249512Z Adding to the cache ...
2026-10-07T20:53:19.0586936Z ##[group]Environment details
2026-10-07T20:53:19.2728307Z node: v20.20.2
2026-10-07T20:53:19.2728801Z npm: 10.8.2
2026-10-07T20:53:19.2729324Z yarn: 1.22.22
2026-10-07T20:53:19.2730175Z ##[endgroup]
2026-10-07T20:53:19.2747078Z [command]/opt/hostedtoolcache/node/20.20.2/x64/bin/npm config get cache
2026-10-07T20:53:19.3744608Z /home/runner/.npm
2026-10-07T20:53:19.5418386Z Cache hit for: node-cache-Linux-x64-npm-88234482b20d7f7ee4d4f3291a8380559029a8e8cdd4d9981970afb493db5986
2026-10-07T20:53:20.7216591Z Received 96468992 of 408425166 (23.6%), 91.8 MBs/sec
2026-10-07T20:53:21.7218452Z Received 301989888 of 408425166 (73.9%), 143.9 MBs/sec
2026-10-07T20:53:22.3678363Z Received 408425166 of 408425166 (100.0%), 147.1 MBs/sec
2026-10-07T20:53:22.3679321Z Cache Size: ~390 MB (408425166 B)
2026-10-07T20:53:22.3801812Z [command]/usr/bin/tar -xf /home/runner/work/_temp/adcdd50e-d07f-4fa5-8411-a9cb06d2a793/cache.tzst -P -C /home/runner/work/leaddrive-v2/leaddrive-v2 --use-compress-program unzstd
2026-10-07T20:53:22.9219170Z Cache restored successfully
2026-10-07T20:53:22.9370834Z Cache restored from key: node-cache-Linux-x64-npm-88234482b20d7f7ee4d4f3291a8380559029a8e8cdd4d9981970afb493db5986
2026-10-07T20:53:23.1962441Z ##[group]Run npm ci
2026-10-07T20:53:23.1962852Z [36;1mnpm ci[0m
2026-10-07T20:53:23.2008071Z shell: /usr/bin/bash -e {0}
2026-10-07T20:53:23.2008633Z ##[endgroup]
2026-10-07T20:53:23.9424056Z npm warn EBADENGINE Unsupported engine {
2026-10-07T20:53:23.9425387Z npm warn EBADENGINE   package: '@mapbox/jsonlint-lines-primitives@2.0.3',
2026-10-07T20:53:23.9426377Z npm warn EBADENGINE   required: { node: '>= 22' },
2026-10-07T20:53:23.9427342Z npm warn EBADENGINE   current: { node: 'v20.20.2', npm: '10.8.2' }
2026-10-07T20:53:23.9428226Z npm warn EBADENGINE }
2026-10-07T20:53:33.0918134Z npm warn deprecated inflight@1.0.6: This module is not supported, and leaks memory. Do not use it. Check out lru-cache if you want a good and tested way to coalesce async requests by a key value, which is much more comprehensive and powerful.
2026-10-07T20:53:33.1915488Z npm warn deprecated rimraf@2.7.1: Rimraf versions prior to v4 are no longer supported
2026-10-07T20:53:33.2515127Z npm warn deprecated lodash.isequal@4.5.0: This package is deprecated. Use require('node:util').isDeepStrictEqual instead.
2026-10-07T20:53:33.3159568Z npm warn deprecated backbone-undo@0.2.6: Package no longer supported. Contact Support at https://www.npmjs.com/support for more info.
2026-10-07T20:53:33.4433274Z npm warn deprecated glob@7.2.3: Old versions of glob are not supported, and contain widely publicized security vulnerabilities, which have been fixed in the current version. Please update. Support for old versions may be purchased (at exorbitant rates) by contacting i@izs.me
2026-10-07T20:53:33.5159451Z npm warn deprecated scmp@2.1.0: Just use Node.js's crypto.timingSafeEqual()
2026-10-07T20:53:34.1970541Z npm warn deprecated fstream@1.0.12: This package is no longer supported.
2026-10-07T20:53:34.9799914Z npm warn deprecated node-domexception@1.0.0: Use your platform's native DOMException instead
2026-10-07T20:56:42.7314432Z 
2026-10-07T20:56:42.7318614Z added 1264 packages, and audited 1265 packages in 3m
2026-10-07T20:56:42.7319133Z 
2026-10-07T20:56:42.7319391Z 260 packages are looking for funding
2026-10-07T20:56:42.7319826Z   run `npm fund` for details
2026-10-07T20:56:43.0478831Z 
2026-10-07T20:56:43.0480147Z 82 vulnerabilities (46 moderate, 35 high, 1 critical)
2026-10-07T20:56:43.0480598Z 
2026-10-07T20:56:43.0481052Z To address issues that do not require attention, run:
2026-10-07T20:56:43.0481663Z   npm audit fix
2026-10-07T20:56:43.0481885Z 
2026-10-07T20:56:43.0482236Z To address all issues possible (including breaking changes), run:
2026-10-07T20:56:43.0482724Z   npm audit fix --force
2026-10-07T20:56:43.0482977Z 
2026-10-07T20:56:43.0483186Z Some issues need review, and may require choosing
2026-10-07T20:56:43.0483995Z a different dependency.
2026-10-07T20:56:43.0484161Z 
2026-10-07T20:56:43.0484398Z Run `npm audit` for details.
2026-10-07T20:56:43.1202208Z ##[group]Run npx prisma generate
2026-10-07T20:56:43.1202687Z [36;1mnpx prisma generate[0m
2026-10-07T20:56:43.1244124Z shell: /usr/bin/bash -e {0}
2026-10-07T20:56:43.1244613Z ##[endgroup]
2026-10-07T20:56:44.3953747Z Prisma schema loaded from prisma/schema.prisma
2026-10-07T20:59:33.4242160Z ┌─────────────────────────────────────────────────────────┐
2026-10-07T20:59:33.4248352Z │  Update available 6.19.3 -> 8.0.0-rc.21                 │
2026-10-07T20:59:33.4249016Z 
2026-10-07T20:59:33.4249516Z │                                                         │
2026-10-07T20:59:33.4250382Z │  This is a major update - please follow the guide at    │
2026-10-07T20:59:33.4251787Z │  https://pris.ly/d/major-version-upgrade                │
2026-10-07T20:59:33.4252644Z │                                                         │
2026-10-07T20:59:33.4253644Z │  Run the following to update                            │
2026-10-07T20:59:33.4254771Z │    npm i --save-dev prisma@latest                       │
2026-10-07T20:59:33.4255653Z │    npm i @prisma/client@latest                          │
2026-10-07T20:59:33.4256585Z └─────────────────────────────────────────────────────────┘
2026-10-07T20:59:33.4257667Z ✔ Generated Prisma Client (v6.19.3) to ./node_modules/@prisma/client in 157.36s
2026-10-07T20:59:33.4258220Z 
2026-10-07T20:59:33.4258822Z Start by importing your Prisma Client (See: https://pris.ly/d/importing-client)
2026-10-07T20:59:33.4259407Z 
2026-10-07T20:59:33.4260077Z Tip: Interested in query caching in just a few lines of code? Try Accelerate today! https://pris.ly/tip-3-accelerate
2026-10-07T20:59:33.4260820Z 
2026-10-07T20:59:33.5158787Z ##[group]Run bash scripts/ci/prepare-hosted-build-runner.sh
2026-10-07T20:59:33.5160486Z [36;1mbash scripts/ci/prepare-hosted-build-runner.sh[0m
2026-10-07T20:59:33.5202785Z shell: /usr/bin/bash -e {0}
2026-10-07T20:59:33.5203193Z env:
2026-10-07T20:59:33.5203640Z   LEADDRIVE_BUILD_MIN_BUDGET_KIB: 18874368
2026-10-07T20:59:33.5204091Z ##[endgroup]
2026-10-07T20:59:33.5851145Z                total        used        free      shared  buff/cache   available
2026-10-07T20:59:33.5852301Z Mem:            15Gi       1.3Gi       8.3Gi        48Mi       6.4Gi        14Gi
2026-10-07T20:59:33.5853712Z Swap:          7.0Gi          0B       7.0Gi
2026-10-07T20:59:33.5860789Z Filesystem      Size  Used Avail Use% Mounted on
2026-10-07T20:59:33.5861403Z /dev/root       145G   66G   79G  46% /
2026-10-07T20:59:33.5861859Z /dev/root       145G   66G   79G  46% /
2026-10-07T20:59:33.5862414Z /dev/root       145G   66G   79G  46% /
2026-10-07T20:59:33.5863902Z GitHub-hosted production-build budget ready: ram_kib=14982912 swap_free_kib=7340024 workspace_free_mib=80203 temp_free_mib=80203
2026-10-07T20:59:33.5902241Z ##[group]Run ulimit -c 0
2026-10-07T20:59:33.5902622Z [36;1mulimit -c 0[0m
2026-10-07T20:59:33.5902971Z [36;1mset +e[0m
2026-10-07T20:59:33.5903519Z [36;1mnpx tsc --noEmit 2>&1 | tee tsc-output.log[0m
2026-10-07T20:59:33.5903978Z [36;1mecho "${PIPESTATUS[0]}" > tsc-exit-code[0m
2026-10-07T20:59:33.5944333Z shell: /usr/bin/bash -e {0}
2026-10-07T20:59:33.5944750Z env:
2026-10-07T20:59:33.5945100Z   NODE_OPTIONS: --max-old-space-size=14336
2026-10-07T20:59:33.5945533Z ##[endgroup]
2026-10-07T21:17:23.8642064Z ##[error]src/__tests__/account-management-session-only.test.ts(132,60): error TS7006: Parameter 'callback' implicitly has an 'any' type.
2026-10-07T21:17:23.8752043Z ##[error]src/__tests__/account-management-session-only.test.ts(203,63): error TS7031: Binding element 'data' implicitly has an 'any' type.
2026-10-07T21:17:23.8755165Z ##[error]src/__tests__/account-management-session-only.test.ts(244,9): error TS7031: Binding element 'args' implicitly has an 'any' type.
2026-10-07T21:17:23.8774851Z ##[error]src/__tests__/api-account-engagement-handoff.test.ts(25,22): error TS2353: Object literal may only specify known properties, and 'findMany' does not exist in type '{ findFirst: (args: { where: { pipelineId: string; isActive: boolean; isWon: boolean; isLost: boolean; }; orderBy: { sortOrder: "asc"; }; select: { name: true; probability: true; }; }) => Promise<{ name: string; probability: number; } | null>; }'.
2026-10-07T21:17:23.8788524Z ##[error]src/__tests__/api-auth.test.ts(272,65): error TS7006: Parameter 'args' implicitly has an 'any' type.
2026-10-07T21:17:23.8791073Z ##[error]src/__tests__/api-auth.test.ts(301,64): error TS7006: Parameter 'args' implicitly has an 'any' type.
2026-10-07T21:17:23.8793221Z ##[error]src/__tests__/api-auth.test.ts(306,65): error TS7006: Parameter 'args' implicitly has an 'any' type.
2026-10-07T21:17:23.8797838Z ##[error]src/__tests__/api-calls.test.ts(1125,72): error TS7006: Parameter 'args' implicitly has an 'any' type.
2026-10-07T21:17:23.8800667Z ##[error]src/__tests__/api-calls.test.ts(1145,72): error TS7006: Parameter 'args' implicitly has an 'any' type.
2026-10-07T21:17:23.8803036Z ##[error]src/__tests__/api-calls.test.ts(1315,76): error TS7031: Binding element 'args' implicitly has an 'any' type.
2026-10-07T21:17:23.8809815Z ##[error]src/__tests__/api-finance-funds.test.ts(75,60): error TS7006: Parameter 'callback' implicitly has an 'any' type.
2026-10-07T21:17:23.8812891Z ##[error]src/__tests__/api-finance-funds.test.ts(150,76): error TS2737: BigInt literals are not available when targeting lower than ES2020.
2026-10-07T21:17:23.8815833Z ##[error]src/__tests__/api-finance-funds.test.ts(271,76): error TS2737: BigInt literals are not available when targeting lower than ES2020.
2026-10-07T21:17:23.8818389Z ##[error]src/__tests__/api-finance-funds.test.ts(291,76): error TS2737: BigInt literals are not available when targeting lower than ES2020.
2026-10-07T21:17:23.8820871Z ##[error]src/__tests__/api-finance-funds.test.ts(502,49): error TS2737: BigInt literals are not available when targeting lower than ES2020.
2026-10-07T21:17:23.8826141Z ##[error]src/__tests__/api-finance.test.ts(330,76): error TS2737: BigInt literals are not available when targeting lower than ES2020.
2026-10-07T21:17:23.8830890Z ##[error]src/__tests__/api-inbox-conversation-trash.test.ts(44,42): error TS2493: Tuple type '[]' of length '0' has no element at index '0'.
2026-10-07T21:17:23.8833464Z ##[error]src/__tests__/api-inbox-conversation-trash.test.ts(45,12): error TS18048: 'read' is possibly 'undefined'.
2026-10-07T21:17:23.8837797Z ##[error]src/__tests__/api-inbox-conversation-trash.test.ts(46,12): error TS18048: 'read' is possibly 'undefined'.
2026-10-07T21:17:23.8839909Z ##[error]src/__tests__/api-inbox-conversation-trash.test.ts(47,21): error TS2532: Object is possibly 'undefined'.
2026-10-07T21:17:23.8842175Z ##[error]src/__tests__/api-inbox-conversation-trash.test.ts(47,42): error TS2493: Tuple type '[]' of length '0' has no element at index '0'.
2026-10-07T21:17:23.8845181Z ##[error]src/__tests__/api-inbox-conversation-trash.test.ts(72,43): error TS2493: Tuple type '[]' of length '0' has no element at index '0'.
2026-10-07T21:17:23.8847563Z ##[error]src/__tests__/api-inbox-conversation-trash.test.ts(73,12): error TS18048: 'args' is possibly 'undefined'.
2026-10-07T21:17:23.8849762Z ##[error]src/__tests__/api-inbox-conversation-trash.test.ts(74,12): error TS18048: 'args' is possibly 'undefined'.
2026-10-07T21:17:23.8851948Z ##[error]src/__tests__/api-inbox-conversation-trash.test.ts(76,12): error TS18048: 'args' is possibly 'undefined'.
2026-10-07T21:17:23.8854390Z ##[error]src/__tests__/api-inbox-conversation-trash.test.ts(129,18): error TS2532: Object is possibly 'undefined'.
2026-10-07T21:17:23.8856878Z ##[error]src/__tests__/api-inbox-conversation-trash.test.ts(129,39): error TS2493: Tuple type '[]' of length '0' has no element at index '0'.
2026-10-07T21:17:23.8861674Z ##[error]src/__tests__/api-misc-entities.test.ts(94,60): error TS7006: Parameter 'callback' implicitly has an 'any' type.
2026-10-07T21:17:23.8866271Z ##[error]src/__tests__/api-mtm-activity.test.ts(314,63): error TS7031: Binding element 'arg' implicitly has an 'any' type.
2026-10-07T21:17:23.8870805Z ##[error]src/__tests__/api-mtm-locations.test.ts(638,7): error TS2322: Type '"user"' is not assignable to type 'Role'.
2026-10-07T21:17:23.8873162Z ##[error]src/__tests__/api-mtm-locations.test.ts(659,7): error TS2322: Type '"user"' is not assignable to type 'Role'.
2026-10-07T21:17:23.8875590Z ##[error]src/__tests__/api-mtm-locations.test.ts(685,9): error TS2322: Type '"user"' is not assignable to type 'Role'.
2026-10-07T21:17:23.8880585Z ##[error]src/__tests__/api-mtm-mobile-bootstrap.test.ts(221,79): error TS7006: Parameter 'args' implicitly has an 'any' type.
2026-10-07T21:17:23.8883190Z ##[error]src/__tests__/api-mtm-mobile-bootstrap.test.ts(226,93): error TS2737: BigInt literals are not available when targeting lower than ES2020.
2026-10-07T21:17:23.8885965Z ##[error]src/__tests__/api-mtm-mobile-bootstrap.test.ts(240,79): error TS7006: Parameter 'args' implicitly has an 'any' type.
2026-10-07T21:17:23.8888202Z ##[error]src/__tests__/api-mtm-mobile-bootstrap.test.ts(245,84): error TS7006: Parameter 'args' implicitly has an 'any' type.
2026-10-07T21:17:23.8890750Z ##[error]src/__tests__/api-mtm-mobile-bootstrap.test.ts(246,85): error TS2737: BigInt literals are not available when targeting lower than ES2020.
2026-10-07T21:17:23.8893544Z ##[error]src/__tests__/api-mtm-mobile-bootstrap.test.ts(246,90): error TS2737: BigInt literals are not available when targeting lower than ES2020.
2026-10-07T21:17:23.8896028Z ##[error]src/__tests__/api-mtm-mobile-bootstrap.test.ts(266,79): error TS7006: Parameter 'args' implicitly has an 'any' type.
2026-10-07T21:17:23.8898276Z ##[error]src/__tests__/api-mtm-mobile-bootstrap.test.ts(271,84): error TS7006: Parameter 'args' implicitly has an 'any' type.
2026-10-07T21:17:23.8900841Z ##[error]src/__tests__/api-mtm-mobile-bootstrap.test.ts(273,28): error TS2737: BigInt literals are not available when targeting lower than ES2020.
2026-10-07T21:17:23.8903302Z ##[error]src/__tests__/api-mtm-mobile-bootstrap.test.ts(293,79): error TS7006: Parameter 'args' implicitly has an 'any' type.
2026-10-07T21:17:23.8905941Z ##[error]src/__tests__/api-mtm-mobile-bootstrap.test.ts(309,79): error TS7006: Parameter 'args' implicitly has an 'any' type.
2026-10-07T21:17:23.8910805Z ##[error]src/__tests__/api-mtm-mobile-sync-v2-routes.test.ts(48,13): error TS2737: BigInt literals are not available when targeting lower than ES2020.
2026-10-07T21:17:23.8914128Z ##[error]src/__tests__/api-mtm-mobile-sync-v2-routes.test.ts(49,27): error TS2737: BigInt literals are not available when targeting lower than ES2020.
2026-10-07T21:17:23.8916844Z ##[error]src/__tests__/api-mtm-mobile-sync-v2-routes.test.ts(53,37): error TS2737: BigInt literals are not available when targeting lower than ES2020.
2026-10-07T21:17:23.8919530Z ##[error]src/__tests__/api-mtm-mobile-sync-v2-routes.test.ts(260,70): error TS7006: Parameter 'call' implicitly has an 'any' type.
2026-10-07T21:17:23.8922043Z ##[error]src/__tests__/api-mtm-mobile-sync-v2-routes.test.ts(297,25): error TS2737: BigInt literals are not available when targeting lower than ES2020.
2026-10-07T21:17:23.8924972Z ##[error]src/__tests__/api-mtm-mobile-sync-v2-routes.test.ts(298,22): error TS2737: BigInt literals are not available when targeting lower than ES2020.
2026-10-07T21:17:23.8927705Z ##[error]src/__tests__/api-mtm-mobile-sync-v2-routes.test.ts(373,25): error TS2737: BigInt literals are not available when targeting lower than ES2020.
2026-10-07T21:17:23.8930426Z ##[error]src/__tests__/api-mtm-mobile-sync-v2-routes.test.ts(374,22): error TS2737: BigInt literals are not available when targeting lower than ES2020.
2026-10-07T21:17:23.8933044Z ##[error]src/__tests__/api-mtm-mobile-sync-v2-routes.test.ts(413,22): error TS2737: BigInt literals are not available when targeting lower than ES2020.
2026-10-07T21:17:23.8935903Z ##[error]src/__tests__/api-mtm-mobile-sync-v2-routes.test.ts(420,68): error TS2737: BigInt literals are not available when targeting lower than ES2020.
2026-10-07T21:17:23.8938613Z ##[error]src/__tests__/api-mtm-mobile-sync-v2-routes.test.ts(440,17): error TS2737: BigInt literals are not available when targeting lower than ES2020.
2026-10-07T21:17:23.8941415Z ##[error]src/__tests__/api-mtm-mobile-sync-v2-routes.test.ts(441,22): error TS2737: BigInt literals are not available when targeting lower than ES2020.
2026-10-07T21:17:23.8944143Z ##[error]src/__tests__/api-mtm-mobile-sync-v2-routes.test.ts(453,17): error TS2737: BigInt literals are not available when targeting lower than ES2020.
2026-10-07T21:17:23.8946837Z ##[error]src/__tests__/api-mtm-mobile-sync-v2-routes.test.ts(454,31): error TS2737: BigInt literals are not available when targeting lower than ES2020.
2026-10-07T21:17:23.8949418Z ##[error]src/__tests__/api-mtm-mobile-sync-v2-routes.test.ts(464,17): error TS2737: BigInt literals are not available when targeting lower than ES2020.
2026-10-07T21:17:23.8952296Z ##[error]src/__tests__/api-mtm-mobile-sync-v2-routes.test.ts(465,22): error TS2737: BigInt literals are not available when targeting lower than ES2020.
2026-10-07T21:17:23.8955231Z ##[error]src/__tests__/api-mtm-mobile-sync-v2-routes.test.ts(480,46): error TS2737: BigInt literals are not available when targeting lower than ES2020.
2026-10-07T21:17:23.8958103Z ##[error]src/__tests__/api-mtm-mobile-sync-v2-routes.test.ts(489,17): error TS2737: BigInt literals are not available when targeting lower than ES2020.
2026-10-07T21:17:23.8961238Z ##[error]src/__tests__/api-mtm-mobile-sync-v2-routes.test.ts(490,22): error TS2737: BigInt literals are not available when targeting lower than ES2020.
2026-10-07T21:17:23.8964138Z ##[error]src/__tests__/api-mtm-mobile-sync-v2-routes.test.ts(512,17): error TS2737: BigInt literals are not available when targeting lower than ES2020.
2026-10-07T21:17:23.8966927Z ##[error]src/__tests__/api-mtm-mobile-sync-v2-routes.test.ts(513,22): error TS2737: BigInt literals are not available when targeting lower than ES2020.
2026-10-07T21:17:23.8969849Z ##[error]src/__tests__/api-mtm-mobile-sync-v2-routes.test.ts(530,43): error TS2737: BigInt literals are not available when targeting lower than ES2020.
2026-10-07T21:17:23.8972557Z ##[error]src/__tests__/api-mtm-mobile-sync-v2-routes.test.ts(533,17): error TS2737: BigInt literals are not available when targeting lower than ES2020.
2026-10-07T21:17:23.8980516Z ##[error]src/__tests__/api-mtm-mobile-sync-v2-routes.test.ts(547,17): error TS2737: BigInt literals are not available when targeting lower than ES2020.
2026-10-07T21:17:23.8987672Z ##[error]src/__tests__/api-mtm-mobile-sync-v2-routes.test.ts(548,22): error TS2737: BigInt literals are not available when targeting lower than ES2020.
2026-10-07T21:17:23.8990328Z ##[error]src/__tests__/api-mtm-mobile-sync-v2-routes.test.ts(577,43): error TS2737: BigInt literals are not available when targeting lower than ES2020.
2026-10-07T21:17:23.8993183Z ##[error]src/__tests__/api-mtm-mobile-sync-v2-routes.test.ts(583,17): error TS2737: BigInt literals are not available when targeting lower than ES2020.
2026-10-07T21:17:23.8996686Z ##[error]src/__tests__/api-mtm-mobile-sync-v2-routes.test.ts(598,17): error TS2737: BigInt literals are not available when targeting lower than ES2020.
2026-10-07T21:17:23.8999307Z ##[error]src/__tests__/api-mtm-mobile-sync-v2-routes.test.ts(599,22): error TS2737: BigInt literals are not available when targeting lower than ES2020.
2026-10-07T21:17:23.9001883Z ##[error]src/__tests__/api-mtm-mobile-sync-v2-routes.test.ts(617,25): error TS2737: BigInt literals are not available when targeting lower than ES2020.
2026-10-07T21:17:23.9004547Z ##[error]src/__tests__/api-mtm-mobile-sync-v2-routes.test.ts(617,34): error TS2737: BigInt literals are not available when targeting lower than ES2020.
2026-10-07T21:17:23.9009679Z ##[error]src/__tests__/api-mtm-mobile-sync-v2-stream-isolation.test.ts(60,15): error TS2737: BigInt literals are not available when targeting lower than ES2020.
2026-10-07T21:17:23.9012933Z ##[error]src/__tests__/api-mtm-mobile-sync-v2-stream-isolation.test.ts(61,29): error TS2737: BigInt literals are not available when targeting lower than ES2020.
2026-10-07T21:17:23.9015829Z ##[error]src/__tests__/api-mtm-mobile-sync-v2-stream-isolation.test.ts(71,67): error TS2737: BigInt literals are not available when targeting lower than ES2020.
2026-10-07T21:17:23.9020880Z ##[error]src/__tests__/api-mtm-mobile-sync-v2-visits-tasks.test.ts(117,82): error TS2737: BigInt literals are not available when targeting lower than ES2020.
2026-10-07T21:17:23.9023970Z ##[error]src/__tests__/api-mtm-mobile-sync-v2-visits-tasks.test.ts(117,110): error TS2737: BigInt literals are not available when targeting lower than ES2020.
2026-10-07T21:17:23.9026921Z ##[error]src/__tests__/api-mtm-mobile-sync-v2-visits-tasks.test.ts(126,67): error TS2737: BigInt literals are not available when targeting lower than ES2020.
2026-10-07T21:17:23.9029920Z ##[error]src/__tests__/api-mtm-mobile-sync-v2-visits-tasks.test.ts(213,84): error TS2737: BigInt literals are not available when targeting lower than ES2020.
2026-10-07T21:17:23.9032749Z ##[error]src/__tests__/api-mtm-mobile-sync-v2-visits-tasks.test.ts(213,112): error TS2737: BigInt literals are not available when targeting lower than ES2020.
2026-10-07T21:17:23.9035678Z ##[error]src/__tests__/api-mtm-mobile-sync-v2-visits-tasks.test.ts(215,17): error TS2737: BigInt literals are not available when targeting lower than ES2020.
2026-10-07T21:17:23.9038395Z ##[error]src/__tests__/api-mtm-mobile-sync-v2-visits-tasks.test.ts(222,17): error TS2737: BigInt literals are not available when targeting lower than ES2020.
2026-10-07T21:17:23.9041061Z ##[error]src/__tests__/api-mtm-mobile-sync-v2-visits-tasks.test.ts(231,17): error TS2737: BigInt literals are not available when targeting lower than ES2020.
2026-10-07T21:17:23.9043936Z ##[error]src/__tests__/api-mtm-mobile-sync-v2-visits-tasks.test.ts(232,22): error TS2737: BigInt literals are not available when targeting lower than ES2020.
2026-10-07T21:17:23.9046749Z ##[error]src/__tests__/api-mtm-mobile-sync-v2-visits-tasks.test.ts(256,22): error TS2737: BigInt literals are not available when targeting lower than ES2020.
2026-10-07T21:17:23.9051654Z ##[error]src/__tests__/api-mtm-mobile-sync-v2-workforce.test.ts(91,82): error TS2737: BigInt literals are not available when targeting lower than ES2020.
2026-10-07T21:17:23.9054525Z ##[error]src/__tests__/api-mtm-mobile-sync-v2-workforce.test.ts(91,110): error TS2737: BigInt literals are not available when targeting lower than ES2020.
2026-10-07T21:17:23.9057317Z ##[error]src/__tests__/api-mtm-mobile-sync-v2-workforce.test.ts(99,67): error TS2737: BigInt literals are not available when targeting lower than ES2020.
2026-10-07T21:17:23.9060013Z ##[error]src/__tests__/api-mtm-mobile-sync-v2-workforce.test.ts(161,84): error TS2737: BigInt literals are not available when targeting lower than ES2020.
2026-10-07T21:17:23.9062819Z ##[error]src/__tests__/api-mtm-mobile-sync-v2-workforce.test.ts(161,112): error TS2737: BigInt literals are not available when targeting lower than ES2020.
2026-10-07T21:17:23.9065676Z ##[error]src/__tests__/api-mtm-mobile-sync-v2-workforce.test.ts(163,17): error TS2737: BigInt literals are not available when targeting lower than ES2020.
2026-10-07T21:17:23.9068473Z ##[error]src/__tests__/api-mtm-mobile-sync-v2-workforce.test.ts(170,17): error TS2737: BigInt literals are not available when targeting lower than ES2020.
2026-10-07T21:17:23.9071205Z ##[error]src/__tests__/api-mtm-mobile-sync-v2-workforce.test.ts(179,17): error TS2737: BigInt literals are not available when targeting lower than ES2020.
2026-10-07T21:17:23.9073911Z ##[error]src/__tests__/api-mtm-mobile-sync-v2-workforce.test.ts(180,22): error TS2737: BigInt literals are not available when targeting lower than ES2020.
2026-10-07T21:17:23.9076557Z ##[error]src/__tests__/api-mtm-mobile-sync-v2-workforce.test.ts(204,22): error TS2737: BigInt literals are not available when targeting lower than ES2020.
2026-10-07T21:17:23.9079197Z ##[error]src/__tests__/api-mtm-mobile-sync.test.ts(3713,81): error TS7006: Parameter 'call' implicitly has an 'any' type.
2026-10-07T21:17:23.9081636Z ##[error]src/__tests__/api-mtm-mobile-sync.test.ts(3758,33): error TS7006: Parameter 'row' implicitly has an 'any' type.
2026-10-07T21:17:23.9083956Z ##[error]src/__tests__/api-mtm-mobile-sync.test.ts(3799,13): error TS7006: Parameter 'call' implicitly has an 'any' type.
2026-10-07T21:17:23.9086275Z ##[error]src/__tests__/api-mtm-mobile-sync.test.ts(3800,16): error TS7006: Parameter 'text' implicitly has an 'any' type.
2026-10-07T21:17:23.9088432Z ##[error]src/__tests__/api-mtm-mobile-sync.test.ts(3860,30): error TS7006: Parameter 'row' implicitly has an 'any' type.
2026-10-07T21:17:23.9090792Z ##[error]src/__tests__/api-mtm-route-candidates.test.ts(546,7): error TS2322: Type '"employee"' is not assignable to type 'Role'.
2026-10-07T21:17:23.9093153Z ##[error]src/__tests__/api-mtm-route-published-edit.test.ts(201,13): error TS7006: Parameter 'call' implicitly has an 'any' type.
2026-10-07T21:17:23.9095912Z ##[error]src/__tests__/api-mtm-route-published-edit.test.ts(201,19): error TS7006: Parameter 'index' implicitly has an 'any' type.
2026-10-07T21:17:23.9098148Z ##[error]src/__tests__/api-mtm-route-published-edit.test.ts(202,16): error TS7006: Parameter 'call' implicitly has an 'any' type.
2026-10-07T21:17:23.9100400Z ##[error]src/__tests__/api-mtm-route-published-edit.test.ts(203,28): error TS7006: Parameter 'call' implicitly has an 'any' type.
2026-10-07T21:17:23.9104973Z ##[error]src/__tests__/api-mtm-task-swm14.test.ts(377,14): error TS7031: Binding element 'template' implicitly has an 'any' type.
2026-10-07T21:17:23.9107429Z ##[error]src/__tests__/api-mtm-task-swm14.test.ts(378,14): error TS7006: Parameter 'sql' implicitly has an 'any' type.
2026-10-07T21:17:23.9109650Z ##[error]src/__tests__/api-mtm-task-swm14.test.ts(383,66): error TS7031: Binding element 'call' implicitly has an 'any' type.
2026-10-07T21:17:23.9112144Z ##[error]src/__tests__/api-mtm-task-swm14.test.ts(1017,88): error TS7006: Parameter 'call' implicitly has an 'any' type.
2026-10-07T21:17:23.9114663Z ##[error]src/__tests__/api-mtm-week.test.ts(1832,15): error TS7031: Binding element 'query' implicitly has an 'any' type.
2026-10-07T21:17:23.9118539Z ##[error]src/__tests__/api-settings-call-tasks.test.ts(40,33): error TS2352: Conversion of type 'never[]' to type '[string[], string[]]' may be a mistake because neither type sufficiently overlaps with the other. If this was intentional, convert the expression to 'unknown' first.
2026-10-07T21:17:23.9121358Z   Target requires 2 element(s) but source may have fewer.
2026-10-07T21:17:23.9128425Z ##[error]src/__tests__/api-settings-voice-budget.test.ts(37,12): error TS2532: Object is possibly 'undefined'.
2026-10-07T21:17:23.9131094Z ##[error]src/__tests__/api-settings-voice-budget.test.ts(37,33): error TS2493: Tuple type '[]' of length '0' has no element at index '0'.
2026-10-07T21:17:23.9133638Z ##[error]src/__tests__/api-settings-voice-budget.test.ts(54,22): error TS2532: Object is possibly 'undefined'.
2026-10-07T21:17:23.9136035Z ##[error]src/__tests__/api-settings-voice-budget.test.ts(54,43): error TS2493: Tuple type '[]' of length '0' has no element at index '0'.
2026-10-07T21:17:23.9139397Z ##[error]src/__tests__/api-social-facebook-native-search-worker.test.ts(273,7): error TS2353: Object literal may only specify known properties, and 'reason' does not exist in type '{ allowed: boolean; value: unknown; }'.
2026-10-07T21:17:23.9142535Z ##[error]src/__tests__/api-social-monitoring-profile-logo.test.ts(91,20): error TS2322: Type 'Uint8Array<ArrayBufferLike>' is not assignable to type 'BlobPart'.
2026-10-07T21:17:23.9144730Z   Type 'Uint8Array<ArrayBufferLike>' is not assignable to type 'ArrayBufferView<ArrayBuffer>'.
2026-10-07T21:17:23.9145573Z     Types of property 'buffer' are incompatible.
2026-10-07T21:17:23.9146288Z       Type 'ArrayBufferLike' is not assignable to type 'ArrayBuffer'.
2026-10-07T21:17:23.9147496Z         Type 'SharedArrayBuffer' is missing the following properties from type 'ArrayBuffer': resizable, resize, detached, transfer, transferToFixedLength
2026-10-07T21:17:23.9149337Z ##[error]src/__tests__/api-tickets.test.ts(275,72): error TS7006: Parameter 'call' implicitly has an 'any' type.
2026-10-07T21:17:23.9151450Z ##[error]src/__tests__/api-tickets.test.ts(276,32): error TS7006: Parameter 'where' implicitly has an 'any' type.
2026-10-07T21:17:23.9156488Z ##[error]src/__tests__/api-users-me-avatar.test.ts(104,20): error TS2322: Type 'Uint8Array<ArrayBufferLike>' is not assignable to type 'BlobPart'.
2026-10-07T21:17:23.9158434Z   Type 'Uint8Array<ArrayBufferLike>' is not assignable to type 'ArrayBufferView<ArrayBuffer>'.
2026-10-07T21:17:23.9159315Z     Types of property 'buffer' are incompatible.
2026-10-07T21:17:23.9160007Z       Type 'ArrayBufferLike' is not assignable to type 'ArrayBuffer'.
2026-10-07T21:17:23.9161291Z         Type 'SharedArrayBuffer' is missing the following properties from type 'ArrayBuffer': resizable, resize, detached, transfer, transferToFixedLength
2026-10-07T21:17:23.9164037Z ##[error]src/__tests__/api-workforce-configuration-access-grants.test.ts(31,35): error TS2502: 'auth' is referenced directly or indirectly in its own type annotation.
2026-10-07T21:17:23.9167077Z ##[error]src/__tests__/api-workforce-configuration-access-grants.test.ts(34,41): error TS2502: 'auth' is referenced directly or indirectly in its own type annotation.
2026-10-07T21:17:23.9175021Z ##[error]src/__tests__/auth-session-invalidation.test.ts(231,47): error TS2345: Argument of type '{ totpEnabled: boolean; id: string; email: string; name: string; role: string; organizationId: string; passwordHash: string; passwordChangedAt: Date; isActive: boolean; smsAuthEnabled: boolean; require2fa: boolean; verifiedPhone: null; organization: { ...; }; } | { ...; }' is not assignable to parameter of type '{ id: string; email: string; name: string; role: string; organizationId: string; passwordHash: string; passwordChangedAt: Date; isActive: boolean; totpEnabled: boolean; smsAuthEnabled: boolean; require2fa: boolean; verifiedPhone: null; organization: { ...; }; } | undefined'.
2026-10-07T21:17:23.9182426Z   Type '{ smsAuthEnabled: boolean; verifiedPhone: string; id: string; email: string; name: string; role: string; organizationId: string; passwordHash: string; passwordChangedAt: Date; isActive: boolean; totpEnabled: boolean; require2fa: boolean; organization: { ...; }; }' is not assignable to type '{ id: string; email: string; name: string; role: string; organizationId: string; passwordHash: string; passwordChangedAt: Date; isActive: boolean; totpEnabled: boolean; smsAuthEnabled: boolean; require2fa: boolean; verifiedPhone: null; organization: { ...; }; }'.
2026-10-07T21:17:23.9185501Z     Types of property 'verifiedPhone' are incompatible.
2026-10-07T21:17:23.9186213Z       Type 'string' is not assignable to type 'null'.
2026-10-07T21:17:23.9190506Z ##[error]src/__tests__/demo-center-admin-api.test.ts(70,60): error TS7006: Parameter 'callback' implicitly has an 'any' type.
2026-10-07T21:17:23.9192975Z ##[error]src/__tests__/demo-center-api.test.ts(74,60): error TS7006: Parameter 'callback' implicitly has an 'any' type.
2026-10-07T21:17:23.9195559Z ##[error]src/__tests__/demo-center-db-constraints.test.ts(136,24): error TS7006: Parameter 'event' implicitly has an 'any' type.
2026-10-07T21:17:23.9199874Z ##[error]src/__tests__/demo-journey-telemetry.test.ts(194,62): error TS7006: Parameter 'callback' implicitly has an 'any' type.
2026-10-07T21:17:23.9204711Z ##[error]src/__tests__/lib-ai-voice-action-intent.test.ts(116,49): error TS2737: BigInt literals are not available when targeting lower than ES2020.
2026-10-07T21:17:23.9207454Z ##[error]src/__tests__/lib-event-platform-foundation.test.ts(333,69): error TS2737: BigInt literals are not available when targeting lower than ES2020.
2026-10-07T21:17:23.9210091Z ##[error]src/__tests__/lib-event-platform-foundation.test.ts(365,25): error TS2737: BigInt literals are not available when targeting lower than ES2020.
2026-10-07T21:17:23.9213152Z ##[error]src/__tests__/lib-event-platform-foundation.test.ts(442,21): error TS2737: BigInt literals are not available when targeting lower than ES2020.
2026-10-07T21:17:23.9224896Z ##[error]src/__tests__/lib-event-platform-postgres.test.ts(54,41): error TS2737: BigInt literals are not available when targeting lower than ES2020.
2026-10-07T21:17:23.9227810Z ##[error]src/__tests__/lib-event-platform-postgres.test.ts(55,42): error TS2737: BigInt literals are not available when targeting lower than ES2020.
2026-10-07T21:17:23.9230648Z ##[error]src/__tests__/lib-event-platform-postgres.test.ts(70,25): error TS2737: BigInt literals are not available when targeting lower than ES2020.
2026-10-07T21:17:23.9233320Z ##[error]src/__tests__/lib-event-platform-postgres.test.ts(98,21): error TS2737: BigInt literals are not available when targeting lower than ES2020.
2026-10-07T21:17:23.9236453Z ##[error]src/__tests__/lib-event-platform-postgres.test.ts(99,20): error TS2737: BigInt literals are not available when targeting lower than ES2020.
2026-10-07T21:17:23.9238993Z ##[error]src/__tests__/lib-event-platform-postgres.test.ts(100,21): error TS2737: BigInt literals are not available when targeting lower than ES2020.
2026-10-07T21:17:23.9241687Z ##[error]src/__tests__/lib-event-platform-postgres.test.ts(101,22): error TS2737: BigInt literals are not available when targeting lower than ES2020.
2026-10-07T21:17:23.9244533Z ##[error]src/__tests__/lib-event-platform-postgres.test.ts(108,25): error TS2737: BigInt literals are not available when targeting lower than ES2020.
2026-10-07T21:17:23.9247287Z ##[error]src/__tests__/lib-event-platform-postgres.test.ts(111,25): error TS2737: BigInt literals are not available when targeting lower than ES2020.
2026-10-07T21:17:23.9252282Z ##[error]src/__tests__/lib-event-platform-projection.test.ts(78,21): error TS2737: BigInt literals are not available when targeting lower than ES2020.
2026-10-07T21:17:23.9255192Z ##[error]src/__tests__/lib-event-platform-projection.test.ts(89,21): error TS2737: BigInt literals are not available when targeting lower than ES2020.
2026-10-07T21:17:23.9257900Z ##[error]src/__tests__/lib-event-platform-projection.test.ts(106,64): error TS2737: BigInt literals are not available when targeting lower than ES2020.
2026-10-07T21:17:23.9260878Z ##[error]src/__tests__/lib-event-platform-projection.test.ts(115,34): error TS2737: BigInt literals are not available when targeting lower than ES2020.
2026-10-07T21:17:23.9263762Z ##[error]src/__tests__/lib-event-platform-projection.test.ts(137,32): error TS2737: BigInt literals are not available when targeting lower than ES2020.
2026-10-07T21:17:23.9267496Z ##[error]src/__tests__/lib-i18n-keys.test.ts(102,11): error TS7022: 'child' implicitly has type 'any' because it does not have a type annotation and is referenced directly or indirectly in its own initializer.
2026-10-07T21:17:23.9270848Z ##[error]src/__tests__/lib-inbound-name-sanitization.test.ts(82,33): error TS2345: Argument of type 'Request' is not assignable to parameter of type 'NextRequest'.
2026-10-07T21:17:23.9273086Z   Type 'Request' is missing the following properties from type 'NextRequest': cookies, nextUrl, page, ua
2026-10-07T21:17:23.9275262Z ##[error]src/__tests__/lib-inbound-name-sanitization.test.ts(93,33): error TS2345: Argument of type 'Request' is not assignable to parameter of type 'NextRequest'.
2026-10-07T21:17:23.9277461Z   Type 'Request' is missing the following properties from type 'NextRequest': cookies, nextUrl, page, ua
2026-10-07T21:17:23.9279347Z ##[error]src/__tests__/lib-inbound-name-sanitization.test.ts(105,35): error TS2345: Argument of type 'Request' is not assignable to parameter of type 'NextRequest'.
2026-10-07T21:17:23.9281370Z   Type 'Request' is missing the following properties from type 'NextRequest': cookies, nextUrl, page, ua
2026-10-07T21:17:23.9283277Z ##[error]src/__tests__/lib-inbound-name-sanitization.test.ts(112,33): error TS2345: Argument of type 'Request' is not assignable to parameter of type 'NextRequest'.
2026-10-07T21:17:23.9285479Z   Type 'Request' is missing the following properties from type 'NextRequest': cookies, nextUrl, page, ua
2026-10-07T21:17:23.9288673Z ##[error]src/__tests__/lib-job-cursor.test.ts(43,21): error TS2352: Conversion of type 'undefined' to type 'TemplateStringsArray' may be a mistake because neither type sufficiently overlaps with the other. If this was intentional, convert the expression to 'unknown' first.
2026-10-07T21:17:23.9292036Z ##[error]src/__tests__/lib-job-cursor.test.ts(43,47): error TS2493: Tuple type '[]' of length '0' has no element at index '0'.
2026-10-07T21:17:23.9294806Z ##[error]src/__tests__/lib-mtm-mobile-capability-manifest.test.ts(110,58): error TS2737: BigInt literals are not available when targeting lower than ES2020.
2026-10-07T21:17:23.9297583Z ##[error]src/__tests__/lib-mtm-mobile-capability-manifest.test.ts(173,24): error TS2737: BigInt literals are not available when targeting lower than ES2020.
2026-10-07T21:17:23.9300571Z ##[error]src/__tests__/lib-mtm-mobile-capability-manifest.test.ts(193,58): error TS2737: BigInt literals are not available when targeting lower than ES2020.
2026-10-07T21:17:23.9303314Z ##[error]src/__tests__/lib-mtm-mobile-capability-manifest.test.ts(194,57): error TS2737: BigInt literals are not available when targeting lower than ES2020.
2026-10-07T21:17:23.9305623Z ##[error]src/__tests__/lib-mtm-mobile-capability-manifest.test.ts(218,62): error TS2737: BigInt literals are not available when targeting lower than ES2020.
2026-10-07T21:17:23.9307428Z ##[error]src/__tests__/lib-mtm-mobile-route-command.test.ts(924,13): error TS7006: Parameter 'call' implicitly has an 'any' type.
2026-10-07T21:17:23.9309128Z ##[error]src/__tests__/lib-mtm-mobile-route-command.test.ts(924,19): error TS7006: Parameter 'index' implicitly has an 'any' type.
2026-10-07T21:17:23.9310764Z ##[error]src/__tests__/lib-mtm-mobile-route-command.test.ts(925,16): error TS7006: Parameter 'call' implicitly has an 'any' type.
2026-10-07T21:17:23.9312899Z ##[error]src/__tests__/lib-mtm-mobile-route-command.test.ts(926,34): error TS7006: Parameter 'call' implicitly has an 'any' type.
2026-10-07T21:17:23.9317547Z ##[error]src/__tests__/lib-mtm-mobile-sync-v2-retention.test.ts(39,17): error TS2737: BigInt literals are not available when targeting lower than ES2020.
2026-10-07T21:17:23.9319445Z ##[error]src/__tests__/lib-mtm-mobile-sync-v2-retention.test.ts(57,39): error TS2737: BigInt literals are not available when targeting lower than ES2020.
2026-10-07T21:17:23.9321246Z ##[error]src/__tests__/lib-mtm-mobile-sync-v2-retention.test.ts(59,39): error TS2737: BigInt literals are not available when targeting lower than ES2020.
2026-10-07T21:17:23.9322989Z ##[error]src/__tests__/lib-mtm-mobile-sync-v2-retention.test.ts(167,69): error TS7031: Binding element 'query' implicitly has an 'any' type.
2026-10-07T21:17:23.9325042Z ##[error]src/__tests__/lib-mtm-mobile-sync-v2.test.ts(44,17): error TS2737: BigInt literals are not available when targeting lower than ES2020.
2026-10-07T21:17:23.9326785Z ##[error]src/__tests__/lib-mtm-mobile-sync-v2.test.ts(45,22): error TS2737: BigInt literals are not available when targeting lower than ES2020.
2026-10-07T21:17:23.9328472Z ##[error]src/__tests__/lib-mtm-mobile-sync-v2.test.ts(64,17): error TS2737: BigInt literals are not available when targeting lower than ES2020.
2026-10-07T21:17:23.9330211Z ##[error]src/__tests__/lib-mtm-mobile-sync-v2.test.ts(65,22): error TS2737: BigInt literals are not available when targeting lower than ES2020.
2026-10-07T21:17:23.9332025Z ##[error]src/__tests__/lib-mtm-mobile-sync-v2.test.ts(88,17): error TS2737: BigInt literals are not available when targeting lower than ES2020.
2026-10-07T21:17:23.9333830Z ##[error]src/__tests__/lib-mtm-mobile-sync-v2.test.ts(89,22): error TS2737: BigInt literals are not available when targeting lower than ES2020.
2026-10-07T21:17:23.9335573Z ##[error]src/__tests__/lib-mtm-mobile-sync-v2.test.ts(102,22): error TS2737: BigInt literals are not available when targeting lower than ES2020.
2026-10-07T21:17:23.9340298Z ##[error]src/__tests__/lib-mtm-push-send.test.ts(45,31): error TS2352: Conversion of type '{ MTM_PUSH_SERVICE_ACCOUNT: string; }' to type 'ProcessEnv' may be a mistake because neither type sufficiently overlaps with the other. If this was intentional, convert the expression to 'unknown' first.
2026-10-07T21:17:23.9342136Z   Property 'NODE_ENV' is missing in type '{ MTM_PUSH_SERVICE_ACCOUNT: string; }' but required in type 'ProcessEnv'.
2026-10-07T21:17:23.9344348Z ##[error]src/__tests__/lib-mtm-push-send.test.ts(46,31): error TS2352: Conversion of type '{ MTM_PUSH_SERVICE_ACCOUNT: string; }' to type 'ProcessEnv' may be a mistake because neither type sufficiently overlaps with the other. If this was intentional, convert the expression to 'unknown' first.
2026-10-07T21:17:23.9346121Z   Property 'NODE_ENV' is missing in type '{ MTM_PUSH_SERVICE_ACCOUNT: string; }' but required in type 'ProcessEnv'.
2026-10-07T21:17:23.9348430Z ##[error]src/__tests__/lib-mtm-push-send.test.ts(50,39): error TS2352: Conversion of type '{ MTM_PUSH_SERVICE_ACCOUNT: string; }' to type 'ProcessEnv' may be a mistake because neither type sufficiently overlaps with the other. If this was intentional, convert the expression to 'unknown' first.
2026-10-07T21:17:23.9350149Z   Property 'NODE_ENV' is missing in type '{ MTM_PUSH_SERVICE_ACCOUNT: string; }' but required in type 'ProcessEnv'.
2026-10-07T21:17:23.9352160Z ##[error]src/__tests__/lib-mtm-route-planner-context.test.ts(59,7): error TS2739: Type '{ administrativeDistrict: string; }' is missing the following properties from type 'MtmRoutePlannerFilters': region, customerId, specialtyCode, psychotype
2026-10-07T21:17:23.9354549Z ##[error]src/__tests__/lib-safe-raster-upload.test.ts(33,20): error TS2322: Type 'Uint8Array<ArrayBufferLike>' is not assignable to type 'BlobPart'.
2026-10-07T21:17:23.9355885Z   Type 'Uint8Array<ArrayBufferLike>' is not assignable to type 'ArrayBufferView<ArrayBuffer>'.
2026-10-07T21:17:23.9356508Z     Types of property 'buffer' are incompatible.
2026-10-07T21:17:23.9357029Z       Type 'ArrayBufferLike' is not assignable to type 'ArrayBuffer'.
2026-10-07T21:17:23.9357877Z         Type 'SharedArrayBuffer' is missing the following properties from type 'ArrayBuffer': resizable, resize, detached, transfer, transferToFixedLength
2026-10-07T21:17:23.9359344Z ##[error]src/__tests__/lib-social-ai-draft-service.test.ts(104,7): error TS2322: Type 'false' is not assignable to type 'true'.
2026-10-07T21:17:23.9362295Z ##[error]src/__tests__/lib-social-ai-draft-service.test.ts(521,7): error TS2353: Object literal may only specify known properties, and 'origin' does not exist in type '{ organizationId: string; mention: SocialMentionForAiDraft; orgName: string; scenario: ScenarioDraftContext; now?: Date | undefined; }'.
2026-10-07T21:17:23.9367207Z ##[error]src/__tests__/lib-social-ai-draft-service.test.ts(570,7): error TS2353: Object literal may only specify known properties, and 'origin' does not exist in type '{ organizationId: string; mention: SocialMentionForAiDraft; orgName: string; scenario: ScenarioDraftContext; now?: Date | undefined; }'.
2026-10-07T21:17:23.9370501Z ##[error]src/__tests__/lib-social-ai-draft-service.test.ts(589,7): error TS2353: Object literal may only specify known properties, and 'origin' does not exist in type '{ organizationId: string; mention: SocialMentionForAiDraft; orgName: string; scenario: ScenarioDraftContext; now?: Date | undefined; }'.
2026-10-07T21:17:23.9375150Z ##[error]src/__tests__/lib-social-ingest-mention.test.ts(431,42): error TS2345: Argument of type 'Promise<void>' is not assignable to parameter of type 'Promise<undefined>'.
2026-10-07T21:17:23.9376562Z   Type 'void' is not assignable to type 'undefined'.
2026-10-07T21:17:23.9377551Z ##[error]src/__tests__/lib-social-ingest-mention.test.ts(2093,10): error TS7006: Parameter 'call' implicitly has an 'any' type.
2026-10-07T21:17:23.9379204Z ##[error]src/__tests__/lib-social-ingest-mention.test.ts(2094,13): error TS7006: Parameter 'call' implicitly has an 'any' type.
2026-10-07T21:17:23.9381105Z ##[error]src/__tests__/lib-social-ingest-mention.test.ts(2095,10): error TS7006: Parameter 'call' implicitly has an 'any' type.
2026-10-07T21:17:23.9382863Z ##[error]src/__tests__/lib-social-ingest-mention.test.ts(2096,11): error TS7006: Parameter 'data' implicitly has an 'any' type.
2026-10-07T21:17:23.9386263Z ##[error]src/__tests__/lib-social-media-observations.test.ts(143,19): error TS2352: Conversion of type '{ organizationId: string; platform: string; sourceMetadata: { mediaUrl: string; mediaType: string; }; }' to type 'IngestInput' may be a mistake because neither type sufficiently overlaps with the other. If this was intentional, convert the expression to 'unknown' first.
2026-10-07T21:17:23.9388614Z   Type '{ organizationId: string; platform: string; sourceMetadata: { mediaUrl: string; mediaType: string; }; }' is missing the following properties from type 'IngestInput': externalId, text, sentiment, matchedTerm
2026-10-07T21:17:23.9391451Z ##[error]src/__tests__/lib-social-monitoring-import-fence.test.ts(112,9): error TS2345: Argument of type '{ $executeRawUnsafe: Mock<Procedure>; $queryRawUnsafe: Mock<Procedure>; organization: { findUnique: Mock<Procedure>; }; }' is not assignable to parameter of type 'SocialMonitoringCollectionFenceTransaction'.
2026-10-07T21:17:23.9393266Z   Types of property 'organization' are incompatible.
2026-10-07T21:17:23.9394507Z     Type '{ findUnique: Mock<Procedure>; }' is missing the following properties from type 'OrganizationDelegate<DefaultArgs, PrismaClientOptions>': findUniqueOrThrow, findFirst, findFirstOrThrow, findMany, and 13 more.
2026-10-07T21:17:23.9396470Z ##[error]src/__tests__/lib-social-new-client-to-apify-e2e.test.ts(37,8): error TS2459: Module '"@/lib/social/apify-async-adapter"' declares 'MonitoringSourceForRun' locally, but it is not exported.
2026-10-07T21:17:23.9400530Z ##[error]src/__tests__/lib-social-paid-provider-run-scope.test.ts(122,60): error TS2493: Tuple type '[]' of length '0' has no element at index '0'.
2026-10-07T21:17:23.9403513Z ##[error]src/__tests__/lib-social-provider-request-timeout.test.ts(103,87): error TS2352: Conversion of type '{ json: () => Promise<never>; }' to type 'Response' may be a mistake because neither type sufficiently overlaps with the other. If this was intentional, convert the expression to 'unknown' first.
2026-10-07T21:17:23.9405448Z   Type '{ json: () => Promise<never>; }' is missing the following properties from type 'Response': headers, ok, redirected, status, and 11 more.
2026-10-07T21:17:23.9413048Z ##[error]src/__tests__/lib-social-relevance-confidence-policy.test.ts(43,55): error TS2345: Argument of type '{ version: string; minAutoAcceptConfidence: number; reviewRetentionDays: number; }' is not assignable to parameter of type 'RelevanceConfidencePolicy'.
2026-10-07T21:17:23.9415481Z   Property 'subjectMatchCandidateRetentionDays' is missing in type '{ version: string; minAutoAcceptConfidence: number; reviewRetentionDays: number; }' but required in type 'RelevanceConfidencePolicy'.
2026-10-07T21:17:23.9416952Z ##[error]src/__tests__/lib-stale-dispatch-reaper.test.ts(24,19): error TS2532: Object is possibly 'undefined'.
2026-10-07T21:17:23.9418666Z ##[error]src/__tests__/lib-stale-dispatch-reaper.test.ts(24,44): error TS2493: Tuple type '[]' of length '0' has no element at index '0'.
2026-10-07T21:17:23.9420253Z ##[error]src/__tests__/lib-stale-dispatch-reaper.test.ts(40,18): error TS2532: Object is possibly 'undefined'.
2026-10-07T21:17:23.9421908Z ##[error]src/__tests__/lib-stale-dispatch-reaper.test.ts(40,43): error TS2493: Tuple type '[]' of length '0' has no element at index '0'.
2026-10-07T21:17:23.9423678Z ##[error]src/__tests__/lib-stale-dispatch-reaper.test.ts(50,45): error TS2493: Tuple type '[]' of length '0' has no element at index '0'.
2026-10-07T21:17:23.9425341Z ##[error]src/__tests__/lib-stale-dispatch-reaper.test.ts(53,12): error TS18048: 'second' is possibly 'undefined'.
2026-10-07T21:17:23.9426855Z ##[error]src/__tests__/lib-stale-dispatch-reaper.test.ts(54,12): error TS18048: 'second' is possibly 'undefined'.
2026-10-07T21:17:23.9428485Z ##[error]src/__tests__/lib-stale-dispatch-reaper.test.ts(63,45): error TS2493: Tuple type '[]' of length '0' has no element at index '0'.
2026-10-07T21:17:23.9430048Z ##[error]src/__tests__/lib-stale-dispatch-reaper.test.ts(64,12): error TS18048: 'second' is possibly 'undefined'.
2026-10-07T21:17:23.9431685Z ##[error]src/__tests__/lib-stale-dispatch-reaper.test.ts(65,12): error TS18048: 'second' is possibly 'undefined'.
2026-10-07T21:17:23.9435522Z ##[error]src/__tests__/lib-voice-agent-post-call.test.ts(39,48): error TS2339: Property 'turns' does not exist on type '{ callId: string; durationSeconds: number; turns: { role: "customer" | "agent"; text: string; }[]; providerOutcome?: "cancelled" | "failed" | "connected" | "busy" | "no_answer" | undefined; agentMidUtterance?: boolean | undefined; recoveryAttempts?: number | undefined; dialStatus?: string | undefined; hangupCause?: ...'.
2026-10-07T21:17:23.9437904Z   Property 'turns' does not exist on type '{ protocol: "fanum-provider-connected-v1"; callId: string; observedAt: string; }'.
2026-10-07T21:17:23.9439156Z ##[error]src/__tests__/lib-workforce-access-grant-writer.test.ts(102,31): error TS2558: Expected 0 type arguments, but got 1.
2026-10-07T21:17:23.9440814Z ##[error]src/__tests__/lib-workforce-access-grant-writer.test.ts(148,31): error TS2558: Expected 0 type arguments, but got 1.
2026-10-07T21:17:23.9442398Z ##[error]src/__tests__/lib-workforce-access-grant-writer.test.ts(162,30): error TS2558: Expected 0 type arguments, but got 1.
2026-10-07T21:17:23.9444086Z ##[error]src/__tests__/lib-workforce-access-grant-writer.test.ts(195,31): error TS2558: Expected 0 type arguments, but got 1.
2026-10-07T21:17:23.9445682Z ##[error]src/__tests__/lib-workforce-access-grant-writer.test.ts(207,30): error TS2558: Expected 0 type arguments, but got 1.
2026-10-07T21:17:23.9447268Z ##[error]src/__tests__/lib-workforce-access-grant-writer.test.ts(217,30): error TS2558: Expected 0 type arguments, but got 1.
2026-10-07T21:17:23.9449142Z ##[error]src/__tests__/lib-workforce-calendar-configuration-lock-postgres.test.ts(695,14): error TS2737: BigInt literals are not available when targeting lower than ES2020.
2026-10-07T21:17:23.9451110Z ##[error]src/__tests__/lib-workforce-calendar-configuration-lock-postgres.test.ts(723,44): error TS2737: BigInt literals are not available when targeting lower than ES2020.
2026-10-07T21:17:23.9453177Z ##[error]src/__tests__/lib-workforce-calendar-configuration-lock-postgres.test.ts(723,60): error TS2737: BigInt literals are not available when targeting lower than ES2020.
2026-10-07T21:17:23.9455160Z ##[error]src/__tests__/lib-workforce-exception-employee-response-writer.test.ts(101,31): error TS2558: Expected 0 type arguments, but got 1.
2026-10-07T21:17:23.9456846Z ##[error]src/__tests__/lib-workforce-exception-employee-response-writer.test.ts(126,30): error TS2558: Expected 0 type arguments, but got 1.
2026-10-07T21:17:23.9458649Z ##[error]src/__tests__/lib-workforce-exception-employee-response-writer.test.ts(137,30): error TS2558: Expected 0 type arguments, but got 1.
2026-10-07T21:17:23.9460355Z ##[error]src/__tests__/lib-workforce-exception-employee-response-writer.test.ts(152,30): error TS2558: Expected 0 type arguments, but got 1.
2026-10-07T21:17:23.9462023Z ##[error]src/__tests__/lib-workforce-exception-employee-response-writer.test.ts(167,30): error TS2558: Expected 0 type arguments, but got 1.
2026-10-07T21:17:23.9463810Z ##[error]src/__tests__/lib-workforce-exception-employee-response-writer.test.ts(200,30): error TS2558: Expected 0 type arguments, but got 1.
2026-10-07T21:17:23.9466663Z ##[error]src/__tests__/lib-workforce-exception-employee-response-writer.test.ts(210,30): error TS2558: Expected 0 type arguments, but got 1.
2026-10-07T21:17:23.9468349Z ##[error]src/__tests__/lib-workforce-exception-employee-response-writer.test.ts(253,31): error TS2558: Expected 0 type arguments, but got 1.
2026-10-07T21:17:23.9470070Z ##[error]src/__tests__/lib-workforce-exception-employee-response-writer.test.ts(288,31): error TS2558: Expected 0 type arguments, but got 1.
2026-10-07T21:17:23.9471893Z ##[error]src/__tests__/lib-workforce-exception-employee-response-writer.test.ts(307,31): error TS2558: Expected 0 type arguments, but got 1.
2026-10-07T21:17:23.9473801Z ##[error]src/__tests__/lib-workforce-exception-employee-response-writer.test.ts(362,31): error TS2558: Expected 0 type arguments, but got 1.
2026-10-07T21:17:23.9475866Z ##[error]src/__tests__/lib-workforce-exception-linked-mutation.test.ts(39,43): error TS2493: Tuple type '[]' of length '0' has no element at index '1'.
2026-10-07T21:17:23.9477545Z ##[error]src/__tests__/lib-workforce-exception-linked-mutation.test.ts(59,31): error TS2558: Expected 0 type arguments, but got 1.
2026-10-07T21:17:23.9479386Z ##[error]src/__tests__/lib-workforce-exception-lock-postgres.test.ts(219,26): error TS2737: BigInt literals are not available when targeting lower than ES2020.
2026-10-07T21:17:23.9481360Z ##[error]src/__tests__/lib-workforce-exception-lock-postgres.test.ts(220,28): error TS2737: BigInt literals are not available when targeting lower than ES2020.
2026-10-07T21:17:23.9483209Z ##[error]src/__tests__/lib-workforce-exception-lock-postgres.test.ts(355,34): error TS2737: BigInt literals are not available when targeting lower than ES2020.
2026-10-07T21:17:23.9485211Z ##[error]src/__tests__/lib-workforce-exception-lock-postgres.test.ts(356,32): error TS2737: BigInt literals are not available when targeting lower than ES2020.
2026-10-07T21:17:23.9487065Z ##[error]src/__tests__/lib-workforce-exception-lock-postgres.test.ts(357,28): error TS2737: BigInt literals are not available when targeting lower than ES2020.
2026-10-07T21:17:23.9488926Z ##[error]src/__tests__/lib-workforce-exception-lock-postgres.test.ts(1555,41): error TS2737: BigInt literals are not available when targeting lower than ES2020.
2026-10-07T21:17:23.9490934Z ##[error]src/__tests__/lib-workforce-exception-lock-postgres.test.ts(2214,32): error TS2737: BigInt literals are not available when targeting lower than ES2020.
2026-10-07T21:17:23.9495383Z ##[error]src/__tests__/lib-workforce-exception-policy-revision-writer.test.ts(86,31): error TS2558: Expected 0 type arguments, but got 1.
2026-10-07T21:17:23.9497208Z ##[error]src/__tests__/lib-workforce-exception-policy-revision-writer.test.ts(173,31): error TS2558: Expected 0 type arguments, but got 1.
2026-10-07T21:17:23.9498895Z ##[error]src/__tests__/lib-workforce-exception-policy-revision-writer.test.ts(189,31): error TS2558: Expected 0 type arguments, but got 1.
2026-10-07T21:17:23.9500603Z ##[error]src/__tests__/lib-workforce-exception-policy-revision-writer.test.ts(212,31): error TS2558: Expected 0 type arguments, but got 1.
2026-10-07T21:17:23.9502276Z ##[error]src/__tests__/lib-workforce-exception-policy-revision-writer.test.ts(224,31): error TS2558: Expected 0 type arguments, but got 1.
2026-10-07T21:17:23.9504186Z ##[error]src/__tests__/lib-workforce-exception-policy-revision-writer.test.ts(237,31): error TS2558: Expected 0 type arguments, but got 1.
2026-10-07T21:17:23.9506033Z ##[error]src/__tests__/lib-workforce-exception-response-cycle-audit.test.ts(53,31): error TS2737: BigInt literals are not available when targeting lower than ES2020.
2026-10-07T21:17:23.9507997Z ##[error]src/__tests__/lib-workforce-exception-response-cycle-audit.test.ts(54,32): error TS2737: BigInt literals are not available when targeting lower than ES2020.
2026-10-07T21:17:23.9510085Z ##[error]src/__tests__/lib-workforce-exception-response-cycle-audit.test.ts(55,29): error TS2737: BigInt literals are not available when targeting lower than ES2020.
2026-10-07T21:17:23.9512378Z ##[error]src/__tests__/lib-workforce-exception-response-cycle-audit.test.ts(56,33): error TS2737: BigInt literals are not available when targeting lower than ES2020.
2026-10-07T21:17:23.9514652Z ##[error]src/__tests__/lib-workforce-exception-response-cycle-audit.test.ts(96,29): error TS2737: BigInt literals are not available when targeting lower than ES2020.
2026-10-07T21:17:23.9516588Z ##[error]src/__tests__/lib-workforce-exception-response-cycle-audit.test.ts(120,31): error TS2737: BigInt literals are not available when targeting lower than ES2020.
2026-10-07T21:17:23.9518474Z ##[error]src/__tests__/lib-workforce-exception-response-cycle-audit.test.ts(121,32): error TS2737: BigInt literals are not available when targeting lower than ES2020.
2026-10-07T21:17:23.9520374Z ##[error]src/__tests__/lib-workforce-exception-response-cycle-audit.test.ts(122,29): error TS2737: BigInt literals are not available when targeting lower than ES2020.
2026-10-07T21:17:23.9522294Z ##[error]src/__tests__/lib-workforce-exception-response-cycle-audit.test.ts(123,33): error TS2737: BigInt literals are not available when targeting lower than ES2020.
2026-10-07T21:17:23.9524289Z ##[error]src/__tests__/lib-workforce-exception-response-cycle-audit.test.ts(130,31): error TS2737: BigInt literals are not available when targeting lower than ES2020.
2026-10-07T21:17:23.9526337Z ##[error]src/__tests__/lib-workforce-exception-response-cycle-audit.test.ts(131,32): error TS2737: BigInt literals are not available when targeting lower than ES2020.
2026-10-07T21:17:23.9528340Z ##[error]src/__tests__/lib-workforce-exception-response-cycle-audit.test.ts(132,29): error TS2737: BigInt literals are not available when targeting lower than ES2020.
2026-10-07T21:17:23.9530313Z ##[error]src/__tests__/lib-workforce-exception-response-cycle-audit.test.ts(133,33): error TS2737: BigInt literals are not available when targeting lower than ES2020.
2026-10-07T21:17:23.9532179Z ##[error]src/__tests__/lib-workforce-exception-response-cycle-audit.test.ts(140,31): error TS2737: BigInt literals are not available when targeting lower than ES2020.
2026-10-07T21:17:23.9534204Z ##[error]src/__tests__/lib-workforce-exception-response-cycle-audit.test.ts(141,32): error TS2737: BigInt literals are not available when targeting lower than ES2020.
2026-10-07T21:17:23.9536120Z ##[error]src/__tests__/lib-workforce-exception-response-cycle-audit.test.ts(142,29): error TS2737: BigInt literals are not available when targeting lower than ES2020.
2026-10-07T21:17:23.9538030Z ##[error]src/__tests__/lib-workforce-exception-response-cycle-audit.test.ts(143,67): error TS2737: BigInt literals are not available when targeting lower than ES2020.
2026-10-07T21:17:23.9539810Z ##[error]src/__tests__/lib-workforce-missed-finish-case-materializer.test.ts(118,31): error TS2558: Expected 0 type arguments, but got 1.
2026-10-07T21:17:23.9544250Z ##[error]src/__tests__/lib-workforce-no-show-case-materializer.test.ts(137,31): error TS2558: Expected 0 type arguments, but got 1.
2026-10-07T21:17:23.9546196Z ##[error]src/__tests__/lib-workforce-play-integrity.test.ts(41,23): error TS2737: BigInt literals are not available when targeting lower than ES2020.
2026-10-07T21:17:23.9550202Z ##[error]src/__tests__/mocks/mtm-prisma.ts(482,73): error TS2737: BigInt literals are not available when targeting lower than ES2020.
2026-10-07T21:17:23.9552042Z ##[error]src/__tests__/mocks/mtm-prisma.ts(483,72): error TS2737: BigInt literals are not available when targeting lower than ES2020.
2026-10-07T21:17:23.9557248Z ##[error]src/__tests__/mtm-contact-category-settings.test.ts(145,17): error TS2352: Conversion of type '{ id: string; retiredAt: null; sourceReference: null; }' to type 'DictionaryRow' may be a mistake because neither type sufficiently overlaps with the other. If this was intentional, convert the expression to 'unknown' first.
2026-10-07T21:17:23.9559367Z   Type '{ id: string; retiredAt: null; sourceReference: null; }' is missing the following properties from type '{ id: string; status: string; version: number; }': status, version
2026-10-07T21:17:23.9563282Z ##[error]src/__tests__/mtm-module-navigation.test.ts(54,47): error TS2322: Type 'readonly [{ readonly href: "/mtm/tasks"; readonly icon: ForwardRefExoticComponent<Omit<LucideProps, "ref"> & RefAttributes<SVGSVGElement>>; readonly navKey: "mtmTasks"; }, { ...; }] | readonly [...] | readonly [...] | readonly [...] | readonly [...]' is not assignable to type '{ readonly href: "/mtm/tasks"; readonly icon: ForwardRefExoticComponent<Omit<LucideProps, "ref"> & RefAttributes<SVGSVGElement>>; readonly navKey: "mtmTasks"; } | { ...; } | readonly ({ ...; } | { ...; })[]'.
2026-10-07T21:17:23.9566752Z   Type 'readonly [{ readonly href: "/mtm/customers"; readonly icon: ForwardRefExoticComponent<Omit<LucideProps, "ref"> & RefAttributes<SVGSVGElement>>; readonly navKey: "mtmCustomers"; }, { ...; }, { ...; }, { ...; }]' is not assignable to type '{ readonly href: "/mtm/tasks"; readonly icon: ForwardRefExoticComponent<Omit<LucideProps, "ref"> & RefAttributes<SVGSVGElement>>; readonly navKey: "mtmTasks"; } | { ...; } | readonly ({ ...; } | { ...; })[]'.
2026-10-07T21:17:23.9569341Z     Type 'readonly [{ readonly href: "/mtm/customers"; readonly icon: ForwardRefExoticComponent<Omit<LucideProps, "ref"> & RefAttributes<SVGSVGElement>>; readonly navKey: "mtmCustomers"; }, { ...; }, { ...; }, { ...; }]' is not assignable to type 'readonly ({ readonly href: "/mtm/tasks"; readonly icon: ForwardRefExoticComponent<Omit<LucideProps, "ref"> & RefAttributes<SVGSVGElement>>; readonly navKey: "mtmTasks"; } | { ...; })[]'.
2026-10-07T21:17:23.9571895Z       Type '{ readonly href: "/mtm/customers"; readonly icon: ForwardRefExoticComponent<Omit<LucideProps, "ref"> & RefAttributes<SVGSVGElement>>; readonly navKey: "mtmCustomers"; } | { ...; } | { ...; } | { ...; }' is not assignable to type '{ readonly href: "/mtm/tasks"; readonly icon: ForwardRefExoticComponent<Omit<LucideProps, "ref"> & RefAttributes<SVGSVGElement>>; readonly navKey: "mtmTasks"; } | { ...; }'.
2026-10-07T21:17:23.9574369Z         Type '{ readonly href: "/mtm/customers"; readonly icon: ForwardRefExoticComponent<Omit<LucideProps, "ref"> & RefAttributes<SVGSVGElement>>; readonly navKey: "mtmCustomers"; }' is not assignable to type '{ readonly href: "/mtm/tasks"; readonly icon: ForwardRefExoticComponent<Omit<LucideProps, "ref"> & RefAttributes<SVGSVGElement>>; readonly navKey: "mtmTasks"; } | { ...; }'.
2026-10-07T21:17:23.9577013Z           Property 'orgSetting' is missing in type '{ readonly href: "/mtm/customers"; readonly icon: ForwardRefExoticComponent<Omit<LucideProps, "ref"> & RefAttributes<SVGSVGElement>>; readonly navKey: "mtmCustomers"; }' but required in type '{ readonly href: "/mtm/promotions"; readonly icon: ForwardRefExoticComponent<Omit<LucideProps, "ref"> & RefAttributes<SVGSVGElement>>; readonly navKey: "mtmPromotions"; readonly orgSetting: "pharmacyPromotionsEnabled"; }'.
2026-10-07T21:17:23.9579069Z ##[error]src/__tests__/mtm-offline-outbox.test.ts(431,70): error TS2769: No overload matches this call.
2026-10-07T21:17:23.9580541Z   Overload 1 of 2, '(predicate: (value: any[], index: number, array: any[][]) => value is any[], thisArg?: any): any[][]', gave the following error.
2026-10-07T21:17:23.9581665Z     Argument of type '([args]: [{ where: { key: string; }; }]) => boolean' is not assignable to parameter of type '(value: any[], index: number, array: any[][]) => value is any[]'.
2026-10-07T21:17:23.9582447Z       Types of parameters '__0' and 'value' are incompatible.
2026-10-07T21:17:23.9583015Z         Type 'any[]' is not assignable to type '[{ where: { key: string; }; }]'.
2026-10-07T21:17:23.9583675Z           Target requires 1 element(s) but source may have fewer.
2026-10-07T21:17:23.9584464Z   Overload 2 of 2, '(predicate: (value: any[], index: number, array: any[][]) => unknown, thisArg?: any): any[][]', gave the following error.
2026-10-07T21:17:23.9585456Z     Argument of type '([args]: [{ where: { key: string; }; }]) => boolean' is not assignable to parameter of type '(value: any[], index: number, array: any[][]) => unknown'.
2026-10-07T21:17:23.9586233Z       Types of parameters '__0' and 'value' are incompatible.
2026-10-07T21:17:23.9586802Z         Type 'any[]' is not assignable to type '[{ where: { key: string; }; }]'.
2026-10-07T21:17:23.9587391Z           Target requires 1 element(s) but source may have fewer.
2026-10-07T21:17:23.9588431Z ##[error]src/__tests__/mtm-settings-safe-save.test.ts(51,62): error TS7006: Parameter 'call' implicitly has an 'any' type.
2026-10-07T21:17:23.9590120Z ##[error]src/__tests__/mtm-settings-safe-save.test.ts(102,11): error TS7006: Parameter 'call' implicitly has an 'any' type.
2026-10-07T21:17:23.9591691Z ##[error]src/__tests__/mtm-settings-safe-save.test.ts(103,12): error TS7006: Parameter 'call' implicitly has an 'any' type.
2026-10-07T21:17:23.9593310Z ##[error]src/__tests__/portal-ticket-detail-api.test.ts(52,60): error TS7006: Parameter 'work' implicitly has an 'any' type.
2026-10-07T21:17:23.9595348Z ##[error]src/__tests__/social-monitoring-profile-provider-resume-ui.test.ts(353,42): error TS2493: Tuple type '[]' of length '0' has no element at index '0'.
2026-10-07T21:17:23.9597706Z ##[error]src/__tests__/softphone-end-to-end.test.ts(20,27): error TS7016: Could not find a declaration file for module 'ws'. '/home/runner/work/leaddrive-v2/leaddrive-v2/node_modules/ws/wrapper.mjs' implicitly has an 'any' type.
2026-10-07T21:17:23.9599439Z   Try `npm i --save-dev @types/ws` if it exists or add a new declaration (.d.ts) file containing `declare module 'ws';`
2026-10-07T21:17:23.9600632Z ##[error]src/__tests__/softphone-end-to-end.test.ts(169,40): error TS2322: Type 'Promise<boolean>' is not assignable to type 'boolean'.
2026-10-07T21:17:23.9602223Z ##[error]src/__tests__/softphone-end-to-end.test.ts(201,28): error TS7006: Parameter 'data' implicitly has an 'any' type.
2026-10-07T21:17:23.9603986Z ##[error]src/__tests__/softphone-end-to-end.test.ts(255,28): error TS7006: Parameter 'code' implicitly has an 'any' type.
2026-10-07T21:17:23.9605525Z ##[error]src/__tests__/softphone-end-to-end.test.ts(281,28): error TS7006: Parameter 'data' implicitly has an 'any' type.
2026-10-07T21:17:23.9607110Z ##[error]src/__tests__/softphone-end-to-end.test.ts(322,29): error TS7006: Parameter 'value' implicitly has an 'any' type.
2026-10-07T21:17:23.9608816Z ##[error]src/__tests__/softphone-relay-pairing.test.ts(12,13): error TS2540: Cannot assign to 'NODE_ENV' because it is a read-only property.
2026-10-07T21:17:23.9612915Z ##[error]src/__tests__/support-ux-page-shell-contract.test.ts(52,9): error TS2769: No overload matches this call.
2026-10-07T21:17:23.9614164Z   The last overload gave the following error.
2026-10-07T21:17:23.9614899Z     Object literal may only specify known properties, and '"data-testid"' does not exist in type 'Attributes & SupportPageShellProps'.
2026-10-07T21:17:23.9616097Z ##[error]src/__tests__/support-ux-page-shell-contract.test.ts(72,7): error TS2769: No overload matches this call.
2026-10-07T21:17:23.9617184Z   The last overload gave the following error.
2026-10-07T21:17:23.9618104Z     Argument of type '{ title: string; description: DetailedReactHTMLElement<HTMLAttributes<HTMLElement>, HTMLElement>; }' is not assignable to parameter of type 'Attributes & SupportPageShellProps'.
2026-10-07T21:17:23.9619510Z       Property 'children' is missing in type '{ title: string; description: DetailedReactHTMLElement<HTMLAttributes<HTMLElement>, HTMLElement>; }' but required in type 'SupportPageShellProps'.
2026-10-07T21:17:23.9620838Z ##[error]src/__tests__/support-ux-page-shell-contract.test.ts(86,7): error TS2769: No overload matches this call.
2026-10-07T21:17:23.9621883Z   The last overload gave the following error.
2026-10-07T21:17:23.9623125Z     Argument of type '{ title: string; utilities: ReactElement<{ type: string; }, string | JSXElementConstructor<any>>; actions: ReactElement<{ type: string; }, string | JSXElementConstructor<any>>; width: "wide"; }' is not assignable to parameter of type 'Attributes & SupportPageShellProps'.
2026-10-07T21:17:23.9625037Z       Property 'children' is missing in type '{ title: string; utilities: ReactElement<{ type: string; }, string | JSXElementConstructor<any>>; actions: ReactElement<{ type: string; }, string | JSXElementConstructor<any>>; width: "wide"; }' but required in type 'SupportPageShellProps'.
2026-10-07T21:17:23.9632041Z ##[error]src/__tests__/voice-agent-callback-enabled.test.ts(16,46): error TS2741: Property 'NODE_ENV' is missing in type '{}' but required in type 'ProcessEnv'.
2026-10-07T21:17:23.9634255Z ##[error]src/__tests__/voice-agent-callback-enabled.test.ts(21,41): error TS2741: Property 'NODE_ENV' is missing in type '{}' but required in type 'ProcessEnv'.
2026-10-07T21:17:23.9636170Z ##[error]src/__tests__/voice-agent-callback-enabled.test.ts(31,76): error TS2741: Property 'NODE_ENV' is missing in type '{}' but required in type 'ProcessEnv'.
2026-10-07T21:17:23.9638015Z ##[error]src/__tests__/voice-agent-callback-enabled.test.ts(39,43): error TS2741: Property 'NODE_ENV' is missing in type '{}' but required in type 'ProcessEnv'.
2026-10-07T21:17:23.9640096Z ##[error]src/__tests__/voice-agent-callback-enabled.test.ts(48,7): error TS2741: Property 'NODE_ENV' is missing in type '{ VOICE_AUTOMATIC_CALLBACK_DISABLED: string; }' but required in type 'ProcessEnv'.
2026-10-07T21:17:23.9642386Z ##[error]src/__tests__/voice-agent-callback-enabled.test.ts(58,9): error TS2741: Property 'NODE_ENV' is missing in type '{ VOICE_AUTOMATIC_CALLBACK_DISABLED: string; }' but required in type 'ProcessEnv'.
2026-10-07T21:17:23.9644915Z ##[error]src/__tests__/voice-agent-callback-enabled.test.ts(67,9): error TS2741: Property 'NODE_ENV' is missing in type '{ VOICE_AUTOMATIC_CALLBACK_DISABLED: string; }' but required in type 'ProcessEnv'.
2026-10-07T21:17:23.9647161Z ##[error]src/__tests__/voice-agent-callback-enabled.test.ts(77,7): error TS2741: Property 'NODE_ENV' is missing in type '{ VOICE_AUTOMATIC_CALLBACK_DISABLED: string; }' but required in type 'ProcessEnv'.
2026-10-07T21:17:23.9649030Z ##[error]src/__tests__/workforce-calendar-configuration.test.ts(930,47): error TS7006: Parameter 'call' implicitly has an 'any' type.
2026-10-07T21:17:23.9650715Z ##[error]src/__tests__/workforce-configuration-management.test.ts(182,30): error TS2558: Expected 0 type arguments, but got 1.
2026-10-07T21:17:23.9652268Z ##[error]src/__tests__/workforce-configuration-management.test.ts(256,31): error TS2558: Expected 0 type arguments, but got 1.
2026-10-07T21:17:23.9653969Z ##[error]src/__tests__/workforce-configuration-management.test.ts(288,31): error TS2558: Expected 0 type arguments, but got 1.
2026-10-07T21:17:23.9655595Z ##[error]src/__tests__/workforce-configuration-management.test.ts(486,30): error TS2558: Expected 0 type arguments, but got 1.
2026-10-07T21:17:23.9658829Z ##[error]src/__tests__/workforce-configuration-management.test.ts(500,30): error TS2558: Expected 0 type arguments, but got 1.
2026-10-07T21:17:23.9660375Z ##[error]src/__tests__/workforce-configuration-management.test.ts(564,30): error TS2558: Expected 0 type arguments, but got 1.
2026-10-07T21:17:23.9662229Z ##[error]src/__tests__/workforce-configuration-management.test.ts(644,31): error TS2558: Expected 0 type arguments, but got 1.
2026-10-07T21:17:24.1505452Z ##[error]src/__tests__/workforce-configuration-management.test.ts(722,31): error TS2558: Expected 0 type arguments, but got 1.
2026-10-07T21:17:24.1508798Z ##[error]src/__tests__/workforce-configuration-management.test.ts(790,31): error TS2558: Expected 0 type arguments, but got 1.
2026-10-07T21:17:24.1510730Z ##[error]src/__tests__/workforce-configuration-management.test.ts(907,31): error TS2558: Expected 0 type arguments, but got 1.
2026-10-07T21:17:24.1512925Z ##[error]src/__tests__/workforce-configuration-management.test.ts(1029,31): error TS2558: Expected 0 type arguments, but got 1.
2026-10-07T21:17:24.1514959Z ##[error]src/__tests__/workforce-configuration-management.test.ts(1149,31): error TS2558: Expected 0 type arguments, but got 1.
2026-10-07T21:17:24.1516733Z ##[error]src/__tests__/workforce-configuration-management.test.ts(1162,31): error TS2558: Expected 0 type arguments, but got 1.
2026-10-07T21:17:24.1518509Z ##[error]src/__tests__/workforce-configuration-management.test.ts(1177,31): error TS2558: Expected 0 type arguments, but got 1.
2026-10-07T21:17:24.1520457Z ##[error]src/__tests__/workforce-employment-history.test.ts(134,31): error TS2558: Expected 0 type arguments, but got 1.
2026-10-07T21:17:24.1522653Z ##[error]src/__tests__/workforce-employment-history.test.ts(147,31): error TS2558: Expected 0 type arguments, but got 1.
2026-10-07T21:17:24.1524781Z ##[error]src/__tests__/workforce-site-management.test.ts(174,31): error TS2558: Expected 0 type arguments, but got 1.
2026-10-07T21:17:24.1526499Z ##[error]src/__tests__/workforce-site-management.test.ts(277,31): error TS2558: Expected 0 type arguments, but got 1.
2026-10-07T21:17:24.1528030Z ##[error]src/__tests__/workforce-site-management.test.ts(537,31): error TS2558: Expected 0 type arguments, but got 1.
2026-10-07T21:17:24.1529421Z ##[error]src/__tests__/workforce-site-management.test.ts(566,31): error TS2558: Expected 0 type arguments, but got 1.
2026-10-07T21:17:24.1531028Z ##[error]src/__tests__/workforce-site-transition-facts.test.ts(181,31): error TS2558: Expected 0 type arguments, but got 1.
2026-10-07T21:17:24.1532771Z ##[error]src/__tests__/workforce-site-transition-facts.test.ts(192,31): error TS2558: Expected 0 type arguments, but got 1.
2026-10-07T21:17:24.1534822Z ##[error]src/__tests__/workforce-site-transition-facts.test.ts(211,31): error TS2558: Expected 0 type arguments, but got 1.
2026-10-07T21:17:24.1536574Z ##[error]src/__tests__/workforce-site-transition-facts.test.ts(428,31): error TS2558: Expected 0 type arguments, but got 1.
2026-10-07T21:17:24.1538385Z ##[error]src/__tests__/workforce-workday-reopen-undo.test.ts(219,59): error TS7006: Parameter 'call' implicitly has an 'any' type.
2026-10-07T21:17:24.1540181Z ##[error]src/__tests__/workforce-workday-reopen-undo.test.ts(233,24): error TS7006: Parameter 'call' implicitly has an 'any' type.
2026-10-07T21:17:24.1542021Z ##[error]src/__tests__/workforce-workday-reopen-undo.test.ts(234,24): error TS7006: Parameter 'call' implicitly has an 'any' type.
2026-10-07T21:17:24.1543891Z ##[error]src/__tests__/workforce-workday-reopen.test.ts(137,62): error TS7006: Parameter 'call' implicitly has an 'any' type.
2026-10-07T21:17:24.1545591Z ##[error]src/__tests__/workforce-workday-reopen.test.ts(296,59): error TS7006: Parameter 'call' implicitly has an 'any' type.
2026-10-07T21:17:24.1555028Z ##[error]src/app/(dashboard)/boards/[divisionId]/page.tsx(531,28): error TS18047: 'over' is possibly 'null'.
2026-10-07T21:17:24.1556716Z ##[error]src/app/(dashboard)/boards/[divisionId]/page.tsx(531,44): error TS18047: 'over' is possibly 'null'.
2026-10-07T21:17:24.1562360Z ##[error]src/app/(dashboard)/complaints/import/page.tsx(109,83): error TS2769: No overload matches this call.
2026-10-07T21:17:24.1563959Z   Overload 1 of 2, '(input: string | URL | Request, init?: RequestInit | undefined): Promise<Response>', gave the following error.
2026-10-07T21:17:24.1565111Z     Type '{ "x-organization-id": string; } | { "x-organization-id"?: undefined; }' is not assignable to type 'HeadersInit | undefined'.
2026-10-07T21:17:24.1566074Z       Type '{ "x-organization-id"?: undefined; }' is not assignable to type 'HeadersInit | undefined'.
2026-10-07T21:17:24.1566912Z         Type '{ "x-organization-id"?: undefined; }' is not assignable to type 'Record<string, string>'.
2026-10-07T21:17:24.1567735Z           Property '"x-organization-id"' is incompatible with index signature.
2026-10-07T21:17:24.1568201Z             Type 'undefined' is not assignable to type 'string'.
2026-10-07T21:17:24.1568959Z   Overload 2 of 2, '(input: URL | RequestInfo, init?: RequestInit | undefined): Promise<Response>', gave the following error.
2026-10-07T21:17:24.1569828Z     Type '{ "x-organization-id": string; } | { "x-organization-id"?: undefined; }' is not assignable to type 'HeadersInit | undefined'.
2026-10-07T21:17:24.1570584Z       Type '{ "x-organization-id"?: undefined; }' is not assignable to type 'HeadersInit | undefined'.
2026-10-07T21:17:24.1571317Z         Type '{ "x-organization-id"?: undefined; }' is not assignable to type 'Record<string, string>'.
2026-10-07T21:17:24.1571879Z           Property '"x-organization-id"' is incompatible with index signature.
2026-10-07T21:17:24.1572523Z             Type 'undefined' is not assignable to type 'string'.
2026-10-07T21:17:24.1573563Z ##[error]src/app/(dashboard)/complaints/import/page.tsx(126,83): error TS2769: No overload matches this call.
2026-10-07T21:17:24.1575100Z   Overload 1 of 2, '(input: string | URL | Request, init?: RequestInit | undefined): Promise<Response>', gave the following error.
2026-10-07T21:17:24.1576054Z     Type '{ "x-organization-id": string; } | { "x-organization-id"?: undefined; }' is not assignable to type 'HeadersInit | undefined'.
2026-10-07T21:17:24.1576758Z       Type '{ "x-organization-id"?: undefined; }' is not assignable to type 'HeadersInit | undefined'.
2026-10-07T21:17:24.1577510Z         Type '{ "x-organization-id"?: undefined; }' is not assignable to type 'Record<string, string>'.
2026-10-07T21:17:24.1578064Z           Property '"x-organization-id"' is incompatible with index signature.
2026-10-07T21:17:24.1578542Z             Type 'undefined' is not assignable to type 'string'.
2026-10-07T21:17:24.1579463Z   Overload 2 of 2, '(input: URL | RequestInfo, init?: RequestInit | undefined): Promise<Response>', gave the following error.
2026-10-07T21:17:24.1580258Z     Type '{ "x-organization-id": string; } | { "x-organization-id"?: undefined; }' is not assignable to type 'HeadersInit | undefined'.
2026-10-07T21:17:24.1581106Z       Type '{ "x-organization-id"?: undefined; }' is not assignable to type 'HeadersInit | undefined'.
2026-10-07T21:17:24.1581700Z         Type '{ "x-organization-id"?: undefined; }' is not assignable to type 'Record<string, string>'.
2026-10-07T21:17:24.1582467Z           Property '"x-organization-id"' is incompatible with index signature.
2026-10-07T21:17:24.1582908Z             Type 'undefined' is not assignable to type 'string'.
2026-10-07T21:17:24.1595405Z ##[error]src/app/(dashboard)/mtm/tasks/page.tsx(189,9): error TS2739: Type '{ agents: any; teams: any; }' is missing the following properties from type '{ agents: TaskAgentOption[]; teams: TeamOption[]; taskGroups: TaskGroupOption[]; taskGroupCatalogAvailable: boolean; }': taskGroups, taskGroupCatalogAvailable
2026-10-07T21:17:24.1603646Z ##[error]src/app/admin/demo-requests/[id]/page.tsx(46,60): error TS7006: Parameter 'event' implicitly has an 'any' type.
2026-10-07T21:17:24.1605534Z ##[error]src/app/admin/demo-requests/[id]/page.tsx(82,54): error TS7006: Parameter 'grant' implicitly has an 'any' type.
2026-10-07T21:17:24.1607257Z ##[error]src/app/admin/demo-requests/[id]/page.tsx(89,46): error TS7006: Parameter 'grant' implicitly has an 'any' type.
2026-10-07T21:17:24.1608797Z ##[error]src/app/admin/demo-requests/[id]/page.tsx(95,63): error TS7006: Parameter 'row' implicitly has an 'any' type.
2026-10-07T21:17:24.1610223Z ##[error]src/app/admin/demo-requests/[id]/page.tsx(160,39): error TS7006: Parameter 'grant' implicitly has an 'any' type.
2026-10-07T21:17:24.1612335Z ##[error]src/app/admin/demo-requests/[id]/page.tsx(218,37): error TS7031: Binding element 'grant' implicitly has an 'any' type.
2026-10-07T21:17:24.1614283Z ##[error]src/app/admin/demo-requests/[id]/page.tsx(218,44): error TS7031: Binding element 'sections' implicitly has an 'any' type.
2026-10-07T21:17:24.1615949Z ##[error]src/app/admin/demo-requests/[id]/page.tsx(218,54): error TS7031: Binding element 'summary' implicitly has an 'any' type.
2026-10-07T21:17:24.1617599Z ##[error]src/app/admin/demo-requests/[id]/page.tsx(243,33): error TS7006: Parameter 'slug' implicitly has an 'any' type.
2026-10-07T21:17:24.1619182Z ##[error]src/app/admin/demo-requests/page.tsx(92,28): error TS7006: Parameter 'request' implicitly has an 'any' type.
2026-10-07T21:17:24.1626851Z ##[error]src/app/api/cron/commitment-escalation/route.ts(147,59): error TS7006: Parameter 'manager' implicitly has an 'any' type.
2026-10-07T21:17:24.1628511Z ##[error]src/app/api/cron/commitment-escalation/route.ts(217,54): error TS7006: Parameter 'tx' implicitly has an 'any' type.
2026-10-07T21:17:24.1636801Z ##[error]src/app/api/cron/mtm-cleanup/route.ts(23,91): error TS7006: Parameter 'row' implicitly has an 'any' type.
2026-10-07T21:17:24.1638377Z ##[error]src/app/api/cron/mtm-cleanup/route.ts(32,95): error TS7006: Parameter 'row' implicitly has an 'any' type.
2026-10-07T21:17:24.1639671Z ##[error]src/app/api/cron/mtm-cleanup/route.ts(45,80): error TS7006: Parameter 'row' implicitly has an 'any' type.
2026-10-07T21:17:24.1642896Z ##[error]src/app/api/cron/retention-purge/route.ts(42,59): error TS7006: Parameter 'tx' implicitly has an 'any' type.
2026-10-07T21:17:24.1644743Z ##[error]src/app/api/cron/retention-purge/route.ts(52,64): error TS7006: Parameter 'tx' implicitly has an 'any' type.
2026-10-07T21:17:24.1648447Z ##[error]src/app/api/cron/social-poll/route.ts(27,70): error TS7006: Parameter 'row' implicitly has an 'any' type.
2026-10-07T21:17:24.1650028Z ##[error]src/app/api/cron/social-poll/route.ts(30,17): error TS7006: Parameter 'row' implicitly has an 'any' type.
2026-10-07T21:17:24.1651464Z ##[error]src/app/api/cron/social-poll/route.ts(31,14): error TS7006: Parameter 'row' implicitly has an 'any' type.
2026-10-07T21:17:24.1653577Z ##[error]src/app/api/cron/social-poll/route.ts(44,9): error TS2345: Argument of type 'unknown' is not assignable to parameter of type 'string'.
2026-10-07T21:17:24.1655532Z ##[error]src/app/api/cron/social-poll/route.ts(47,28): error TS2345: Argument of type 'unknown' is not assignable to parameter of type 'string | undefined'.
2026-10-07T21:17:24.1657541Z ##[error]src/app/api/cron/social-poll/route.ts(48,27): error TS2345: Argument of type 'unknown' is not assignable to parameter of type 'string | undefined'.
2026-10-07T21:17:24.1659578Z ##[error]src/app/api/cron/social-poll/route.ts(49,28): error TS2345: Argument of type 'unknown' is not assignable to parameter of type 'string | undefined'.
2026-10-07T21:17:24.1661412Z ##[error]src/app/api/cron/social-poll/route.ts(50,23): error TS2345: Argument of type 'unknown' is not assignable to parameter of type 'string | undefined'.
2026-10-07T21:17:24.1663160Z ##[error]src/app/api/cron/social-poll/route.ts(52,36): error TS2345: Argument of type 'unknown' is not assignable to parameter of type 'string'.
2026-10-07T21:17:24.1665802Z ##[error]src/app/api/cron/social-poll/route.ts(59,35): error TS2345: Argument of type 'unknown' is not assignable to parameter of type 'string'.
2026-10-07T21:17:24.1670901Z ##[error]src/app/api/cron/social-web-news/route.ts(99,59): error TS7006: Parameter 'subject' implicitly has an 'any' type.
2026-10-07T21:17:24.1673210Z ##[error]src/app/api/cron/social-web-news/route.ts(184,46): error TS7006: Parameter 'source' implicitly has an 'any' type.
2026-10-07T21:17:24.1675416Z ##[error]src/app/api/cron/social-web-news/route.ts(233,41): error TS7006: Parameter 'link' implicitly has an 'any' type.
2026-10-07T21:17:24.1677144Z ##[error]src/app/api/cron/social-web-news/route.ts(234,49): error TS7031: Binding element 'scenarioId' implicitly has an 'any' type.
2026-10-07T21:17:24.1678991Z ##[error]src/app/api/cron/social-web-news/route.ts(234,61): error TS7031: Binding element 'kind' implicitly has an 'any' type.
2026-10-07T21:17:24.1680770Z ##[error]src/app/api/cron/social-web-news/route.ts(238,67): error TS7006: Parameter 'route' implicitly has an 'any' type.
2026-10-07T21:17:24.1682454Z ##[error]src/app/api/cron/social-web-news/route.ts(240,35): error TS7031: Binding element 'scenarioId' implicitly has an 'any' type.
2026-10-07T21:17:24.1684244Z ##[error]src/app/api/cron/social-web-news/route.ts(240,47): error TS7031: Binding element 'kind' implicitly has an 'any' type.
2026-10-07T21:17:24.1686056Z ##[error]src/app/api/cron/social-web-news/route.ts(245,11): error TS2322: Type 'unknown[]' is not assignable to type 'string[]'.
2026-10-07T21:17:24.1687083Z   Type 'unknown' is not assignable to type 'string'.
2026-10-07T21:17:24.1693897Z ##[error]src/app/api/internal/voice-agent/maintenance-attestation/route.ts(130,86): error TS7006: Parameter 'tx' implicitly has an 'any' type.
2026-10-07T21:17:24.1695787Z ##[error]src/app/api/internal/voice-agent/maintenance-attestation/route.ts(133,27): error TS2347: Untyped function calls may not accept type arguments.
2026-10-07T21:17:24.1710438Z ##[error]src/app/api/v1/admin/demo-grants/[id]/revoke/route.ts(20,75): error TS7006: Parameter 'tx' implicitly has an 'any' type.
2026-10-07T21:17:24.1718252Z ##[error]src/app/api/v1/admin/demo-requests/[id]/reject/route.ts(17,74): error TS7006: Parameter 'tx' implicitly has an 'any' type.
2026-10-07T21:17:24.1719939Z ##[error]src/app/api/v1/admin/demo-requests/[id]/reject/route.ts(37,40): error TS7006: Parameter 'grant' implicitly has an 'any' type.
2026-10-07T21:17:24.1721602Z ##[error]src/app/api/v1/admin/demo-requests/[id]/reject/route.ts(49,27): error TS7006: Parameter 'grant' implicitly has an 'any' type.
2026-10-07T21:17:24.1727169Z ##[error]src/app/api/v1/admin/tenants/[id]/route.ts(225,55): error TS7006: Parameter 'user' implicitly has an 'any' type.
2026-10-07T21:17:24.1732215Z ##[error]src/app/api/v1/api-keys/[id]/route.ts(38,36): error TS7006: Parameter 'tx' implicitly has an 'any' type.
2026-10-07T21:17:24.1734078Z ##[error]src/app/api/v1/api-keys/[id]/route.ts(82,52): error TS7006: Parameter 'tx' implicitly has an 'any' type.
2026-10-07T21:17:24.1737597Z ##[error]src/app/api/v1/audit-log/route.ts(88,17): error TS7006: Parameter 'log' implicitly has an 'any' type.
2026-10-07T21:17:24.1739136Z ##[error]src/app/api/v1/audit-log/route.ts(88,45): error TS7006: Parameter 'id' implicitly has an 'any' type.
2026-10-07T21:17:24.1740722Z ##[error]src/app/api/v1/audit-log/route.ts(96,44): error TS7006: Parameter 'actor' implicitly has an 'any' type.
2026-10-07T21:17:24.1742242Z ##[error]src/app/api/v1/audit-log/route.ts(97,38): error TS7006: Parameter 'log' implicitly has an 'any' type.
2026-10-07T21:17:24.1743730Z ##[error]src/app/api/v1/audit-log/route.ts(101,27): error TS2339: Property 'name' does not exist on type '{}'.
2026-10-07T21:17:24.1745085Z ##[error]src/app/api/v1/audit-log/route.ts(102,28): error TS2339: Property 'email' does not exist on type '{}'.
2026-10-07T21:17:24.1752264Z ##[error]src/app/api/v1/calls/[id]/disposition/route.ts(63,53): error TS7006: Parameter 'tx' implicitly has an 'any' type.
2026-10-07T21:17:24.1760272Z ##[error]src/app/api/v1/complaints/route.ts(95,50): error TS7006: Parameter 'ticket' implicitly has an 'any' type.
2026-10-07T21:17:24.1761788Z ##[error]src/app/api/v1/complaints/route.ts(95,88): error TS7006: Parameter 'id' implicitly has an 'any' type.
2026-10-07T21:17:24.1763236Z ##[error]src/app/api/v1/complaints/route.ts(102,50): error TS7006: Parameter 'user' implicitly has an 'any' type.
2026-10-07T21:17:24.1765003Z ##[error]src/app/api/v1/complaints/route.ts(103,37): error TS7006: Parameter 'ticket' implicitly has an 'any' type.
2026-10-07T21:17:24.1768564Z ##[error]src/app/api/v1/deal-velocity/route.ts(108,25): error TS7006: Parameter 'deal' implicitly has an 'any' type.
2026-10-07T21:17:24.1769963Z ##[error]src/app/api/v1/deal-velocity/route.ts(108,59): error TS7006: Parameter 'id' implicitly has an 'any' type.
2026-10-07T21:17:24.1771843Z ##[error]src/app/api/v1/deal-velocity/route.ts(116,47): error TS7006: Parameter 'owner' implicitly has an 'any' type.
2026-10-07T21:17:24.1773547Z ##[error]src/app/api/v1/deal-velocity/route.ts(117,48): error TS7006: Parameter 'deal' implicitly has an 'any' type.
2026-10-07T21:17:24.1775139Z ##[error]src/app/api/v1/deal-velocity/route.ts(162,22): error TS2339: Property 'id' does not exist on type '{}'.
2026-10-07T21:17:24.1776640Z ##[error]src/app/api/v1/deal-velocity/route.ts(163,24): error TS2339: Property 'name' does not exist on type '{}'.
2026-10-07T21:17:24.1778047Z ##[error]src/app/api/v1/deal-velocity/route.ts(164,29): error TS2339: Property 'assignedTo' does not exist on type '{}'.
2026-10-07T21:17:24.1779460Z ##[error]src/app/api/v1/deal-velocity/route.ts(164,65): error TS2339: Property 'assignedTo' does not exist on type '{}'.
2026-10-07T21:17:24.1780962Z ##[error]src/app/api/v1/deal-velocity/route.ts(165,38): error TS2339: Property 'valueAmount' does not exist on type '{}'.
2026-10-07T21:17:24.1782504Z ##[error]src/app/api/v1/deal-velocity/route.ts(166,28): error TS2339: Property 'currency' does not exist on type '{}'.
2026-10-07T21:17:24.1784092Z ##[error]src/app/api/v1/deal-velocity/route.ts(167,32): error TS2339: Property 'stage' does not exist on type '{}'.
2026-10-07T21:17:24.1791206Z ##[error]src/app/api/v1/inbox/analytics/handoff/route.ts(165,27): error TS7006: Parameter 'row' implicitly has an 'any' type.
2026-10-07T21:17:24.1792890Z ##[error]src/app/api/v1/inbox/analytics/handoff/route.ts(166,26): error TS7006: Parameter 'row' implicitly has an 'any' type.
2026-10-07T21:17:24.1800794Z ##[error]src/app/api/v1/inbox/conversations/[id]/convert-to-lead/route.ts(113,17): error TS18049: 'username' is possibly 'null' or 'undefined'.
2026-10-07T21:17:24.1804433Z ##[error]src/app/api/v1/inbox/conversations/[id]/delivery-reconciliation/route.ts(46,51): error TS7006: Parameter 'tx' implicitly has an 'any' type.
2026-10-07T21:17:24.1806213Z ##[error]src/app/api/v1/inbox/route.ts(315,62): error TS7006: Parameter 'lead' implicitly has an 'any' type.
2026-10-07T21:17:24.1807852Z ##[error]src/app/api/v1/inbox/route.ts(315,96): error TS7006: Parameter 'id' implicitly has an 'any' type.
2026-10-07T21:17:24.1809222Z ##[error]src/app/api/v1/inbox/route.ts(322,63): error TS7006: Parameter 'user' implicitly has an 'any' type.
2026-10-07T21:17:24.1810569Z ##[error]src/app/api/v1/inbox/route.ts(323,55): error TS7006: Parameter 'lead' implicitly has an 'any' type.
2026-10-07T21:17:24.1812445Z ##[error]src/app/api/v1/inbox/route.ts(748,20): error TS7006: Parameter 'row' implicitly has an 'any' type.
2026-10-07T21:17:24.1822031Z ##[error]src/app/api/v1/invoices/[id]/payments/[paymentId]/route.ts(13,54): error TS7006: Parameter 'tx' implicitly has an 'any' type.
2026-10-07T21:17:24.1823955Z ##[error]src/app/api/v1/invoices/[id]/payments/route.ts(57,54): error TS7006: Parameter 'tx' implicitly has an 'any' type.
2026-10-07T21:17:24.1829398Z ##[error]src/app/api/v1/journeys/[id]/route.ts(111,57): error TS7006: Parameter 'tx' implicitly has an 'any' type.
2026-10-07T21:17:24.1834537Z ##[error]src/app/api/v1/journeys/enrollments/[id]/route.ts(89,42): error TS7006: Parameter 'tx' implicitly has an 'any' type.
2026-10-07T21:17:24.1839895Z ##[error]src/app/api/v1/kb-categories/[id]/route.ts(8,52): error TS7006: Parameter 'tx' implicitly has an 'any' type.
2026-10-07T21:17:24.1841279Z ##[error]src/app/api/v1/kb-categories/[id]/route.ts(38,41): error TS7006: Parameter 'article' implicitly has an 'any' type.
2026-10-07T21:17:24.1842928Z ##[error]src/app/api/v1/kb-categories/[id]/route.ts(39,46): error TS7006: Parameter 'category' implicitly has an 'any' type.
2026-10-07T21:17:24.1844745Z ##[error]src/app/api/v1/kb-categories/route.ts(47,53): error TS7006: Parameter 'tx' implicitly has an 'any' type.
2026-10-07T21:17:24.1848066Z ##[error]src/app/api/v1/kb/route.ts(76,26): error TS7006: Parameter 'group' implicitly has an 'any' type.
2026-10-07T21:17:24.1849536Z ##[error]src/app/api/v1/kb/route.ts(92,45): error TS7006: Parameter 'group' implicitly has an 'any' type.
2026-10-07T21:17:24.1855033Z ##[error]src/app/api/v1/leads/[id]/route.ts(39,27): error TS2339: Property 'salesCallOutcomes' does not exist on type '{ assignedToName: any; }'.
2026-10-07T21:17:24.1856749Z ##[error]src/app/api/v1/leads/route.ts(48,48): error TS7006: Parameter 'lead' implicitly has an 'any' type.
2026-10-07T21:17:24.1858301Z ##[error]src/app/api/v1/leads/route.ts(48,82): error TS7006: Parameter 'id' implicitly has an 'any' type.
2026-10-07T21:17:24.1859540Z ##[error]src/app/api/v1/leads/route.ts(55,49): error TS7006: Parameter 'user' implicitly has an 'any' type.
2026-10-07T21:17:24.1861019Z ##[error]src/app/api/v1/leads/route.ts(56,38): error TS7006: Parameter 'lead' implicitly has an 'any' type.
2026-10-07T21:17:24.1872073Z ##[error]src/app/api/v1/mtm/agent-period/route.ts(103,36): error TS7006: Parameter 'point' implicitly has an 'any' type.
2026-10-07T21:17:24.1878045Z ##[error]src/app/api/v1/mtm/agents/[id]/route.ts(270,55): error TS7006: Parameter 'tx' implicitly has an 'any' type.
2026-10-07T21:17:24.1879538Z ##[error]src/app/api/v1/mtm/agents/route.ts(202,80): error TS7006: Parameter 'agent' implicitly has an 'any' type.
2026-10-07T21:17:24.1880957Z ##[error]src/app/api/v1/mtm/agents/route.ts(215,42): error TS7006: Parameter 'day' implicitly has an 'any' type.
2026-10-07T21:17:24.1882534Z ##[error]src/app/api/v1/mtm/agents/route.ts(243,38): error TS7006: Parameter 'agent' implicitly has an 'any' type.
2026-10-07T21:17:24.1884177Z ##[error]src/app/api/v1/mtm/agents/route.ts(289,40): error TS7006: Parameter 'agent' implicitly has an 'any' type.
2026-10-07T21:17:24.1885625Z ##[error]src/app/api/v1/mtm/agents/route.ts(310,29): error TS7006: Parameter 'row' implicitly has an 'any' type.
2026-10-07T21:17:24.1891184Z ##[error]src/app/api/v1/mtm/contacts/[id]/route.ts(153,70): error TS7006: Parameter 'dictionary' implicitly has an 'any' type.
2026-10-07T21:17:24.1892876Z ##[error]src/app/api/v1/mtm/contacts/[id]/route.ts(157,68): error TS7006: Parameter 'assignment' implicitly has an 'any' type.
2026-10-07T21:17:24.1894877Z ##[error]src/app/api/v1/mtm/contacts/[id]/route.ts(197,78): error TS7006: Parameter 'assignment' implicitly has an 'any' type.
2026-10-07T21:17:24.1896393Z ##[error]src/app/api/v1/mtm/contacts/[id]/route.ts(201,14): error TS7006: Parameter 'request' implicitly has an 'any' type.
2026-10-07T21:17:24.1897950Z ##[error]src/app/api/v1/mtm/contacts/[id]/route.ts(202,11): error TS7006: Parameter 'request' implicitly has an 'any' type.
2026-10-07T21:17:24.1899445Z ##[error]src/app/api/v1/mtm/contacts/[id]/route.ts(203,14): error TS7006: Parameter 'targetId' implicitly has an 'any' type.
2026-10-07T21:17:24.1900962Z ##[error]src/app/api/v1/mtm/contacts/[id]/route.ts(216,61): error TS7006: Parameter 'target' implicitly has an 'any' type.
2026-10-07T21:17:24.1902418Z ##[error]src/app/api/v1/mtm/contacts/[id]/route.ts(220,49): error TS7006: Parameter 'request' implicitly has an 'any' type.
2026-10-07T21:17:24.1904397Z ##[error]src/app/api/v1/mtm/contacts/[id]/route.ts(256,118): error TS7006: Parameter 'value' implicitly has an 'any' type.
2026-10-07T21:17:24.1907792Z ##[error]src/app/api/v1/mtm/contacts/facets/route.ts(154,53): error TS18046: 'row' is of type 'unknown'.
2026-10-07T21:17:24.1909295Z ##[error]src/app/api/v1/mtm/contacts/facets/route.ts(159,42): error TS18046: 'row' is of type 'unknown'.
2026-10-07T21:17:24.1910724Z ##[error]src/app/api/v1/mtm/contacts/facets/route.ts(161,44): error TS18046: 'row' is of type 'unknown'.
2026-10-07T21:17:24.1912483Z ##[error]src/app/api/v1/mtm/contacts/facets/route.ts(168,65): error TS18046: 'row' is of type 'unknown'.
2026-10-07T21:17:24.1913968Z ##[error]src/app/api/v1/mtm/contacts/facets/route.ts(169,42): error TS18046: 'row' is of type 'unknown'.
2026-10-07T21:17:24.1915579Z ##[error]src/app/api/v1/mtm/contacts/facets/route.ts(170,74): error TS18046: 'row' is of type 'unknown'.
2026-10-07T21:17:24.1917073Z ##[error]src/app/api/v1/mtm/contacts/facets/route.ts(171,48): error TS18046: 'row' is of type 'unknown'.
2026-10-07T21:17:24.1918746Z ##[error]src/app/api/v1/mtm/contacts/facets/route.ts(172,54): error TS18046: 'row' is of type 'unknown'.
2026-10-07T21:17:24.1919968Z ##[error]src/app/api/v1/mtm/contacts/facets/route.ts(173,62): error TS18046: 'row' is of type 'unknown'.
2026-10-07T21:17:24.1921620Z ##[error]src/app/api/v1/mtm/contacts/facets/route.ts(174,50): error TS18046: 'row' is of type 'unknown'.
2026-10-07T21:17:24.1923323Z ##[error]src/app/api/v1/mtm/contacts/route.ts(268,58): error TS7006: Parameter 'contact' implicitly has an 'any' type.
2026-10-07T21:17:24.1925387Z ##[error]src/app/api/v1/mtm/contacts/route.ts(270,50): error TS7006: Parameter 'assignment' implicitly has an 'any' type.
2026-10-07T21:17:24.1926955Z ##[error]src/app/api/v1/mtm/contacts/route.ts(275,5): error TS2322: Type 'unknown[]' is not assignable to type 'string[]'.
2026-10-07T21:17:24.1927926Z   Type 'unknown' is not assignable to type 'string'.
2026-10-07T21:17:24.1928718Z ##[error]src/app/api/v1/mtm/contacts/route.ts(290,42): error TS7006: Parameter 'contact' implicitly has an 'any' type.
2026-10-07T21:17:24.1930043Z ##[error]src/app/api/v1/mtm/contacts/route.ts(307,23): error TS7006: Parameter 'row' implicitly has an 'any' type.
2026-10-07T21:17:24.1931406Z ##[error]src/app/api/v1/mtm/contacts/route.ts(309,46): error TS7006: Parameter 'contact' implicitly has an 'any' type.
2026-10-07T21:17:24.1932753Z ##[error]src/app/api/v1/mtm/contacts/route.ts(314,50): error TS7006: Parameter 'assignment' implicitly has an 'any' type.
2026-10-07T21:17:24.1934476Z ##[error]src/app/api/v1/mtm/contacts/route.ts(344,73): error TS2339: Property 'explanation' does not exist on type '{}'.
2026-10-07T21:17:24.1935856Z ##[error]src/app/api/v1/mtm/contacts/route.ts(345,30): error TS2339: Property 'uncoveredMoi' does not exist on type '{}'.
2026-10-07T21:17:24.1937194Z ##[error]src/app/api/v1/mtm/contacts/route.ts(358,23): error TS2339: Property 'groupKey' does not exist on type '{}'.
2026-10-07T21:17:24.1938526Z ##[error]src/app/api/v1/mtm/contacts/route.ts(359,25): error TS2339: Property 'groupLabel' does not exist on type '{}'.
2026-10-07T21:17:24.1940275Z ##[error]src/app/api/v1/mtm/contacts/route.ts(360,31): error TS2339: Property 'requiredCoverage' does not exist on type '{}'.
2026-10-07T21:17:24.1941658Z ##[error]src/app/api/v1/mtm/contacts/route.ts(361,24): error TS2339: Property 'actualMoi' does not exist on type '{}'.
2026-10-07T21:17:24.1942974Z ##[error]src/app/api/v1/mtm/contacts/route.ts(362,21): error TS2339: Property 'target' does not exist on type '{}'.
2026-10-07T21:17:24.1944625Z ##[error]src/app/api/v1/mtm/contacts/route.ts(363,29): error TS2339: Property 'actualCoverage' does not exist on type '{}'.
2026-10-07T21:17:24.1946152Z ##[error]src/app/api/v1/mtm/contacts/route.ts(375,45): error TS7031: Binding element 'dictionaryAssignments' implicitly has an 'any' type.
2026-10-07T21:17:24.1950340Z ##[error]src/app/api/v1/mtm/contacts/views/route.ts(23,25): error TS7006: Parameter 'view' implicitly has an 'any' type.
2026-10-07T21:17:24.1957720Z ##[error]src/app/api/v1/mtm/coverage-snapshots/[id]/rows/route.ts(119,36): error TS7006: Parameter 'row' implicitly has an 'any' type.
2026-10-07T21:17:24.1959248Z ##[error]src/app/api/v1/mtm/coverage-snapshots/[id]/rows/route.ts(135,28): error TS7006: Parameter 'row' implicitly has an 'any' type.
2026-10-07T21:17:24.1967632Z ##[error]src/app/api/v1/mtm/customer-create-requests/[id]/decision/route.ts(132,13): error TS2322: Type '"RESCHEDULE" | "APPROVED" | "REJECTED" | "NEEDS_INFO"' is not assignable to type 'MtmApprovalStatus | EnumMtmApprovalStatusFieldUpdateOperationsInput | undefined'.
2026-10-07T21:17:24.1969414Z   Type '"RESCHEDULE"' is not assignable to type 'MtmApprovalStatus | EnumMtmApprovalStatusFieldUpdateOperationsInput | undefined'.
2026-10-07T21:17:24.1977948Z ##[error]src/app/api/v1/mtm/doctor-scoring/formulas/[id]/activate/route.ts(49,54): error TS7006: Parameter 'tx' implicitly has an 'any' type.
2026-10-07T21:17:24.1981237Z ##[error]src/app/api/v1/mtm/kpi/route.ts(235,44): error TS7006: Parameter 'agent' implicitly has an 'any' type.
2026-10-07T21:17:24.1982771Z ##[error]src/app/api/v1/mtm/kpi/route.ts(297,69): error TS7006: Parameter 'point' implicitly has an 'any' type.
2026-10-07T21:17:24.1984626Z ##[error]src/app/api/v1/mtm/kpi/route.ts(300,66): error TS2339: Property 'agentId' does not exist on type '{ assignedAt: Date; removedAt: Date | null; }'.
2026-10-07T21:17:24.1986651Z ##[error]src/app/api/v1/mtm/kpi/route.ts(302,59): error TS7006: Parameter 'visit' implicitly has an 'any' type.
2026-10-07T21:17:24.1988357Z ##[error]src/app/api/v1/mtm/kpi/route.ts(305,67): error TS2339: Property 'agentId' does not exist on type '{ joinedAt: Date; leftAt: Date | null; }'.
2026-10-07T21:17:24.1990364Z ##[error]src/app/api/v1/mtm/kpi/route.ts(324,7): error TS2345: Argument of type '{ assignedAt: Date; removedAt: Date | null; }[]' is not assignable to parameter of type '{ agentId: string; agent: { name: string; }; }[]'.
2026-10-07T21:17:24.1991913Z   Type '{ assignedAt: Date; removedAt: Date | null; }' is missing the following properties from type '{ agentId: string; agent: { name: string; }; }': agentId, agent
2026-10-07T21:17:24.1993807Z ##[error]src/app/api/v1/mtm/kpi/route.ts(332,7): error TS2345: Argument of type '{ joinedAt: Date; leftAt: Date | null; }[]' is not assignable to parameter of type '{ agentId: string; agent: { name: string; }; }[]'.
2026-10-07T21:17:24.1995331Z   Type '{ joinedAt: Date; leftAt: Date | null; }' is missing the following properties from type '{ agentId: string; agent: { name: string; }; }': agentId, agent
2026-10-07T21:17:24.1996456Z ##[error]src/app/api/v1/mtm/kpi/route.ts(388,69): error TS7006: Parameter 'potential' implicitly has an 'any' type.
2026-10-07T21:17:24.1997868Z ##[error]src/app/api/v1/mtm/kpi/route.ts(440,51): error TS2339: Property 'supersedesPotentialId' does not exist on type '{}'.
2026-10-07T21:17:24.1999168Z ##[error]src/app/api/v1/mtm/kpi/route.ts(459,57): error TS7006: Parameter 'visit' implicitly has an 'any' type.
2026-10-07T21:17:24.2000404Z ##[error]src/app/api/v1/mtm/kpi/route.ts(461,46): error TS7006: Parameter 'result' implicitly has an 'any' type.
2026-10-07T21:17:24.2001804Z ##[error]src/app/api/v1/mtm/kpi/route.ts(469,66): error TS7006: Parameter 'visit' implicitly has an 'any' type.
2026-10-07T21:17:24.2003300Z ##[error]src/app/api/v1/mtm/kpi/route.ts(471,110): error TS2339: Property 'agentId' does not exist on type '{ joinedAt: Date; leftAt: Date | null; }'.
2026-10-07T21:17:24.2005460Z ##[error]src/app/api/v1/mtm/kpi/route.ts(474,7): error TS2345: Argument of type '{ joinedAt: Date; leftAt: Date | null; }[]' is not assignable to parameter of type '{ agentId: string; agent: { name: string; }; }[]'.
2026-10-07T21:17:24.2006993Z   Type '{ joinedAt: Date; leftAt: Date | null; }' is missing the following properties from type '{ agentId: string; agent: { name: string; }; }': agentId, agent
2026-10-07T21:17:24.2008239Z ##[error]src/app/api/v1/mtm/kpi/route.ts(496,12): error TS2488: Type '{}' must have a '[Symbol.iterator]()' method that returns an iterator.
2026-10-07T21:17:24.2009594Z ##[error]src/app/api/v1/mtm/kpi/route.ts(540,76): error TS7006: Parameter 'point' implicitly has an 'any' type.
2026-10-07T21:17:24.2011400Z ##[error]src/app/api/v1/mtm/kpi/route.ts(552,115): error TS2339: Property 'agentId' does not exist on type '{ assignedAt: Date; removedAt: Date | null; }'.
2026-10-07T21:17:24.2013719Z ##[error]src/app/api/v1/mtm/kpi/route.ts(555,7): error TS2345: Argument of type '{ assignedAt: Date; removedAt: Date | null; }[]' is not assignable to parameter of type '{ agentId: string; agent: { name: string; }; }[]'.
2026-10-07T21:17:24.2015263Z   Type '{ assignedAt: Date; removedAt: Date | null; }' is missing the following properties from type '{ agentId: string; agent: { name: string; }; }': agentId, agent
2026-10-07T21:17:24.2016543Z ##[error]src/app/api/v1/mtm/kpi/route.ts(569,59): error TS2339: Property 'role' does not exist on type '{ assignedAt: Date; removedAt: Date | null; }'.
2026-10-07T21:17:24.2017894Z ##[error]src/app/api/v1/mtm/kpi/route.ts(597,47): error TS7006: Parameter 'row' implicitly has an 'any' type.
2026-10-07T21:17:24.2019318Z ##[error]src/app/api/v1/mtm/kpi/route.ts(602,35): error TS7006: Parameter 'point' implicitly has an 'any' type.
2026-10-07T21:17:24.2020565Z ##[error]src/app/api/v1/mtm/kpi/route.ts(603,30): error TS7006: Parameter 'visit' implicitly has an 'any' type.
2026-10-07T21:17:24.2021794Z ##[error]src/app/api/v1/mtm/kpi/route.ts(605,35): error TS7006: Parameter 'result' implicitly has an 'any' type.
2026-10-07T21:17:24.2022979Z ##[error]src/app/api/v1/mtm/kpi/route.ts(605,72): error TS7006: Parameter 'value' implicitly has an 'any' type.
2026-10-07T21:17:24.2024504Z ##[error]src/app/api/v1/mtm/kpi/route.ts(607,42): error TS7006: Parameter 'workday' implicitly has an 'any' type.
2026-10-07T21:17:24.2025732Z ##[error]src/app/api/v1/mtm/kpi/route.ts(608,47): error TS7006: Parameter 'potential' implicitly has an 'any' type.
2026-10-07T21:17:24.2027011Z ##[error]src/app/api/v1/mtm/kpi/route.ts(608,107): error TS7006: Parameter 'potential' implicitly has an 'any' type.
2026-10-07T21:17:24.2028378Z ##[error]src/app/api/v1/mtm/kpi/route.ts(609,28): error TS7006: Parameter 'adjustment' implicitly has an 'any' type.
2026-10-07T21:17:24.2029617Z ##[error]src/app/api/v1/mtm/kpi/route.ts(632,49): error TS7006: Parameter 'workday' implicitly has an 'any' type.
2026-10-07T21:17:24.2030817Z ##[error]src/app/api/v1/mtm/kpi/route.ts(651,51): error TS7006: Parameter 'agent' implicitly has an 'any' type.
2026-10-07T21:17:24.2032016Z ##[error]src/app/api/v1/mtm/kpi/route.ts(651,80): error TS7006: Parameter 'agent' implicitly has an 'any' type.
2026-10-07T21:17:24.2036102Z ##[error]src/app/api/v1/mtm/location-history/route.ts(339,69): error TS7006: Parameter 'row' implicitly has an 'any' type.
2026-10-07T21:17:24.2037477Z ##[error]src/app/api/v1/mtm/location-history/route.ts(401,40): error TS7006: Parameter 'route' implicitly has an 'any' type.
2026-10-07T21:17:24.2038777Z ##[error]src/app/api/v1/mtm/location-history/route.ts(401,68): error TS7006: Parameter 'point' implicitly has an 'any' type.
2026-10-07T21:17:24.2040183Z ##[error]src/app/api/v1/mtm/location-history/route.ts(410,37): error TS7006: Parameter 'point' implicitly has an 'any' type.
2026-10-07T21:17:24.2041459Z ##[error]src/app/api/v1/mtm/location-history/route.ts(516,31): error TS7006: Parameter 'row' implicitly has an 'any' type.
2026-10-07T21:17:24.2042736Z ##[error]src/app/api/v1/mtm/location-history/route.ts(520,31): error TS7006: Parameter 'route' implicitly has an 'any' type.
2026-10-07T21:17:24.2044233Z ##[error]src/app/api/v1/mtm/location-history/route.ts(522,31): error TS7006: Parameter 'visit' implicitly has an 'any' type.
2026-10-07T21:17:24.2045528Z ##[error]src/app/api/v1/mtm/location-history/route.ts(529,34): error TS7006: Parameter 'route' implicitly has an 'any' type.
2026-10-07T21:17:24.2046810Z ##[error]src/app/api/v1/mtm/location-history/route.ts(531,35): error TS7006: Parameter 'point' implicitly has an 'any' type.
2026-10-07T21:17:24.2050299Z ##[error]src/app/api/v1/mtm/locations/route.ts(163,53): error TS7006: Parameter 'location' implicitly has an 'any' type.
2026-10-07T21:17:24.2051657Z ##[error]src/app/api/v1/mtm/locations/route.ts(172,36): error TS7006: Parameter 'location' implicitly has an 'any' type.
2026-10-07T21:17:24.2052892Z ##[error]src/app/api/v1/mtm/locations/route.ts(401,43): error TS7006: Parameter 'v' implicitly has an 'any' type.
2026-10-07T21:17:24.2054423Z ##[error]src/app/api/v1/mtm/locations/route.ts(431,25): error TS7006: Parameter 'a' implicitly has an 'any' type.
2026-10-07T21:17:24.2055671Z ##[error]src/app/api/v1/mtm/locations/route.ts(549,55): error TS7006: Parameter 'tx' implicitly has an 'any' type.
2026-10-07T21:17:24.2064868Z ##[error]src/app/api/v1/mtm/mobile/documents/[documentId]/download/route.ts(32,84): error TS7006: Parameter 'group' implicitly has an 'any' type.
2026-10-07T21:17:24.2076687Z ##[error]src/app/api/v1/mtm/mobile/hrm/exceptions/[id]/response/route.ts(104,47): error TS7006: Parameter 'tx' implicitly has an 'any' type.
2026-10-07T21:17:24.2079521Z ##[error]src/app/api/v1/mtm/mobile/hrm/exceptions/route.ts(95,31): error TS7006: Parameter 'item' implicitly has an 'any' type.
2026-10-07T21:17:24.2084626Z ##[error]src/app/api/v1/mtm/mobile/kpi/route.ts(214,69): error TS7006: Parameter 'route' implicitly has an 'any' type.
2026-10-07T21:17:24.2086815Z ##[error]src/app/api/v1/mtm/mobile/kpi/route.ts(215,65): error TS7006: Parameter 'assignment' implicitly has an 'any' type.
2026-10-07T21:17:24.2088780Z ##[error]src/app/api/v1/mtm/mobile/kpi/route.ts(220,53): error TS7006: Parameter 'route' implicitly has an 'any' type.
2026-10-07T21:17:24.2090745Z ##[error]src/app/api/v1/mtm/mobile/kpi/route.ts(239,38): error TS7006: Parameter 'route' implicitly has an 'any' type.
2026-10-07T21:17:24.2092615Z ##[error]src/app/api/v1/mtm/mobile/kpi/route.ts(243,56): error TS7006: Parameter 'point' implicitly has an 'any' type.
2026-10-07T21:17:24.2094692Z ##[error]src/app/api/v1/mtm/mobile/kpi/route.ts(251,62): error TS7006: Parameter 'visit' implicitly has an 'any' type.
2026-10-07T21:17:24.2096708Z ##[error]src/app/api/v1/mtm/mobile/kpi/route.ts(252,66): error TS7006: Parameter 'participant' implicitly has an 'any' type.
2026-10-07T21:17:24.2098665Z ##[error]src/app/api/v1/mtm/mobile/kpi/route.ts(254,12): error TS7006: Parameter 'visit' implicitly has an 'any' type.
2026-10-07T21:17:24.2100730Z ##[error]src/app/api/v1/mtm/mobile/kpi/route.ts(269,26): error TS7006: Parameter 'route' implicitly has an 'any' type.
2026-10-07T21:17:24.2102680Z ##[error]src/app/api/v1/mtm/mobile/kpi/route.ts(269,54): error TS7006: Parameter 'point' implicitly has an 'any' type.
2026-10-07T21:17:24.2104759Z ##[error]src/app/api/v1/mtm/mobile/kpi/route.ts(270,22): error TS7006: Parameter 'visit' implicitly has an 'any' type.
2026-10-07T21:17:24.2106713Z ##[error]src/app/api/v1/mtm/mobile/kpi/route.ts(296,40): error TS7006: Parameter 'visit' implicitly has an 'any' type.
2026-10-07T21:17:24.2111858Z ##[error]src/app/api/v1/mtm/mobile/location/route.ts(245,51): error TS7006: Parameter 'tx' implicitly has an 'any' type.
2026-10-07T21:17:24.2113835Z ##[error]src/app/api/v1/mtm/mobile/location/route.ts(499,35): error TS7006: Parameter 'location' implicitly has an 'any' type.
2026-10-07T21:17:24.2119402Z ##[error]src/app/api/v1/mtm/mobile/manager/locations/route.ts(65,46): error TS7031: Binding element 'agentLocations' implicitly has an 'any' type.
2026-10-07T21:17:24.2120980Z ##[error]src/app/api/v1/mtm/mobile/manager/locations/route.ts(65,62): error TS7031: Binding element 'latestLocation' implicitly has an 'any' type.
2026-10-07T21:17:24.2124275Z ##[error]src/app/api/v1/mtm/mobile/manager/team/route.ts(62,29): error TS7006: Parameter 'row' implicitly has an 'any' type.
2026-10-07T21:17:24.2127482Z ##[error]src/app/api/v1/mtm/mobile/presentation-sessions/route.ts(70,70): error TS7006: Parameter 'group' implicitly has an 'any' type.
2026-10-07T21:17:24.2130786Z ##[error]src/app/api/v1/mtm/mobile/products/route.ts(30,70): error TS7006: Parameter 'group' implicitly has an 'any' type.
2026-10-07T21:17:24.2132155Z ##[error]src/app/api/v1/mtm/mobile/products/route.ts(72,20): error TS7006: Parameter 'group' implicitly has an 'any' type.
2026-10-07T21:17:24.2133726Z ##[error]src/app/api/v1/mtm/mobile/products/route.ts(73,19): error TS7031: Binding element 'members' implicitly has an 'any' type.
2026-10-07T21:17:24.2135128Z ##[error]src/app/api/v1/mtm/mobile/products/route.ts(74,33): error TS7006: Parameter 'product' implicitly has an 'any' type.
2026-10-07T21:17:24.2141006Z ##[error]src/app/api/v1/mtm/mobile/routes/targets/route.ts(257,50): error TS7006: Parameter 'customer' implicitly has an 'any' type.
2026-10-07T21:17:24.2147879Z ##[error]src/app/api/v1/mtm/mobile/routes/targets/route.ts(393,51): error TS7006: Parameter 'contact' implicitly has an 'any' type.
2026-10-07T21:17:24.2149358Z ##[error]src/app/api/v1/mtm/mobile/routes/targets/route.ts(398,48): error TS7006: Parameter 'candidate' implicitly has an 'any' type.
2026-10-07T21:17:24.2154574Z ##[error]src/app/api/v1/mtm/mobile/sync/pull/route.ts(925,45): error TS7006: Parameter 'contact' implicitly has an 'any' type.
2026-10-07T21:17:24.2156155Z ##[error]src/app/api/v1/mtm/mobile/sync/pull/route.ts(927,73): error TS7006: Parameter 'assignment' implicitly has an 'any' type.
2026-10-07T21:17:24.2159520Z ##[error]src/app/api/v1/mtm/mobile/sync/push/route.ts(772,62): error TS2345: Argument of type '{}' is not assignable to parameter of type 'string'.
2026-10-07T21:17:24.2161078Z ##[error]src/app/api/v1/mtm/mobile/sync/push/route.ts(774,66): error TS2345: Argument of type '{}' is not assignable to parameter of type 'string'.
2026-10-07T21:17:24.2162534Z ##[error]src/app/api/v1/mtm/mobile/sync/push/route.ts(985,55): error TS2769: No overload matches this call.
2026-10-07T21:17:24.2163690Z   Overload 1 of 4, '(value: string | number | Date): Date', gave the following error.
2026-10-07T21:17:24.2164262Z     Argument of type '{}' is not assignable to parameter of type 'string | number | Date'.
2026-10-07T21:17:24.2164784Z   Overload 2 of 4, '(value: string | number): Date', gave the following error.
2026-10-07T21:17:24.2165300Z     Argument of type '{}' is not assignable to parameter of type 'string | number'.
2026-10-07T21:17:24.2166445Z ##[error]src/app/api/v1/mtm/mobile/sync/push/route.ts(994,19): error TS2322: Type 'unknown' is not assignable to type 'string | StringFilter<"MtmRoutePoint"> | undefined'.
2026-10-07T21:17:24.2168135Z ##[error]src/app/api/v1/mtm/mobile/sync/push/route.ts(1044,19): error TS2322: Type 'unknown' is not assignable to type 'string | StringFilter<"MtmCustomer"> | undefined'.
2026-10-07T21:17:24.2169837Z ##[error]src/app/api/v1/mtm/mobile/sync/push/route.ts(1068,31): error TS2322: Type 'unknown' is not assignable to type 'string | StringFilter<"MtmContactWorkplace"> | undefined'.
2026-10-07T21:17:24.2172475Z ##[error]src/app/api/v1/mtm/mobile/sync/push/route.ts(1137,21): error TS2322: Type '{ messageKey: MtmAlertMessageKey; messageParams: MtmAlertMessageParams; customerId: unknown; routeId: string | null; ... 5 more ...; actorRole: string; }' is not assignable to type 'NullableJsonNullValueInput | InputJsonValue | undefined'.
2026-10-07T21:17:24.2174336Z   Types of property 'customerId' are incompatible.
2026-10-07T21:17:24.2174805Z     Type 'unknown' is not assignable to type 'InputJsonValue | null | undefined'.
2026-10-07T21:17:24.2175959Z ##[error]src/app/api/v1/mtm/mobile/sync/push/route.ts(1170,21): error TS2322: Type 'unknown' is not assignable to type 'string | StringFilter<"MtmRoutePoint"> | undefined'.
2026-10-07T21:17:24.2177473Z ##[error]src/app/api/v1/mtm/mobile/sync/push/route.ts(1205,21): error TS2322: Type 'unknown' is not assignable to type 'string | undefined'.
2026-10-07T21:17:24.2178933Z ##[error]src/app/api/v1/mtm/mobile/sync/push/route.ts(1206,21): error TS2322: Type '{} | null' is not assignable to type 'string | null | undefined'.
2026-10-07T21:17:24.2179881Z   Type '{}' is not assignable to type 'string'.
2026-10-07T21:17:24.2180802Z ##[error]src/app/api/v1/mtm/mobile/sync/push/route.ts(1211,21): error TS2322: Type '{} | null' is not assignable to type 'number | null | undefined'.
2026-10-07T21:17:24.2181821Z   Type '{}' is not assignable to type 'number'.
2026-10-07T21:17:24.2182718Z ##[error]src/app/api/v1/mtm/mobile/sync/push/route.ts(1212,21): error TS2322: Type '{} | null' is not assignable to type 'number | null | undefined'.
2026-10-07T21:17:24.2183917Z   Type '{}' is not assignable to type 'number'.
2026-10-07T21:17:24.2184815Z ##[error]src/app/api/v1/mtm/mobile/sync/push/route.ts(1214,21): error TS2322: Type '{} | null' is not assignable to type 'string | null | undefined'.
2026-10-07T21:17:24.2185796Z   Type '{}' is not assignable to type 'string'.
2026-10-07T21:17:24.2186662Z ##[error]src/app/api/v1/mtm/mobile/sync/push/route.ts(1237,19): error TS2322: Type 'unknown' is not assignable to type 'string | null | undefined'.
2026-10-07T21:17:24.2189382Z ##[error]src/app/api/v1/mtm/mobile/sync/push/route.ts(1263,51): error TS2551: Property 'route' does not exist on type '{ status: MtmPointStatus; id: string; organizationId: string; contactId: string | null; updatedAt: Date; deletedAt: Date | null; notes: string | null; version: number; ... 4 more ...; visitedAt: Date | null; }'. Did you mean 'routeId'?
2026-10-07T21:17:24.2191293Z ##[error]src/app/api/v1/mtm/mobile/sync/push/route.ts(1263,77): error TS7006: Parameter 'assignment' implicitly has an 'any' type.
2026-10-07T21:17:24.2192645Z ##[error]src/app/api/v1/mtm/mobile/sync/push/route.ts(1266,47): error TS7006: Parameter 'assignment' implicitly has an 'any' type.
2026-10-07T21:17:24.2194469Z ##[error]src/app/api/v1/mtm/mobile/sync/push/route.ts(1286,22): error TS2322: Type 'unknown' is not assignable to type 'string | StringFilter<"MtmVisit"> | undefined'.
2026-10-07T21:17:24.2196036Z ##[error]src/app/api/v1/mtm/mobile/sync/push/route.ts(1296,105): error TS2345: Argument of type '{}' is not assignable to parameter of type 'string'.
2026-10-07T21:17:24.2197615Z ##[error]src/app/api/v1/mtm/mobile/sync/push/route.ts(1303,19): error TS2322: Type 'unknown' is not assignable to type 'string | StringFilter<"MtmVisit"> | undefined'.
2026-10-07T21:17:24.2199049Z ##[error]src/app/api/v1/mtm/mobile/sync/push/route.ts(1329,19): error TS2322: Type 'unknown' is not assignable to type 'string'.
2026-10-07T21:17:24.2200276Z ##[error]src/app/api/v1/mtm/mobile/sync/push/route.ts(1331,58): error TS2769: No overload matches this call.
2026-10-07T21:17:24.2201348Z   Overload 1 of 4, '(value: string | number | Date): Date', gave the following error.
2026-10-07T21:17:24.2201898Z     Argument of type '{}' is not assignable to parameter of type 'string | number | Date'.
2026-10-07T21:17:24.2202429Z   Overload 2 of 4, '(value: string | number): Date', gave the following error.
2026-10-07T21:17:24.2202928Z     Argument of type '{}' is not assignable to parameter of type 'string | number'.
2026-10-07T21:17:24.2204160Z ##[error]src/app/api/v1/mtm/mobile/sync/push/route.ts(1332,19): error TS2322: Type 'unknown' is not assignable to type 'number | null | undefined'.
2026-10-07T21:17:24.2205681Z ##[error]src/app/api/v1/mtm/mobile/sync/push/route.ts(1333,19): error TS2322: Type 'unknown' is not assignable to type 'number | null | undefined'.
2026-10-07T21:17:24.2207357Z ##[error]src/app/api/v1/mtm/mobile/sync/push/route.ts(1381,19): error TS2322: Type 'unknown' is not assignable to type 'string | StringFilter<"MtmVisit"> | undefined'.
2026-10-07T21:17:24.2208686Z ##[error]src/app/api/v1/mtm/mobile/sync/push/route.ts(1389,64): error TS2769: No overload matches this call.
2026-10-07T21:17:24.2209648Z   Overload 1 of 4, '(value: string | number | Date): Date', gave the following error.
2026-10-07T21:17:24.2210192Z     Argument of type '{}' is not assignable to parameter of type 'string | number | Date'.
2026-10-07T21:17:24.2210720Z   Overload 2 of 4, '(value: string | number): Date', gave the following error.
2026-10-07T21:17:24.2211576Z     Argument of type '{}' is not assignable to parameter of type 'string | number'.
2026-10-07T21:17:24.2212711Z ##[error]src/app/api/v1/mtm/mobile/sync/push/route.ts(1404,28): error TS2322: Type 'unknown' is not assignable to type 'string | StringFilter<"MtmVisit"> | undefined'.
2026-10-07T21:17:24.2214559Z ##[error]src/app/api/v1/mtm/mobile/sync/push/route.ts(1421,15): error TS2322: Type 'unknown' is not assignable to type 'string | StringFilter<"MtmVisit"> | undefined'.
2026-10-07T21:17:24.2216208Z ##[error]src/app/api/v1/mtm/mobile/sync/push/route.ts(1431,15): error TS2322: Type 'unknown' is not assignable to type 'string | StringFilter<"MtmVisit"> | undefined'.
2026-10-07T21:17:24.2218877Z ##[error]src/app/api/v1/mtm/mobile/sync/push/route.ts(1445,38): error TS2339: Property 'requirementSnapshot' does not exist on type '{ status: MtmVisitStatus; id: string; organizationId: string; contactId: string | null; createdAt: Date; updatedAt: Date; deletedAt: Date | null; notes: string | null; ... 19 more ...; tasksTotal: number; }'.
2026-10-07T21:17:24.2221329Z ##[error]src/app/api/v1/mtm/mobile/sync/push/route.ts(1724,69): error TS2367: This comparison appears to be unintentional because the types '"IN_PROGRESS" | "PENDING" | "OVERDUE"' and '"COMPLETED"' have no overlap.
2026-10-07T21:17:24.2229154Z ##[error]src/app/api/v1/mtm/mobile/tasks/[id]/duplicate/route.ts(80,54): error TS7006: Parameter 'tx' implicitly has an 'any' type.
2026-10-07T21:17:24.2232475Z ##[error]src/app/api/v1/mtm/mobile/tasks/[id]/progress/route.ts(55,52): error TS7006: Parameter 'tx' implicitly has an 'any' type.
2026-10-07T21:17:24.2236235Z ##[error]src/app/api/v1/mtm/mobile/tasks/[id]/return/route.ts(92,38): error TS7006: Parameter 'tx' implicitly has an 'any' type.
2026-10-07T21:17:24.2239314Z ##[error]src/app/api/v1/mtm/mobile/tasks/[id]/route.ts(48,12): error TS2339: Property 'taskGroupCode' does not exist on type '{ expectedVersion: number; title?: string | undefined; description?: string | null | undefined; priority?: "HIGH" | "MEDIUM" | "LOW" | "URGENT" | undefined; dueDate?: string | null | undefined; recurrenceRule?: "DAILY" | ... 3 more ... | undefined; recurrenceInterval?: number | undefined; }'.
2026-10-07T21:17:24.2241417Z ##[error]src/app/api/v1/mtm/mobile/tasks/[id]/route.ts(191,38): error TS7006: Parameter 'tx' implicitly has an 'any' type.
2026-10-07T21:17:24.2244819Z ##[error]src/app/api/v1/mtm/mobile/tasks/bulk-reassign/route.ts(63,34): error TS7006: Parameter 'task' implicitly has an 'any' type.
2026-10-07T21:17:24.2246247Z ##[error]src/app/api/v1/mtm/mobile/tasks/bulk-reassign/route.ts(71,31): error TS7006: Parameter 'task' implicitly has an 'any' type.
2026-10-07T21:17:24.2247572Z ##[error]src/app/api/v1/mtm/mobile/tasks/bulk-reassign/route.ts(77,38): error TS7006: Parameter 'tx' implicitly has an 'any' type.
2026-10-07T21:17:24.2249341Z ##[error]src/app/api/v1/mtm/mobile/tasks/bulk-reassign/route.ts(129,27): error TS7006: Parameter 'task' implicitly has an 'any' type.
2026-10-07T21:17:24.2250676Z ##[error]src/app/api/v1/mtm/mobile/tasks/bulk-reassign/route.ts(139,27): error TS7006: Parameter 'task' implicitly has an 'any' type.
2026-10-07T21:17:24.2254342Z ##[error]src/app/api/v1/mtm/mobile/team-schedule/route.ts(154,76): error TS7006: Parameter 'row' implicitly has an 'any' type.
2026-10-07T21:17:24.2261978Z ##[error]src/app/api/v1/mtm/mobile/visits/[id]/workspace/route.ts(141,70): error TS7006: Parameter 'requirement' implicitly has an 'any' type.
2026-10-07T21:17:24.2263729Z ##[error]src/app/api/v1/mtm/mobile/visits/[id]/workspace/route.ts(146,65): error TS7006: Parameter 'requirement' implicitly has an 'any' type.
2026-10-07T21:17:24.2267122Z ##[error]src/app/api/v1/mtm/mobile/week/route.ts(480,13): error TS7006: Parameter 'notification' implicitly has an 'any' type.
2026-10-07T21:17:24.2268474Z ##[error]src/app/api/v1/mtm/mobile/week/route.ts(484,14): error TS7006: Parameter 'entry' implicitly has an 'any' type.
2026-10-07T21:17:24.2271561Z ##[error]src/app/api/v1/mtm/notifications/route.ts(77,29): error TS7006: Parameter 'row' implicitly has an 'any' type.
2026-10-07T21:17:24.2272887Z ##[error]src/app/api/v1/mtm/notifications/route.ts(84,46): error TS7006: Parameter 'item' implicitly has an 'any' type.
2026-10-07T21:17:24.2274454Z ##[error]src/app/api/v1/mtm/notifications/route.ts(85,32): error TS7006: Parameter 'id' implicitly has an 'any' type.
2026-10-07T21:17:24.2277735Z ##[error]src/app/api/v1/mtm/organization-attribute-packages/route.ts(54,50): error TS7006: Parameter 'customer' implicitly has an 'any' type.
2026-10-07T21:17:24.2281833Z ##[error]src/app/api/v1/mtm/organization-attribute-packages/route.ts(84,9): error TS2322: Type '{ organizationId: string; packageId: string; customerId: {}; organizationCode: string; medicalCategoryCode: string | null; medicalCategoryLabels: InputJsonValue | undefined; licenseStatus: "NOT_REQUIRED" | ... 2 more ... | null; licenseLabels: InputJsonValue | undefined; polygonCode: string | null; polygonLabels: In...' is not assignable to type 'MtmOrganizationAttributeFactCreateManyInput | MtmOrganizationAttributeFactCreateManyInput[]'.
2026-10-07T21:17:24.2285449Z   Type '{ organizationId: string; packageId: string; customerId: {}; organizationCode: string; medicalCategoryCode: string | null; medicalCategoryLabels: InputJsonValue | undefined; licenseStatus: "NOT_REQUIRED" | ... 2 more ... | null; licenseLabels: InputJsonValue | undefined; polygonCode: string | null; polygonLabels: In...' is not assignable to type 'MtmOrganizationAttributeFactCreateManyInput[]'.
2026-10-07T21:17:24.2287858Z     Type '{ organizationId: string; packageId: string; customerId: {}; organizationCode: string; medicalCategoryCode: string | null; medicalCategoryLabels: Prisma.InputJsonValue | undefined; licenseStatus: "NOT_REQUIRED" | ... 2 more ... | null; licenseLabels: Prisma.InputJsonValue | undefined; polygonCode: string | null; pol...' is not assignable to type 'MtmOrganizationAttributeFactCreateManyInput'.
2026-10-07T21:17:24.2289191Z       Types of property 'customerId' are incompatible.
2026-10-07T21:17:24.2289579Z         Type '{}' is not assignable to type 'string'.
2026-10-07T21:17:24.2294359Z ##[error]src/app/api/v1/mtm/organizations/[id]/route.ts(208,39): error TS7006: Parameter 'row' implicitly has an 'any' type.
2026-10-07T21:17:24.2295767Z ##[error]src/app/api/v1/mtm/organizations/[id]/route.ts(209,37): error TS7006: Parameter 'row' implicitly has an 'any' type.
2026-10-07T21:17:24.2299541Z ##[error]src/app/api/v1/mtm/organizations/facets/route.ts(226,18): error TS7006: Parameter 'fact' implicitly has an 'any' type.
2026-10-07T21:17:24.2300963Z ##[error]src/app/api/v1/mtm/organizations/facets/route.ts(227,15): error TS7006: Parameter 'fact' implicitly has an 'any' type.
2026-10-07T21:17:24.2302405Z ##[error]src/app/api/v1/mtm/organizations/facets/route.ts(229,18): error TS7006: Parameter 'fact' implicitly has an 'any' type.
2026-10-07T21:17:24.2303957Z ##[error]src/app/api/v1/mtm/organizations/facets/route.ts(230,15): error TS7006: Parameter 'fact' implicitly has an 'any' type.
2026-10-07T21:17:24.2305346Z ##[error]src/app/api/v1/mtm/organizations/facets/route.ts(232,18): error TS7006: Parameter 'fact' implicitly has an 'any' type.
2026-10-07T21:17:24.2306651Z ##[error]src/app/api/v1/mtm/organizations/facets/route.ts(233,15): error TS7006: Parameter 'fact' implicitly has an 'any' type.
2026-10-07T21:17:24.2310062Z ##[error]src/app/api/v1/mtm/organizations/views/route.ts(23,25): error TS7006: Parameter 'view' implicitly has an 'any' type.
2026-10-07T21:17:24.2313865Z ##[error]src/app/api/v1/mtm/product-groups/route.ts(56,27): error TS7006: Parameter 'group' implicitly has an 'any' type.
2026-10-07T21:17:24.2315236Z ##[error]src/app/api/v1/mtm/product-groups/route.ts(57,48): error TS7006: Parameter 'group' implicitly has an 'any' type.
2026-10-07T21:17:24.2316523Z ##[error]src/app/api/v1/mtm/product-groups/route.ts(60,48): error TS7006: Parameter 'member' implicitly has an 'any' type.
2026-10-07T21:17:24.2317810Z ##[error]src/app/api/v1/mtm/product-groups/route.ts(64,48): error TS7006: Parameter 'group' implicitly has an 'any' type.
2026-10-07T21:17:24.2319071Z ##[error]src/app/api/v1/mtm/product-groups/route.ts(68,10): error TS7006: Parameter 'member' implicitly has an 'any' type.
2026-10-07T21:17:24.2320343Z ##[error]src/app/api/v1/mtm/product-groups/route.ts(85,18): error TS7006: Parameter 'group' implicitly has an 'any' type.
2026-10-07T21:17:24.2321767Z ##[error]src/app/api/v1/mtm/product-groups/route.ts(86,15): error TS7006: Parameter 'group' implicitly has an 'any' type.
2026-10-07T21:17:24.2323022Z ##[error]src/app/api/v1/mtm/product-groups/route.ts(110,54): error TS7006: Parameter 'tx' implicitly has an 'any' type.
2026-10-07T21:17:24.2326464Z ##[error]src/app/api/v1/mtm/products/route.ts(49,27): error TS7006: Parameter 'group' implicitly has an 'any' type.
2026-10-07T21:17:24.2327778Z ##[error]src/app/api/v1/mtm/products/route.ts(50,48): error TS7006: Parameter 'group' implicitly has an 'any' type.
2026-10-07T21:17:24.2329032Z ##[error]src/app/api/v1/mtm/products/route.ts(57,48): error TS7006: Parameter 'group' implicitly has an 'any' type.
2026-10-07T21:17:24.2330272Z ##[error]src/app/api/v1/mtm/products/route.ts(60,48): error TS7006: Parameter 'member' implicitly has an 'any' type.
2026-10-07T21:17:24.2331648Z ##[error]src/app/api/v1/mtm/products/route.ts(91,31): error TS7006: Parameter 'product' implicitly has an 'any' type.
2026-10-07T21:17:24.2335205Z ##[error]src/app/api/v1/mtm/route-change-requests/route.ts(41,46): error TS7006: Parameter 'request' implicitly has an 'any' type.
2026-10-07T21:17:24.2340215Z ##[error]src/app/api/v1/mtm/routes/[id]/route.ts(328,27): error TS7006: Parameter 'point' implicitly has an 'any' type.
2026-10-07T21:17:24.2345575Z ##[error]src/app/api/v1/mtm/routes/[id]/travel/preview/route.ts(114,14): error TS7006: Parameter 'assignment' implicitly has an 'any' type.
2026-10-07T21:17:24.2347102Z ##[error]src/app/api/v1/mtm/routes/[id]/travel/preview/route.ts(115,11): error TS7006: Parameter 'assignment' implicitly has an 'any' type.
2026-10-07T21:17:24.2350492Z ##[error]src/app/api/v1/mtm/routes/assignable-catalog/route.ts(178,37): error TS7006: Parameter 'contact' implicitly has an 'any' type.
2026-10-07T21:17:24.2352020Z ##[error]src/app/api/v1/mtm/routes/assignable-catalog/route.ts(247,32): error TS7006: Parameter 'customer' implicitly has an 'any' type.
2026-10-07T21:17:24.2355577Z ##[error]src/app/api/v1/mtm/routes/candidates/route.ts(155,27): error TS2737: BigInt literals are not available when targeting lower than ES2020.
2026-10-07T21:17:24.2357087Z ##[error]src/app/api/v1/mtm/routes/candidates/route.ts(723,50): error TS7006: Parameter 'contact' implicitly has an 'any' type.
2026-10-07T21:17:24.2358455Z ##[error]src/app/api/v1/mtm/routes/candidates/route.ts(727,36): error TS7006: Parameter 'item' implicitly has an 'any' type.
2026-10-07T21:17:24.2359844Z ##[error]src/app/api/v1/mtm/routes/candidates/route.ts(751,20): error TS7006: Parameter 'visit' implicitly has an 'any' type.
2026-10-07T21:17:24.2361364Z ##[error]src/app/api/v1/mtm/routes/candidates/route.ts(752,17): error TS7006: Parameter 'visit' implicitly has an 'any' type.
2026-10-07T21:17:24.2362721Z ##[error]src/app/api/v1/mtm/routes/candidates/route.ts(765,49): error TS7006: Parameter 'point' implicitly has an 'any' type.
2026-10-07T21:17:24.2364596Z ##[error]src/app/api/v1/mtm/routes/candidates/route.ts(782,27): error TS7006: Parameter 'candidate' implicitly has an 'any' type.
2026-10-07T21:17:24.2365984Z ##[error]src/app/api/v1/mtm/routes/candidates/route.ts(784,44): error TS7006: Parameter 'candidate' implicitly has an 'any' type.
2026-10-07T21:17:24.2367329Z ##[error]src/app/api/v1/mtm/routes/candidates/route.ts(789,24): error TS7006: Parameter 'left' implicitly has an 'any' type.
2026-10-07T21:17:24.2368689Z ##[error]src/app/api/v1/mtm/routes/candidates/route.ts(789,30): error TS7006: Parameter 'right' implicitly has an 'any' type.
2026-10-07T21:17:24.2370030Z ##[error]src/app/api/v1/mtm/routes/candidates/route.ts(796,24): error TS7006: Parameter 'left' implicitly has an 'any' type.
2026-10-07T21:17:24.2371367Z ##[error]src/app/api/v1/mtm/routes/candidates/route.ts(796,30): error TS7006: Parameter 'right' implicitly has an 'any' type.
2026-10-07T21:17:24.2372829Z ##[error]src/app/api/v1/mtm/routes/candidates/route.ts(797,92): error TS2737: BigInt literals are not available when targeting lower than ES2020.
2026-10-07T21:17:24.2374557Z ##[error]src/app/api/v1/mtm/routes/candidates/route.ts(798,95): error TS2737: BigInt literals are not available when targeting lower than ES2020.
2026-10-07T21:17:24.2375983Z ##[error]src/app/api/v1/mtm/routes/candidates/route.ts(835,43): error TS7006: Parameter 'candidate' implicitly has an 'any' type.
2026-10-07T21:17:24.2377351Z ##[error]src/app/api/v1/mtm/routes/candidates/route.ts(836,59): error TS7006: Parameter 'candidate' implicitly has an 'any' type.
2026-10-07T21:17:24.2378695Z ##[error]src/app/api/v1/mtm/routes/candidates/route.ts(837,45): error TS7006: Parameter 'candidate' implicitly has an 'any' type.
2026-10-07T21:17:24.2380044Z ##[error]src/app/api/v1/mtm/routes/candidates/route.ts(838,49): error TS7006: Parameter 'candidate' implicitly has an 'any' type.
2026-10-07T21:17:24.2381538Z ##[error]src/app/api/v1/mtm/routes/candidates/route.ts(839,53): error TS7006: Parameter 'candidate' implicitly has an 'any' type.
2026-10-07T21:17:24.2383018Z ##[error]src/app/api/v1/mtm/routes/candidates/route.ts(840,47): error TS7006: Parameter 'candidate' implicitly has an 'any' type.
2026-10-07T21:17:24.2384696Z ##[error]src/app/api/v1/mtm/routes/candidates/route.ts(841,55): error TS7006: Parameter 'candidate' implicitly has an 'any' type.
2026-10-07T21:17:24.2386055Z ##[error]src/app/api/v1/mtm/routes/candidates/route.ts(847,50): error TS7006: Parameter 'candidate' implicitly has an 'any' type.
2026-10-07T21:17:24.2387523Z ##[error]src/app/api/v1/mtm/routes/candidates/route.ts(848,47): error TS7006: Parameter 'candidate' implicitly has an 'any' type.
2026-10-07T21:17:24.2388884Z ##[error]src/app/api/v1/mtm/routes/candidates/route.ts(971,57): error TS7006: Parameter 'customer' implicitly has an 'any' type.
2026-10-07T21:17:24.2390242Z ##[error]src/app/api/v1/mtm/routes/candidates/route.ts(989,18): error TS7006: Parameter 'visit' implicitly has an 'any' type.
2026-10-07T21:17:24.2391593Z ##[error]src/app/api/v1/mtm/routes/candidates/route.ts(990,15): error TS7006: Parameter 'visit' implicitly has an 'any' type.
2026-10-07T21:17:24.2392942Z ##[error]src/app/api/v1/mtm/routes/candidates/route.ts(1003,48): error TS7006: Parameter 'point' implicitly has an 'any' type.
2026-10-07T21:17:24.2394633Z ##[error]src/app/api/v1/mtm/routes/candidates/route.ts(1021,29): error TS7006: Parameter 'candidate' implicitly has an 'any' type.
2026-10-07T21:17:24.2396001Z ##[error]src/app/api/v1/mtm/routes/candidates/route.ts(1024,42): error TS7006: Parameter 'candidate' implicitly has an 'any' type.
2026-10-07T21:17:24.2397341Z ##[error]src/app/api/v1/mtm/routes/candidates/route.ts(1029,22): error TS7006: Parameter 'left' implicitly has an 'any' type.
2026-10-07T21:17:24.2398673Z ##[error]src/app/api/v1/mtm/routes/candidates/route.ts(1029,28): error TS7006: Parameter 'right' implicitly has an 'any' type.
2026-10-07T21:17:24.2400026Z ##[error]src/app/api/v1/mtm/routes/candidates/route.ts(1036,22): error TS7006: Parameter 'left' implicitly has an 'any' type.
2026-10-07T21:17:24.2401528Z ##[error]src/app/api/v1/mtm/routes/candidates/route.ts(1036,28): error TS7006: Parameter 'right' implicitly has an 'any' type.
2026-10-07T21:17:24.2403099Z ##[error]src/app/api/v1/mtm/routes/candidates/route.ts(1037,90): error TS2737: BigInt literals are not available when targeting lower than ES2020.
2026-10-07T21:17:24.2404857Z ##[error]src/app/api/v1/mtm/routes/candidates/route.ts(1038,93): error TS2737: BigInt literals are not available when targeting lower than ES2020.
2026-10-07T21:17:24.2406290Z ##[error]src/app/api/v1/mtm/routes/candidates/route.ts(1075,41): error TS7006: Parameter 'candidate' implicitly has an 'any' type.
2026-10-07T21:17:24.2407649Z ##[error]src/app/api/v1/mtm/routes/candidates/route.ts(1076,57): error TS7006: Parameter 'candidate' implicitly has an 'any' type.
2026-10-07T21:17:24.2409023Z ##[error]src/app/api/v1/mtm/routes/candidates/route.ts(1077,43): error TS7006: Parameter 'candidate' implicitly has an 'any' type.
2026-10-07T21:17:24.2410403Z ##[error]src/app/api/v1/mtm/routes/candidates/route.ts(1078,47): error TS7006: Parameter 'candidate' implicitly has an 'any' type.
2026-10-07T21:17:24.2412171Z ##[error]src/app/api/v1/mtm/routes/candidates/route.ts(1079,51): error TS7006: Parameter 'candidate' implicitly has an 'any' type.
2026-10-07T21:17:24.2413780Z ##[error]src/app/api/v1/mtm/routes/candidates/route.ts(1080,45): error TS7006: Parameter 'candidate' implicitly has an 'any' type.
2026-10-07T21:17:24.2415244Z ##[error]src/app/api/v1/mtm/routes/candidates/route.ts(1081,53): error TS7006: Parameter 'candidate' implicitly has an 'any' type.
2026-10-07T21:17:24.2419446Z ##[error]src/app/api/v1/mtm/routes/meeting-availability/route.ts(189,47): error TS7006: Parameter 'row' implicitly has an 'any' type.
2026-10-07T21:17:24.2420927Z ##[error]src/app/api/v1/mtm/routes/meeting-availability/route.ts(193,44): error TS7006: Parameter 'row' implicitly has an 'any' type.
2026-10-07T21:17:24.2422584Z ##[error]src/app/api/v1/mtm/routes/meeting-availability/route.ts(198,39): error TS7006: Parameter 'assignment' implicitly has an 'any' type.
2026-10-07T21:17:24.2424344Z ##[error]src/app/api/v1/mtm/routes/meeting-availability/route.ts(204,52): error TS7006: Parameter 'row' implicitly has an 'any' type.
2026-10-07T21:17:24.2425672Z ##[error]src/app/api/v1/mtm/routes/meeting-availability/route.ts(211,18): error TS18046: 'row' is of type 'unknown'.
2026-10-07T21:17:24.2426968Z ##[error]src/app/api/v1/mtm/routes/meeting-availability/route.ts(216,12): error TS18046: 'row' is of type 'unknown'.
2026-10-07T21:17:24.2428240Z ##[error]src/app/api/v1/mtm/routes/meeting-availability/route.ts(216,32): error TS18046: 'row' is of type 'unknown'.
2026-10-07T21:17:24.2429523Z ##[error]src/app/api/v1/mtm/routes/meeting-availability/route.ts(217,14): error TS18046: 'row' is of type 'unknown'.
2026-10-07T21:17:24.2430902Z ##[error]src/app/api/v1/mtm/routes/meeting-availability/route.ts(217,41): error TS7006: Parameter 'assignment' implicitly has an 'any' type.
2026-10-07T21:17:24.2432241Z ##[error]src/app/api/v1/mtm/routes/meeting-availability/route.ts(219,48): error TS18046: 'row' is of type 'unknown'.
2026-10-07T21:17:24.2437662Z ##[error]src/app/api/v1/mtm/sync/push/route.ts(517,49): error TS18048: 'parsedAction.error' is possibly 'undefined'.
2026-10-07T21:17:24.2439582Z ##[error]src/app/api/v1/mtm/sync/push/route.ts(624,65): error TS2367: This comparison appears to be unintentional because the types '"IN_PROGRESS" | "PENDING" | "OVERDUE"' and '"COMPLETED"' have no overlap.
2026-10-07T21:17:24.2441701Z ##[error]src/app/api/v1/mtm/sync/push/route.ts(658,47): error TS2367: This comparison appears to be unintentional because the types '"IN_PROGRESS" | "PENDING" | "OVERDUE"' and '"CANCELLED"' have no overlap.
2026-10-07T21:17:24.2449460Z ##[error]src/app/api/v1/mtm/tasks/[id]/documents/route.ts(91,33): error TS7006: Parameter 'document' implicitly has an 'any' type.
2026-10-07T21:17:24.2451151Z ##[error]src/app/api/v1/mtm/tasks/[id]/documents/route.ts(156,53): error TS7006: Parameter 'tx' implicitly has an 'any' type.
2026-10-07T21:17:24.2454669Z ##[error]src/app/api/v1/mtm/tasks/[id]/duplicate/route.ts(99,54): error TS7006: Parameter 'tx' implicitly has an 'any' type.
2026-10-07T21:17:24.2458180Z ##[error]src/app/api/v1/mtm/tasks/[id]/events/route.ts(64,52): error TS7006: Parameter 'tx' implicitly has an 'any' type.
2026-10-07T21:17:24.2461334Z ##[error]src/app/api/v1/mtm/tasks/[id]/review/route.ts(60,38): error TS7006: Parameter 'tx' implicitly has an 'any' type.
2026-10-07T21:17:24.2462717Z ##[error]src/app/api/v1/mtm/tasks/[id]/route.ts(229,77): error TS7006: Parameter 'event' implicitly has an 'any' type.
2026-10-07T21:17:24.2464361Z ##[error]src/app/api/v1/mtm/tasks/[id]/route.ts(232,64): error TS7006: Parameter 'event' implicitly has an 'any' type.
2026-10-07T21:17:24.2465717Z ##[error]src/app/api/v1/mtm/tasks/[id]/route.ts(242,49): error TS7006: Parameter 'eventActor' implicitly has an 'any' type.
2026-10-07T21:17:24.2467035Z ##[error]src/app/api/v1/mtm/tasks/[id]/route.ts(243,50): error TS7006: Parameter 'document' implicitly has an 'any' type.
2026-10-07T21:17:24.2468327Z ##[error]src/app/api/v1/mtm/tasks/[id]/route.ts(244,56): error TS7006: Parameter 'document' implicitly has an 'any' type.
2026-10-07T21:17:24.2469568Z ##[error]src/app/api/v1/mtm/tasks/[id]/route.ts(263,33): error TS2339: Property 'id' does not exist on type '{}'.
2026-10-07T21:17:24.2470811Z ##[error]src/app/api/v1/mtm/tasks/[id]/route.ts(264,39): error TS2339: Property 'fileName' does not exist on type '{}'.
2026-10-07T21:17:24.2472002Z ##[error]src/app/api/v1/mtm/tasks/[id]/route.ts(265,79): error TS2339: Property 'id' does not exist on type '{}'.
2026-10-07T21:17:24.2473207Z ##[error]src/app/api/v1/mtm/tasks/[id]/route.ts(284,33): error TS7006: Parameter 'event' implicitly has an 'any' type.
2026-10-07T21:17:24.2475314Z ##[error]src/app/api/v1/mtm/tasks/[id]/route.ts(287,32): error TS7006: Parameter 'event' implicitly has an 'any' type.
2026-10-07T21:17:24.2476692Z ##[error]src/app/api/v1/mtm/tasks/[id]/route.ts(325,35): error TS7006: Parameter 'document' implicitly has an 'any' type.
2026-10-07T21:17:24.2478115Z ##[error]src/app/api/v1/mtm/tasks/[id]/route.ts(458,12): error TS2339: Property 'agentId' does not exist on type 'MtmTaskUpdateManyMutationInput'.
2026-10-07T21:17:24.2479647Z ##[error]src/app/api/v1/mtm/tasks/[id]/route.ts(461,45): error TS2339: Property 'customerId' does not exist on type 'MtmTaskUpdateManyMutationInput'.
2026-10-07T21:17:24.2481163Z ##[error]src/app/api/v1/mtm/tasks/[id]/route.ts(462,42): error TS2339: Property 'visitId' does not exist on type 'MtmTaskUpdateManyMutationInput'.
2026-10-07T21:17:24.2482887Z ##[error]src/app/api/v1/mtm/tasks/[id]/route.ts(464,12): error TS2339: Property 'taskGroupDictionaryId' does not exist on type 'MtmTaskUpdateManyMutationInput'.
2026-10-07T21:17:24.2484500Z ##[error]src/app/api/v1/mtm/tasks/[id]/route.ts(609,57): error TS7006: Parameter 'tx' implicitly has an 'any' type.
2026-10-07T21:17:24.2485771Z ##[error]src/app/api/v1/mtm/tasks/[id]/route.ts(689,36): error TS7006: Parameter 'candidate' implicitly has an 'any' type.
2026-10-07T21:17:24.2487023Z ##[error]src/app/api/v1/mtm/tasks/[id]/route.ts(702,38): error TS7006: Parameter 'candidate' implicitly has an 'any' type.
2026-10-07T21:17:24.2488446Z ##[error]src/app/api/v1/mtm/tasks/[id]/route.ts(711,29): error TS7006: Parameter 'candidate' implicitly has an 'any' type.
2026-10-07T21:17:24.2489710Z ##[error]src/app/api/v1/mtm/tasks/[id]/route.ts(714,45): error TS7006: Parameter 'candidate' implicitly has an 'any' type.
2026-10-07T21:17:24.2490966Z ##[error]src/app/api/v1/mtm/tasks/[id]/route.ts(719,48): error TS7006: Parameter 'candidate' implicitly has an 'any' type.
2026-10-07T21:17:24.2492213Z ##[error]src/app/api/v1/mtm/tasks/[id]/route.ts(734,46): error TS7006: Parameter 'candidate' implicitly has an 'any' type.
2026-10-07T21:17:24.2493605Z ##[error]src/app/api/v1/mtm/tasks/[id]/route.ts(747,31): error TS7006: Parameter 'candidate' implicitly has an 'any' type.
2026-10-07T21:17:24.2495188Z ##[error]src/app/api/v1/mtm/tasks/[id]/route.ts(748,31): error TS7006: Parameter 'candidate' implicitly has an 'any' type.
2026-10-07T21:17:24.2496417Z ##[error]src/app/api/v1/mtm/tasks/[id]/route.ts(748,77): error TS7006: Parameter 'left' implicitly has an 'any' type.
2026-10-07T21:17:24.2497656Z ##[error]src/app/api/v1/mtm/tasks/[id]/route.ts(748,83): error TS7006: Parameter 'right' implicitly has an 'any' type.
2026-10-07T21:17:24.2498877Z ##[error]src/app/api/v1/mtm/tasks/[id]/route.ts(1039,54): error TS7006: Parameter 'tx' implicitly has an 'any' type.
2026-10-07T21:17:24.2502147Z ##[error]src/app/api/v1/mtm/tasks/bulk-reassign/route.ts(55,34): error TS7006: Parameter 'task' implicitly has an 'any' type.
2026-10-07T21:17:24.2503791Z ##[error]src/app/api/v1/mtm/tasks/bulk-reassign/route.ts(59,31): error TS7006: Parameter 'task' implicitly has an 'any' type.
2026-10-07T21:17:24.2505189Z ##[error]src/app/api/v1/mtm/tasks/bulk-reassign/route.ts(65,38): error TS7006: Parameter 'tx' implicitly has an 'any' type.
2026-10-07T21:17:24.2506508Z ##[error]src/app/api/v1/mtm/tasks/bulk-reassign/route.ts(117,27): error TS7006: Parameter 'task' implicitly has an 'any' type.
2026-10-07T21:17:24.2507804Z ##[error]src/app/api/v1/mtm/tasks/bulk-reassign/route.ts(127,27): error TS7006: Parameter 'task' implicitly has an 'any' type.
2026-10-07T21:17:24.2509068Z ##[error]src/app/api/v1/mtm/tasks/route.ts(211,40): error TS7006: Parameter 'task' implicitly has an 'any' type.
2026-10-07T21:17:24.2510289Z ##[error]src/app/api/v1/mtm/tasks/route.ts(211,83): error TS7006: Parameter 'task' implicitly has an 'any' type.
2026-10-07T21:17:24.2511922Z ##[error]src/app/api/v1/mtm/tasks/route.ts(216,16): error TS7006: Parameter 'row' implicitly has an 'any' type.
2026-10-07T21:17:24.2513176Z ##[error]src/app/api/v1/mtm/tasks/route.ts(219,83): error TS7006: Parameter 'row' implicitly has an 'any' type.
2026-10-07T21:17:24.2515235Z ##[error]src/app/api/v1/mtm/tasks/route.ts(229,27): error TS7006: Parameter 'task' implicitly has an 'any' type.
2026-10-07T21:17:24.2516580Z ##[error]src/app/api/v1/mtm/tasks/route.ts(357,51): error TS7006: Parameter 'tx' implicitly has an 'any' type.
2026-10-07T21:17:24.2524192Z ##[error]src/app/api/v1/mtm/visits/[id]/actions/route.ts(121,9): error TS2322: Type 'Record<string, unknown> | JsonNull' is not assignable to type 'NullableJsonNullValueInput | InputJsonValue | undefined'.
2026-10-07T21:17:24.2525575Z   Type 'Record<string, unknown>' is not assignable to type 'NullableJsonNullValueInput | InputJsonValue | undefined'.
2026-10-07T21:17:24.2526456Z     Type 'Record<string, unknown>' is missing the following properties from type 'readonly (InputJsonValue | null)[]': length, concat, join, slice, and 26 more.
2026-10-07T21:17:24.2529301Z ##[error]src/app/api/v1/mtm/visits/[id]/workspace/route.ts(53,57): error TS7006: Parameter 'participant' implicitly has an 'any' type.
2026-10-07T21:17:24.2530682Z ##[error]src/app/api/v1/mtm/visits/route.ts(127,18): error TS7006: Parameter 'visit' implicitly has an 'any' type.
2026-10-07T21:17:24.2533967Z ##[error]src/app/api/v1/mtm/week/route.ts(761,40): error TS7006: Parameter 'route' implicitly has an 'any' type.
2026-10-07T21:17:24.2535379Z ##[error]src/app/api/v1/mtm/week/route.ts(764,48): error TS7006: Parameter 'candidate' implicitly has an 'any' type.
2026-10-07T21:17:24.2536608Z ##[error]src/app/api/v1/mtm/week/route.ts(770,46): error TS7006: Parameter 'visit' implicitly has an 'any' type.
2026-10-07T21:17:24.2537856Z ##[error]src/app/api/v1/mtm/week/route.ts(772,30): error TS7006: Parameter 'participant' implicitly has an 'any' type.
2026-10-07T21:17:24.2539086Z ##[error]src/app/api/v1/mtm/week/route.ts(775,10): error TS7006: Parameter 'visit' implicitly has an 'any' type.
2026-10-07T21:17:24.2540283Z ##[error]src/app/api/v1/mtm/week/route.ts(806,35): error TS7006: Parameter 'point' implicitly has an 'any' type.
2026-10-07T21:17:24.2541485Z ##[error]src/app/api/v1/mtm/week/route.ts(863,52): error TS7006: Parameter 'visit' implicitly has an 'any' type.
2026-10-07T21:17:24.2543165Z ##[error]src/app/api/v1/mtm/week/route.ts(870,46): error TS7006: Parameter 'workday' implicitly has an 'any' type.
2026-10-07T21:17:24.2544665Z ##[error]src/app/api/v1/mtm/week/route.ts(883,45): error TS7006: Parameter 'visit' implicitly has an 'any' type.
2026-10-07T21:17:24.2545861Z ##[error]src/app/api/v1/mtm/week/route.ts(884,56): error TS7006: Parameter 'visit' implicitly has an 'any' type.
2026-10-07T21:17:24.2547050Z ##[error]src/app/api/v1/mtm/week/route.ts(885,36): error TS7006: Parameter 'task' implicitly has an 'any' type.
2026-10-07T21:17:24.2548224Z ##[error]src/app/api/v1/mtm/week/route.ts(908,15): error TS2339: Property 'id' does not exist on type '{}'.
2026-10-07T21:17:24.2549388Z ##[error]src/app/api/v1/mtm/week/route.ts(923,42): error TS7006: Parameter 'task' implicitly has an 'any' type.
2026-10-07T21:17:24.2550548Z ##[error]src/app/api/v1/mtm/week/route.ts(926,21): error TS2339: Property 'id' does not exist on type '{}'.
2026-10-07T21:17:24.2551728Z ##[error]src/app/api/v1/mtm/week/route.ts(927,40): error TS2339: Property 'status' does not exist on type '{}'.
2026-10-07T21:17:24.2552909Z ##[error]src/app/api/v1/mtm/week/route.ts(928,25): error TS2339: Property 'status' does not exist on type '{}'.
2026-10-07T21:17:24.2554400Z ##[error]src/app/api/v1/mtm/week/route.ts(929,28): error TS2339: Property 'startedAt' does not exist on type '{}'.
2026-10-07T21:17:24.2555656Z ##[error]src/app/api/v1/mtm/week/route.ts(930,27): error TS2339: Property 'pausedAt' does not exist on type '{}'.
2026-10-07T21:17:24.2557045Z ##[error]src/app/api/v1/mtm/week/route.ts(931,30): error TS2339: Property 'completedAt' does not exist on type '{}'.
2026-10-07T21:17:24.2558505Z ##[error]src/app/api/v1/mtm/week/route.ts(932,37): error TS2339: Property 'totalPausedSeconds' does not exist on type '{}'.
2026-10-07T21:17:24.2560879Z ##[error]src/app/api/v1/mtm/week/route.ts(935,65): error TS2345: Argument of type '{}' is not assignable to parameter of type '{ status: string; startedAt: Date; pausedAt: Date | null; completedAt: Date | null; totalPausedSeconds: number; }'.
2026-10-07T21:17:24.2562791Z   Type '{}' is missing the following properties from type '{ status: string; startedAt: Date; pausedAt: Date | null; completedAt: Date | null; totalPausedSeconds: number; }': status, startedAt, pausedAt, completedAt, totalPausedSeconds
2026-10-07T21:17:24.2564345Z ##[error]src/app/api/v1/mtm/week/route.ts(938,25): error TS2339: Property 'events' does not exist on type '{}'.
2026-10-07T21:17:24.2565646Z ##[error]src/app/api/v1/mtm/week/route.ts(939,77): error TS2339: Property 'id' does not exist on type '{}'.
2026-10-07T21:17:24.2566904Z ##[error]src/app/api/v1/mtm/week/route.ts(940,45): error TS2339: Property 'status' does not exist on type '{}'.
2026-10-07T21:17:24.2568192Z ##[error]src/app/api/v1/mtm/week/route.ts(963,50): error TS7006: Parameter 'change' implicitly has an 'any' type.
2026-10-07T21:17:24.2569494Z ##[error]src/app/api/v1/mtm/week/route.ts(966,55): error TS7006: Parameter 'candidate' implicitly has an 'any' type.
2026-10-07T21:17:24.2570807Z ##[error]src/app/api/v1/mtm/week/route.ts(1004,50): error TS7006: Parameter 'change' implicitly has an 'any' type.
2026-10-07T21:17:24.2572094Z ##[error]src/app/api/v1/mtm/week/route.ts(1048,20): error TS7006: Parameter 'route' implicitly has an 'any' type.
2026-10-07T21:17:24.2573553Z ##[error]src/app/api/v1/mtm/week/route.ts(1049,27): error TS7006: Parameter 'visit' implicitly has an 'any' type.
2026-10-07T21:17:24.2575047Z ##[error]src/app/api/v1/mtm/week/route.ts(1050,22): error TS7006: Parameter 'workday' implicitly has an 'any' type.
2026-10-07T21:17:24.2576359Z ##[error]src/app/api/v1/mtm/week/route.ts(1052,26): error TS7006: Parameter 'workday' implicitly has an 'any' type.
2026-10-07T21:17:24.2577652Z ##[error]src/app/api/v1/mtm/week/route.ts(1052,58): error TS7006: Parameter 'event' implicitly has an 'any' type.
2026-10-07T21:17:24.2578931Z ##[error]src/app/api/v1/mtm/week/route.ts(1053,19): error TS7006: Parameter 'task' implicitly has an 'any' type.
2026-10-07T21:17:24.2580318Z ##[error]src/app/api/v1/mtm/week/route.ts(1054,28): error TS7006: Parameter 'task' implicitly has an 'any' type.
2026-10-07T21:17:24.2581625Z ##[error]src/app/api/v1/mtm/week/route.ts(1055,25): error TS7006: Parameter 'change' implicitly has an 'any' type.
2026-10-07T21:17:24.2591940Z ##[error]src/app/api/v1/mtm/week/team/route.ts(98,32): error TS7006: Parameter 'agent' implicitly has an 'any' type.
2026-10-07T21:17:24.2593282Z ##[error]src/app/api/v1/mtm/week/team/route.ts(185,40): error TS7006: Parameter 'row' implicitly has an 'any' type.
2026-10-07T21:17:24.2594848Z ##[error]src/app/api/v1/mtm/week/team/route.ts(186,28): error TS7006: Parameter 'row' implicitly has an 'any' type.
2026-10-07T21:17:24.2596111Z ##[error]src/app/api/v1/mtm/week/team/route.ts(187,58): error TS7006: Parameter 'row' implicitly has an 'any' type.
2026-10-07T21:17:24.2597370Z ##[error]src/app/api/v1/mtm/week/team/route.ts(191,32): error TS7006: Parameter 'row' implicitly has an 'any' type.
2026-10-07T21:17:24.2598630Z ##[error]src/app/api/v1/mtm/week/team/route.ts(194,53): error TS7006: Parameter 'row' implicitly has an 'any' type.
2026-10-07T21:17:24.2599873Z ##[error]src/app/api/v1/mtm/week/team/route.ts(194,93): error TS7006: Parameter 'row' implicitly has an 'any' type.
2026-10-07T21:17:24.2603837Z ##[error]src/app/api/v1/mtm/week/workday/route.ts(278,53): error TS7006: Parameter 'tx' implicitly has an 'any' type.
2026-10-07T21:17:24.2612893Z ##[error]src/app/api/v1/portal-users/route.ts(89,30): error TS7006: Parameter 'c' implicitly has an 'any' type.
2026-10-07T21:17:24.2614501Z ##[error]src/app/api/v1/portal-users/route.ts(109,39): error TS7006: Parameter 'c' implicitly has an 'any' type.
2026-10-07T21:17:24.2615763Z ##[error]src/app/api/v1/portal-users/route.ts(110,42): error TS7006: Parameter 'c' implicitly has an 'any' type.
2026-10-07T21:17:24.2616987Z ##[error]src/app/api/v1/portal-users/route.ts(112,44): error TS7006: Parameter 'c' implicitly has an 'any' type.
2026-10-07T21:17:24.2626342Z ##[error]src/app/api/v1/public/demo-access/[token]/events/route.ts(62,58): error TS7006: Parameter 'tx' implicitly has an 'any' type.
2026-10-07T21:17:24.2627843Z ##[error]src/app/api/v1/public/demo-access/[token]/events/route.ts(84,55): error TS7006: Parameter 'tx' implicitly has an 'any' type.
2026-10-07T21:17:24.2629223Z ##[error]src/app/api/v1/public/demo-access/[token]/events/route.ts(149,55): error TS7006: Parameter 'tx' implicitly has an 'any' type.
2026-10-07T21:17:24.2632492Z ##[error]src/app/api/v1/public/demo-access/[token]/start/route.ts(53,54): error TS7006: Parameter 'tx' implicitly has an 'any' type.
2026-10-07T21:17:24.2636120Z ##[error]src/app/api/v1/public/portal-kb/route.ts(69,30): error TS7006: Parameter 'article' implicitly has an 'any' type.
2026-10-07T21:17:24.2654080Z ##[error]src/app/api/v1/settings/call-tasks/route.ts(64,38): error TS7006: Parameter 'board' implicitly has an 'any' type.
2026-10-07T21:17:24.2655543Z ##[error]src/app/api/v1/settings/call-tasks/route.ts(73,35): error TS7006: Parameter 'pipeline' implicitly has an 'any' type.
2026-10-07T21:17:24.2660730Z ##[error]src/app/api/v1/skill-routing/agents/route.ts(114,33): error TS7006: Parameter 'agent' implicitly has an 'any' type.
2026-10-07T21:17:24.2662105Z ##[error]src/app/api/v1/skill-routing/agents/route.ts(118,44): error TS7006: Parameter 'agent' implicitly has an 'any' type.
2026-10-07T21:17:24.2663538Z ##[error]src/app/api/v1/skill-routing/agents/route.ts(122,36): error TS7006: Parameter 'agent' implicitly has an 'any' type.
2026-10-07T21:17:24.2689424Z ##[error]src/app/api/v1/sla-policies/[id]/route.ts(43,54): error TS7006: Parameter 'tx' implicitly has an 'any' type.
2026-10-07T21:17:24.2690901Z ##[error]src/app/api/v1/sla-policies/route.ts(47,53): error TS7006: Parameter 'tx' implicitly has an 'any' type.
2026-10-07T21:17:24.2696503Z ##[error]src/app/api/v1/social/google-alerts/route.ts(84,40): error TS7006: Parameter 'source' implicitly has an 'any' type.
2026-10-07T21:17:24.2697870Z ##[error]src/app/api/v1/social/google-alerts/route.ts(89,41): error TS7006: Parameter 'source' implicitly has an 'any' type.
2026-10-07T21:17:24.2699291Z ##[error]src/app/api/v1/social/google-alerts/route.ts(97,61): error TS7006: Parameter 'source' implicitly has an 'any' type.
2026-10-07T21:17:24.2700592Z ##[error]src/app/api/v1/social/google-alerts/route.ts(101,50): error TS7006: Parameter 'source' implicitly has an 'any' type.
2026-10-07T21:17:24.2701888Z ##[error]src/app/api/v1/social/google-alerts/route.ts(102,53): error TS7006: Parameter 'source' implicitly has an 'any' type.
2026-10-07T21:17:24.2703172Z ##[error]src/app/api/v1/social/google-alerts/route.ts(103,45): error TS7006: Parameter 'total' implicitly has an 'any' type.
2026-10-07T21:17:24.2704846Z ##[error]src/app/api/v1/social/google-alerts/route.ts(103,52): error TS7006: Parameter 'source' implicitly has an 'any' type.
2026-10-07T21:17:24.2706131Z ##[error]src/app/api/v1/social/google-alerts/route.ts(104,47): error TS7006: Parameter 'total' implicitly has an 'any' type.
2026-10-07T21:17:24.2707430Z ##[error]src/app/api/v1/social/google-alerts/route.ts(104,54): error TS7006: Parameter 'source' implicitly has an 'any' type.
2026-10-07T21:17:24.2708721Z ##[error]src/app/api/v1/social/google-alerts/route.ts(105,34): error TS7006: Parameter 'source' implicitly has an 'any' type.
2026-10-07T21:17:24.2712530Z ##[error]src/app/api/v1/social/ingest-envelopes/route.ts(225,36): error TS7006: Parameter 'link' implicitly has an 'any' type.
2026-10-07T21:17:24.2714229Z ##[error]src/app/api/v1/social/ingest-envelopes/route.ts(231,20): error TS7006: Parameter 'link' implicitly has an 'any' type.
2026-10-07T21:17:24.2715629Z ##[error]src/app/api/v1/social/ingest-envelopes/route.ts(233,46): error TS7006: Parameter 'subjectLink' implicitly has an 'any' type.
2026-10-07T21:17:24.2716953Z ##[error]src/app/api/v1/social/ingest-envelopes/route.ts(237,16): error TS7006: Parameter 'link' implicitly has an 'any' type.
2026-10-07T21:17:24.2719198Z ##[error]src/app/api/v1/social/ingest-envelopes/route.ts(252,9): error TS2322: Type '({ routePlan: { is: { scenarioId: { in: string[]; }; }; }; } | { AND: (IngestEnvelopeWhereInput | { sourceId: { in: unknown[]; }; })[]; })[]' is not assignable to type 'IngestEnvelopeWhereInput[]'.
2026-10-07T21:17:24.2720865Z   Type '{ routePlan: { is: { scenarioId: { in: string[]; }; }; }; } | { AND: (IngestEnvelopeWhereInput | { sourceId: { in: unknown[]; }; })[]; }' is not assignable to type 'IngestEnvelopeWhereInput'.
2026-10-07T21:17:24.2721823Z     Type '{ AND: (Prisma.IngestEnvelopeWhereInput | { sourceId: { in: unknown[]; }; })[]; }' is not assignable to type 'IngestEnvelopeWhereInput'.
2026-10-07T21:17:24.2722412Z       Types of property 'AND' are incompatible.
2026-10-07T21:17:24.2723137Z         Type '(IngestEnvelopeWhereInput | { sourceId: { in: unknown[]; }; })[]' is not assignable to type 'IngestEnvelopeWhereInput | IngestEnvelopeWhereInput[] | undefined'.
2026-10-07T21:17:24.2724237Z           Type '(IngestEnvelopeWhereInput | { sourceId: { in: unknown[]; }; })[]' is not assignable to type 'IngestEnvelopeWhereInput[]'.
2026-10-07T21:17:24.2725034Z             Type 'IngestEnvelopeWhereInput | { sourceId: { in: unknown[]; }; }' is not assignable to type 'IngestEnvelopeWhereInput'.
2026-10-07T21:17:24.2725614Z               Types of property 'sourceId' are incompatible.
2026-10-07T21:17:24.2726214Z                 Type '{ in: unknown[]; }' is not assignable to type 'string | StringNullableFilter<"IngestEnvelope"> | null | undefined'.
2026-10-07T21:17:24.2726771Z                   Types of property 'in' are incompatible.
2026-10-07T21:17:24.2727339Z                     Type 'unknown[]' is not assignable to type 'string[] | FieldRef<"IngestEnvelope", "String[]"> | null | undefined'.
2026-10-07T21:17:24.2727961Z                       Type 'unknown[]' is not assignable to type 'string[]'.
2026-10-07T21:17:24.2728461Z                         Type 'unknown' is not assignable to type 'string'.
2026-10-07T21:17:24.2732135Z ##[error]src/app/api/v1/social/manual-engagement-tasks/route.ts(108,50): error TS7006: Parameter 'channel' implicitly has an 'any' type.
2026-10-07T21:17:24.2734040Z ##[error]src/app/api/v1/social/manual-engagement-tasks/route.ts(120,76): error TS2339: Property 'senderAccountId' does not exist on type '{}'.
2026-10-07T21:17:24.2735551Z ##[error]src/app/api/v1/social/manual-engagement-tasks/route.ts(145,46): error TS2339: Property 'senderAccountId' does not exist on type '{}'.
2026-10-07T21:17:24.2736987Z ##[error]src/app/api/v1/social/manual-engagement-tasks/route.ts(145,73): error TS2339: Property 'senderAccountId' does not exist on type '{}'.
2026-10-07T21:17:24.2738408Z ##[error]src/app/api/v1/social/manual-engagement-tasks/route.ts(167,35): error TS2339: Property 'senderAccountId' does not exist on type '{}'.
2026-10-07T21:17:24.2739812Z ##[error]src/app/api/v1/social/manual-engagement-tasks/route.ts(167,62): error TS2339: Property 'senderAccount' does not exist on type '{}'.
2026-10-07T21:17:24.2741232Z ##[error]src/app/api/v1/social/manual-engagement-tasks/route.ts(169,32): error TS2339: Property 'senderAccountId' does not exist on type '{}'.
2026-10-07T21:17:24.2742635Z ##[error]src/app/api/v1/social/manual-engagement-tasks/route.ts(170,27): error TS2339: Property 'senderAccount' does not exist on type '{}'.
2026-10-07T21:17:24.2744224Z ##[error]src/app/api/v1/social/manual-engagement-tasks/route.ts(170,64): error TS2339: Property 'senderAccount' does not exist on type '{}'.
2026-10-07T21:17:24.2745648Z ##[error]src/app/api/v1/social/manual-engagement-tasks/route.ts(186,42): error TS2339: Property 'senderAccountId' does not exist on type '{}'.
2026-10-07T21:17:24.2747089Z ##[error]src/app/api/v1/social/manual-engagement-tasks/route.ts(186,69): error TS2339: Property 'senderAccount' does not exist on type '{}'.
2026-10-07T21:17:24.2748544Z ##[error]src/app/api/v1/social/manual-engagement-tasks/route.ts(187,21): error TS2339: Property 'senderAccountId' does not exist on type '{}'.
2026-10-07T21:17:24.2756252Z ##[error]src/app/api/v1/social/mentions/[id]/ai-drafts/route.ts(147,30): error TS7006: Parameter 'item' implicitly has an 'any' type.
2026-10-07T21:17:24.2757730Z ##[error]src/app/api/v1/social/mentions/[id]/ai-drafts/route.ts(147,56): error TS7006: Parameter 'name' implicitly has an 'any' type.
2026-10-07T21:17:24.2759103Z ##[error]src/app/api/v1/social/mentions/[id]/ai-drafts/route.ts(175,33): error TS7006: Parameter 'draft' implicitly has an 'any' type.
2026-10-07T21:17:24.2767524Z ##[error]src/app/api/v1/social/mentions/[id]/convert-to-lead/route.ts(119,44): error TS7006: Parameter 'pipeline' implicitly has an 'any' type.
2026-10-07T21:17:24.2769012Z ##[error]src/app/api/v1/social/mentions/route.ts(786,10): error TS7006: Parameter 'mention' implicitly has an 'any' type.
2026-10-07T21:17:24.2770283Z ##[error]src/app/api/v1/social/mentions/route.ts(787,14): error TS7006: Parameter 'url' implicitly has an 'any' type.
2026-10-07T21:17:24.2771562Z ##[error]src/app/api/v1/social/mentions/route.ts(844,39): error TS7006: Parameter 'mention' implicitly has an 'any' type.
2026-10-07T21:17:24.2776500Z ##[error]src/app/api/v1/social/oauth/preflight/route.ts(94,6): error TS7006: Parameter 'r' implicitly has an 'any' type.
2026-10-07T21:17:24.2777856Z ##[error]src/app/api/v1/social/oauth/preflight/route.ts(97,6): error TS7006: Parameter 'r' implicitly has an 'any' type.
2026-10-07T21:17:24.2779141Z ##[error]src/app/api/v1/social/oauth/preflight/route.ts(126,28): error TS7006: Parameter 'r' implicitly has an 'any' type.
2026-10-07T21:17:24.2780419Z ##[error]src/app/api/v1/social/oauth/preflight/route.ts(140,14): error TS7006: Parameter 'r' implicitly has an 'any' type.
2026-10-07T21:17:24.2781686Z ##[error]src/app/api/v1/social/oauth/preflight/route.ts(141,11): error TS7006: Parameter 'r' implicitly has an 'any' type.
2026-10-07T21:17:24.2786776Z ##[error]src/app/api/v1/support/agent-desktop/route.ts(93,33): error TS7006: Parameter 'group' implicitly has an 'any' type.
2026-10-07T21:17:24.2793897Z ##[error]src/app/api/v1/ticket-macros/[id]/apply/route.ts(44,54): error TS7006: Parameter 'tx' implicitly has an 'any' type.
2026-10-07T21:17:24.2797309Z ##[error]src/app/api/v1/ticket-macros/categories/route.ts(45,57): error TS7006: Parameter 'tx' implicitly has an 'any' type.
2026-10-07T21:17:24.2798660Z ##[error]src/app/api/v1/ticket-macros/categories/route.ts(82,53): error TS7006: Parameter 'tx' implicitly has an 'any' type.
2026-10-07T21:17:24.2799951Z ##[error]src/app/api/v1/ticket-macros/categories/route.ts(128,53): error TS7006: Parameter 'tx' implicitly has an 'any' type.
2026-10-07T21:17:24.2801227Z ##[error]src/app/api/v1/ticket-macros/route.ts(65,74): error TS7006: Parameter 'macro' implicitly has an 'any' type.
2026-10-07T21:17:24.2807983Z ##[error]src/app/api/v1/tickets/[id]/comments/route.ts(63,39): error TS7006: Parameter 'tx' implicitly has an 'any' type.
2026-10-07T21:17:24.2811815Z ##[error]src/app/api/v1/tickets/[id]/context/route.ts(69,33): error TS7006: Parameter 'deal' implicitly has an 'any' type.
2026-10-07T21:17:24.2813219Z ##[error]src/app/api/v1/tickets/route.ts(82,38): error TS7006: Parameter 'company' implicitly has an 'any' type.
2026-10-07T21:17:24.2814733Z ##[error]src/app/api/v1/tickets/route.ts(83,39): error TS7006: Parameter 'user' implicitly has an 'any' type.
2026-10-07T21:17:24.2817939Z ##[error]src/app/api/v1/tickets/take-next/route.ts(48,52): error TS7006: Parameter 'tx' implicitly has an 'any' type.
2026-10-07T21:17:24.2824794Z ##[error]src/app/api/v1/users/[id]/route.ts(284,55): error TS7006: Parameter 'tx' implicitly has an 'any' type.
2026-10-07T21:17:24.2829799Z ##[error]src/app/api/v1/webhooks/tiktok-business/route.ts(125,36): error TS7006: Parameter 'tx' implicitly has an 'any' type.
2026-10-07T21:17:24.2837045Z ##[error]src/app/api/v1/workforce/attendance/security-triage/route.ts(49,34): error TS7006: Parameter 'agent' implicitly has an 'any' type.
2026-10-07T21:17:24.2838569Z ##[error]src/app/api/v1/workforce/attendance/security-triage/route.ts(96,43): error TS7006: Parameter 'row' implicitly has an 'any' type.
2026-10-07T21:17:24.2840176Z ##[error]src/app/api/v1/workforce/attendance/security-triage/route.ts(97,35): error TS7006: Parameter 'row' implicitly has an 'any' type.
2026-10-07T21:17:24.2847286Z ##[error]src/app/api/v1/workforce/configuration/access/grant-targets/route.ts(77,30): error TS7006: Parameter 'user' implicitly has an 'any' type.
2026-10-07T21:17:24.2848813Z ##[error]src/app/api/v1/workforce/configuration/access/grant-targets/route.ts(91,30): error TS7006: Parameter 'team' implicitly has an 'any' type.
2026-10-07T21:17:24.2850261Z ##[error]src/app/api/v1/workforce/configuration/access/grant-targets/route.ts(108,30): error TS7006: Parameter 'site' implicitly has an 'any' type.
2026-10-07T21:17:24.2851886Z ##[error]src/app/api/v1/workforce/configuration/access/grant-targets/route.ts(122,31): error TS7006: Parameter 'agent' implicitly has an 'any' type.
2026-10-07T21:17:24.2855904Z ##[error]src/app/api/v1/workforce/configuration/access/grants/route.ts(313,25): error TS7006: Parameter 'grant' implicitly has an 'any' type.
2026-10-07T21:17:24.2859485Z ##[error]src/app/api/v1/workforce/configuration/access/review/route.ts(93,60): error TS7006: Parameter 'row' implicitly has an 'any' type.
2026-10-07T21:17:24.2865313Z ##[error]src/app/api/v1/workforce/evidence/timeline/route.ts(164,37): error TS7006: Parameter 'row' implicitly has an 'any' type.
2026-10-07T21:17:24.2866773Z ##[error]src/app/api/v1/workforce/evidence/timeline/route.ts(186,45): error TS7006: Parameter 'assessment' implicitly has an 'any' type.
2026-10-07T21:17:24.2879075Z ##[error]src/app/api/v1/workforce/exceptions/[id]/response/route.ts(103,47): error TS7006: Parameter 'tx' implicitly has an 'any' type.
2026-10-07T21:17:24.2882492Z ##[error]src/app/api/v1/workforce/exceptions/mine/route.ts(99,31): error TS7006: Parameter 'item' implicitly has an 'any' type.
2026-10-07T21:17:24.2885978Z ##[error]src/app/api/v1/workforce/reports/route.ts(121,33): error TS7006: Parameter 'approval' implicitly has an 'any' type.
2026-10-07T21:17:24.2887459Z ##[error]src/app/api/v1/workforce/reports/route.ts(134,42): error TS7006: Parameter 'employee' implicitly has an 'any' type.
2026-10-07T21:17:24.2890872Z ##[error]src/app/api/v1/workforce/site-transition-reports/route.ts(119,72): error TS7006: Parameter 'transition' implicitly has an 'any' type.
2026-10-07T21:17:24.2892343Z ##[error]src/app/api/v1/workforce/site-transition-reports/route.ts(138,42): error TS7006: Parameter 'site' implicitly has an 'any' type.
2026-10-07T21:17:24.2894030Z ##[error]src/app/api/v1/workforce/site-transition-reports/route.ts(139,50): error TS7006: Parameter 'employee' implicitly has an 'any' type.
2026-10-07T21:17:24.2904478Z ##[error]src/app/api/v2/mtm/mobile/location/batch/route.ts(269,37): error TS7006: Parameter 'tx' implicitly has an 'any' type.
2026-10-07T21:17:24.2909371Z ##[error]src/app/api/v2/mtm/mobile/route-field/planning-targets/route.ts(365,32): error TS7006: Parameter 'row' implicitly has an 'any' type.
2026-10-07T21:17:24.2915025Z ##[error]src/components/mtm/contact-detail.tsx(318,11): error TS2322: Type '{ "x-organization-id": string; } | { "x-organization-id"?: undefined; }' is not assignable to type 'Record<string, string>'.
2026-10-07T21:17:24.2916347Z   Type '{ "x-organization-id"?: undefined; }' is not assignable to type 'Record<string, string>'.
2026-10-07T21:17:24.2916897Z     Property '"x-organization-id"' is incompatible with index signature.
2026-10-07T21:17:24.2917353Z       Type 'undefined' is not assignable to type 'string'.
2026-10-07T21:17:24.2918342Z ##[error]src/components/mtm/contact-detail.tsx(727,15): error TS2322: Type 'ChangeRequest[]' is not assignable to type 'DictionaryChangeRequest[]'.
2026-10-07T21:17:24.2919425Z   Type 'ChangeRequest' is not assignable to type 'DictionaryChangeRequest'.
2026-10-07T21:17:24.2920035Z     Property 'payload' is optional in type 'ChangeRequest' but required in type 'DictionaryChangeRequest'.
2026-10-07T21:17:24.2921939Z ##[error]src/components/mtm/contact-duplicate-dialog.tsx(88,11): error TS2322: Type '{ "x-organization-id": string; } | { "x-organization-id"?: undefined; }' is not assignable to type 'Record<string, string>'.
2026-10-07T21:17:24.2923507Z   Type '{ "x-organization-id"?: undefined; }' is not assignable to type 'Record<string, string>'.
2026-10-07T21:17:24.2924178Z     Property '"x-organization-id"' is incompatible with index signature.
2026-10-07T21:17:24.2924613Z       Type 'undefined' is not assignable to type 'string'.
2026-10-07T21:17:24.2925892Z ##[error]src/components/mtm/contact-duplicate-dialog.tsx(296,11): error TS2322: Type '{ "x-organization-id": string; } | { "x-organization-id"?: undefined; }' is not assignable to type 'Record<string, string>'.
2026-10-07T21:17:24.2927157Z   Type '{ "x-organization-id"?: undefined; }' is not assignable to type 'Record<string, string>'.
2026-10-07T21:17:24.2927681Z     Property '"x-organization-id"' is incompatible with index signature.
2026-10-07T21:17:24.2928110Z       Type 'undefined' is not assignable to type 'string'.
2026-10-07T21:17:24.2929173Z ##[error]src/components/mtm/contact-explorer.tsx(818,23): error TS2820: Type '"mtm-contacts"' is not assignable to type 'HelpSlug'. Did you mean '"contacts"'?
2026-10-07T21:17:24.2931190Z ##[error]src/components/mtm/contact-workplace-dialog.tsx(105,11): error TS2322: Type '{ "x-organization-id": string; } | { "x-organization-id"?: undefined; }' is not assignable to type 'Record<string, string>'.
2026-10-07T21:17:24.2932435Z   Type '{ "x-organization-id"?: undefined; }' is not assignable to type 'Record<string, string>'.
2026-10-07T21:17:24.2932966Z     Property '"x-organization-id"' is incompatible with index signature.
2026-10-07T21:17:24.2933527Z       Type 'undefined' is not assignable to type 'string'.
2026-10-07T21:17:24.2934530Z ##[error]src/components/mtm/coverage-policy-admin.tsx(97,33): error TS2737: BigInt literals are not available when targeting lower than ES2020.
2026-10-07T21:17:24.2936043Z ##[error]src/components/mtm/coverage-policy-admin.tsx(101,25): error TS2737: BigInt literals are not available when targeting lower than ES2020.
2026-10-07T21:17:24.2937646Z ##[error]src/components/mtm/coverage-policy-admin.tsx(102,29): error TS2737: BigInt literals are not available when targeting lower than ES2020.
2026-10-07T21:17:24.2939145Z ##[error]src/components/mtm/coverage-policy-admin.tsx(122,100): error TS2737: BigInt literals are not available when targeting lower than ES2020.
2026-10-07T21:17:24.2940618Z ##[error]src/components/mtm/coverage-policy-admin.tsx(123,96): error TS2737: BigInt literals are not available when targeting lower than ES2020.
2026-10-07T21:17:24.2942087Z ##[error]src/components/mtm/coverage-policy-admin.tsx(124,92): error TS2737: BigInt literals are not available when targeting lower than ES2020.
2026-10-07T21:17:24.2943958Z ##[error]src/components/mtm/operational-week-home.tsx(1814,117): error TS2345: Argument of type 'string | null' is not assignable to parameter of type 'string | number | boolean'.
2026-10-07T21:17:24.2945102Z   Type 'null' is not assignable to type 'string | number | boolean'.
2026-10-07T21:17:24.2946285Z ##[error]src/components/mtm/operational-week-home.tsx(2615,14): error TS2367: This comparison appears to be unintentional because the types '"ready"' and '"loading"' have no overlap.
2026-10-07T21:17:24.2948066Z ##[error]src/components/mtm/operational-week-home.tsx(2619,17): error TS2367: This comparison appears to be unintentional because the types '"ready"' and '"error"' have no overlap.
2026-10-07T21:17:24.2949878Z ##[error]src/components/mtm/operational-week-home.tsx(2621,17): error TS2367: This comparison appears to be unintentional because the types '"ready"' and '"unavailable"' have no overlap.
2026-10-07T21:17:24.2951843Z ##[error]src/components/mtm/organization-detail.tsx(292,11): error TS2322: Type '{ "x-organization-id": string; } | { "x-organization-id"?: undefined; }' is not assignable to type 'Record<string, string>'.
2026-10-07T21:17:24.2953073Z   Type '{ "x-organization-id"?: undefined; }' is not assignable to type 'Record<string, string>'.
2026-10-07T21:17:24.2953766Z     Property '"x-organization-id"' is incompatible with index signature.
2026-10-07T21:17:24.2954347Z       Type 'undefined' is not assignable to type 'string'.
2026-10-07T21:17:24.2955715Z ##[error]src/components/mtm/organization-explorer.tsx(393,11): error TS2322: Type '{ "x-organization-id": string; } | { "x-organization-id"?: undefined; }' is not assignable to type 'Record<string, string>'.
2026-10-07T21:17:24.2957068Z   Type '{ "x-organization-id"?: undefined; }' is not assignable to type 'Record<string, string>'.
2026-10-07T21:17:24.2957604Z     Property '"x-organization-id"' is incompatible with index signature.
2026-10-07T21:17:24.2958030Z       Type 'undefined' is not assignable to type 'string'.
2026-10-07T21:17:24.2959322Z ##[error]src/components/mtm/route-planning-matrix.tsx(200,57): error TS2322: Type '{ "x-organization-id": string; } | { "x-organization-id"?: undefined; }' is not assignable to type 'Record<string, string>'.
2026-10-07T21:17:24.2960542Z   Type '{ "x-organization-id"?: undefined; }' is not assignable to type 'Record<string, string>'.
2026-10-07T21:17:24.2961077Z     Property '"x-organization-id"' is incompatible with index signature.
2026-10-07T21:17:24.2961499Z       Type 'undefined' is not assignable to type 'string'.
2026-10-07T21:17:24.2962394Z ##[error]src/components/mtm/task-form.tsx(188,32): error TS2677: A type predicate's type must be assignable to its parameter's type.
2026-10-07T21:17:24.2964303Z   Type 'LocalTaskScheduleDstAdjustment' is not assignable to type '{ field: "scheduledStart"; resolution: { kind: "AMBIGUOUS_EARLIER"; shiftedMinutes: 0; } | { kind: "SHIFTED_FORWARD"; shiftedMinutes: number; }; } | { field: "dueAt"; resolution: { kind: "AMBIGUOUS_EARLIER"; shiftedMinutes: 0; } | { ...; }; } | null'.
2026-10-07T21:17:24.2966153Z     Type 'LocalTaskScheduleDstAdjustment' is not assignable to type '{ field: "scheduledStart"; resolution: { kind: "AMBIGUOUS_EARLIER"; shiftedMinutes: 0; } | { kind: "SHIFTED_FORWARD"; shiftedMinutes: number; }; } | { field: "dueAt"; resolution: { kind: "AMBIGUOUS_EARLIER"; shiftedMinutes: 0; } | { ...; }; }'.
2026-10-07T21:17:24.2967750Z       Type 'LocalTaskScheduleDstAdjustment' is not assignable to type '{ field: "dueAt"; resolution: { kind: "AMBIGUOUS_EARLIER"; shiftedMinutes: 0; } | { kind: "SHIFTED_FORWARD"; shiftedMinutes: number; }; }'.
2026-10-07T21:17:24.2968539Z         Types of property 'field' are incompatible.
2026-10-07T21:17:24.2968991Z           Type '"dueAt" | "scheduledStart"' is not assignable to type '"dueAt"'.
2026-10-07T21:17:24.2969470Z             Type '"scheduledStart"' is not assignable to type '"dueAt"'.
2026-10-07T21:17:24.2971876Z ##[error]src/components/mtm/task-form.tsx(197,33): error TS2322: Type '({ field: "scheduledStart"; resolution: { kind: "AMBIGUOUS_EARLIER"; shiftedMinutes: 0; } | { kind: "SHIFTED_FORWARD"; shiftedMinutes: number; }; } | { field: "dueAt"; resolution: { kind: "AMBIGUOUS_EARLIER"; shiftedMinutes: 0; } | { ...; }; } | null)[]' is not assignable to type 'LocalTaskScheduleDstAdjustment[]'.
2026-10-07T21:17:24.2974544Z   Type '{ field: "scheduledStart"; resolution: { kind: "AMBIGUOUS_EARLIER"; shiftedMinutes: 0; } | { kind: "SHIFTED_FORWARD"; shiftedMinutes: number; }; } | { field: "dueAt"; resolution: { kind: "AMBIGUOUS_EARLIER"; shiftedMinutes: 0; } | { ...; }; } | null' is not assignable to type 'LocalTaskScheduleDstAdjustment'.
2026-10-07T21:17:24.2975648Z     Type 'null' is not assignable to type 'LocalTaskScheduleDstAdjustment'.
2026-10-07T21:17:24.2978050Z ##[error]src/components/mtm/task-form.tsx(212,7): error TS2322: Type '({ field: "scheduledStart"; resolution: { kind: "AMBIGUOUS_EARLIER"; shiftedMinutes: 0; } | { kind: "SHIFTED_FORWARD"; shiftedMinutes: number; }; } | { field: "dueAt"; resolution: { kind: "AMBIGUOUS_EARLIER"; shiftedMinutes: 0; } | { ...; }; } | null)[]' is not assignable to type 'LocalTaskScheduleDstAdjustment[]'.
2026-10-07T21:17:24.2980602Z   Type '{ field: "scheduledStart"; resolution: { kind: "AMBIGUOUS_EARLIER"; shiftedMinutes: 0; } | { kind: "SHIFTED_FORWARD"; shiftedMinutes: number; }; } | { field: "dueAt"; resolution: { kind: "AMBIGUOUS_EARLIER"; shiftedMinutes: 0; } | { ...; }; } | null' is not assignable to type 'LocalTaskScheduleDstAdjustment'.
2026-10-07T21:17:24.2981720Z     Type 'null' is not assignable to type 'LocalTaskScheduleDstAdjustment'.
2026-10-07T21:17:24.2984316Z ##[error]src/components/mtm/task-workspace.tsx(220,22): error TS2345: Argument of type '(this: undefined, item: any) => { dueDate: string; }[] | { dueDate: string | null; scheduledStartAt: string | null; dstAdjusted: boolean; dstKind: string | null; dstShiftedMinutes: number | null; }[]' is not assignable to parameter of type '(this: undefined, value: any, index: number, array: any[]) => { dueDate: string; } | readonly { dueDate: string; }[]'.
2026-10-07T21:17:24.2985537Z   Type '{ dueDate: string; }[] | { dueDate: string | null; scheduledStartAt: string | null; dstAdjusted: boolean; dstKind: string | null; dstShiftedMinutes: number | null; }[]' is not assignable to type '{ dueDate: string; } | readonly { dueDate: string; }[]'.
2026-10-07T21:17:24.2986271Z     Type '{ dueDate: string | null; scheduledStartAt: string | null; dstAdjusted: boolean; dstKind: string | null; dstShiftedMinutes: number | null; }[]' is not assignable to type '{ dueDate: string; } | readonly { dueDate: string; }[]'.
2026-10-07T21:17:24.2986931Z       Type '{ dueDate: string | null; scheduledStartAt: string | null; dstAdjusted: boolean; dstKind: string | null; dstShiftedMinutes: number | null; }[]' is not assignable to type 'readonly { dueDate: string; }[]'.
2026-10-07T21:17:24.2987552Z         Type '{ dueDate: string | null; scheduledStartAt: string | null; dstAdjusted: boolean; dstKind: string | null; dstShiftedMinutes: number | null; }' is not assignable to type '{ dueDate: string; }'.
2026-10-07T21:17:24.2987737Z           Types of property 'dueDate' are incompatible.
2026-10-07T21:17:24.2987936Z             Type 'string | null' is not assignable to type 'string'.
2026-10-07T21:17:24.2988125Z               Type 'null' is not assignable to type 'string'.
2026-10-07T21:17:24.2996561Z ##[error]src/components/tasks/task-detail-view.tsx(982,97): error TS2339: Property 'columnKey' does not exist on type '{ key: string; label: string; }'.
2026-10-07T21:17:24.3007562Z ##[error]src/lib/ai/lead-scoring.ts(173,41): error TS7006: Parameter 's' implicitly has an 'any' type.
2026-10-07T21:17:24.3008551Z ##[error]src/lib/ai/lead-scoring.ts(174,39): error TS7006: Parameter 'sum' implicitly has an 'any' type.
2026-10-07T21:17:24.3009415Z ##[error]src/lib/ai/lead-scoring.ts(174,44): error TS7006: Parameter 's' implicitly has an 'any' type.
2026-10-07T21:17:24.3010343Z ##[error]src/lib/ai/social-agent.ts(71,23): error TS7006: Parameter 'config' implicitly has an 'any' type.
2026-10-07T21:17:24.3011561Z ##[error]src/lib/ai/social-agent.ts(73,21): error TS7006: Parameter 'config' implicitly has an 'any' type.
2026-10-07T21:17:24.3012533Z ##[error]src/lib/ai/social-agent.ts(74,21): error TS7006: Parameter 'config' implicitly has an 'any' type.
2026-10-07T21:17:24.3015655Z ##[error]src/lib/ai/voice/execute-read-tool.ts(149,11): error TS2345: Argument of type 'string' is not assignable to parameter of type 'Role | undefined'.
2026-10-07T21:17:24.3016670Z ##[error]src/lib/ai/voice/lead-coverage.ts(83,30): error TS7006: Parameter 'lead' implicitly has an 'any' type.
2026-10-07T21:17:24.3017587Z ##[error]src/lib/ai/voice/lead-coverage.ts(94,19): error TS7006: Parameter 'row' implicitly has an 'any' type.
2026-10-07T21:17:24.3018467Z ##[error]src/lib/ai/voice/lead-coverage.ts(94,47): error TS7006: Parameter 'id' implicitly has an 'any' type.
2026-10-07T21:17:24.3019328Z ##[error]src/lib/ai/voice/lead-coverage.ts(98,24): error TS7006: Parameter 'lead' implicitly has an 'any' type.
2026-10-07T21:17:24.3020176Z ##[error]src/lib/ai/voice/lead-coverage.ts(98,58): error TS7006: Parameter 'id' implicitly has an 'any' type.
2026-10-07T21:17:24.3021043Z ##[error]src/lib/ai/voice/lead-coverage.ts(106,39): error TS7006: Parameter 'user' implicitly has an 'any' type.
2026-10-07T21:17:24.3022051Z ##[error]src/lib/ai/voice/record-read.ts(123,45): error TS7006: Parameter 'r' implicitly has an 'any' type.
2026-10-07T21:17:24.3022901Z ##[error]src/lib/ai/voice/record-read.ts(157,38): error TS7006: Parameter 'r' implicitly has an 'any' type.
2026-10-07T21:17:24.3023994Z ##[error]src/lib/ai/voice/record-read.ts(178,40): error TS7006: Parameter 'c' implicitly has an 'any' type.
2026-10-07T21:17:24.3034012Z ##[error]src/lib/commitments/late-callbacks.ts(88,40): error TS7006: Parameter 'task' implicitly has an 'any' type.
2026-10-07T21:17:24.3034996Z ##[error]src/lib/commitments/late-callbacks.ts(103,14): error TS7006: Parameter 't' implicitly has an 'any' type.
2026-10-07T21:17:24.3035859Z ##[error]src/lib/commitments/late-callbacks.ts(104,11): error TS7006: Parameter 't' implicitly has an 'any' type.
2026-10-07T21:17:24.3036711Z ##[error]src/lib/commitments/late-callbacks.ts(106,11): error TS7006: Parameter 't' implicitly has an 'any' type.
2026-10-07T21:17:24.3037592Z ##[error]src/lib/commitments/late-callbacks.ts(107,14): error TS7006: Parameter 'id' implicitly has an 'any' type.
2026-10-07T21:17:24.3038459Z ##[error]src/lib/commitments/late-callbacks.ts(109,6): error TS7006: Parameter 'acc' implicitly has an 'any' type.
2026-10-07T21:17:24.3039319Z ##[error]src/lib/commitments/late-callbacks.ts(109,11): error TS7006: Parameter 't' implicitly has an 'any' type.
2026-10-07T21:17:24.3040187Z ##[error]src/lib/commitments/late-callbacks.ts(150,39): error TS7006: Parameter 'l' implicitly has an 'any' type.
2026-10-07T21:17:24.3041035Z ##[error]src/lib/commitments/late-callbacks.ts(151,43): error TS7006: Parameter 's' implicitly has an 'any' type.
2026-10-07T21:17:24.3041914Z ##[error]src/lib/commitments/late-callbacks.ts(163,49): error TS7006: Parameter 'task' implicitly has an 'any' type.
2026-10-07T21:17:24.3042840Z ##[error]src/lib/commitments/late-callbacks.ts(179,23): error TS2339: Property 'contactName' does not exist on type '{}'.
2026-10-07T21:17:24.3044005Z ##[error]src/lib/commitments/late-callbacks.ts(180,24): error TS2339: Property 'phone' does not exist on type '{}'.
2026-10-07T21:17:24.3045072Z ##[error]src/lib/commitments/late-callbacks.ts(182,27): error TS2339: Property 'name' does not exist on type '{}'.
2026-10-07T21:17:24.3045972Z ##[error]src/lib/commitments/late-callbacks.ts(182,51): error TS2339: Property 'email' does not exist on type '{}'.
2026-10-07T21:17:24.3052624Z ##[error]src/lib/crm-commands/deal/effects.ts(54,12): error TS7006: Parameter 'configs' implicitly has an 'any' type.
2026-10-07T21:17:24.3055622Z ##[error]src/lib/crm-commands/lead/create-lead.ts(188,44): error TS7006: Parameter 'pipeline' implicitly has an 'any' type.
2026-10-07T21:17:24.3058477Z ##[error]src/lib/dashboard/quick-actions.ts(1,21): error TS2305: Module '"lucide-react"' has no exported member 'ElementType'.
2026-10-07T21:17:24.3061314Z ##[error]src/lib/demo-center/access.ts(20,52): error TS7006: Parameter 'tx' implicitly has an 'any' type.
2026-10-07T21:17:24.3062303Z ##[error]src/lib/demo-center/admin-counters.ts(40,38): error TS7006: Parameter 'grant' implicitly has an 'any' type.
2026-10-07T21:17:24.3063208Z ##[error]src/lib/demo-center/auto-issue.ts(94,31): error TS7006: Parameter 'user' implicitly has an 'any' type.
2026-10-07T21:17:24.3064262Z ##[error]src/lib/demo-center/call-prompt-match.ts(99,91): error TS7006: Parameter 'call' implicitly has an 'any' type.
2026-10-07T21:17:24.3065376Z ##[error]src/lib/demo-center/call-prompt-match.ts(102,41): error TS7006: Parameter 'event' implicitly has an 'any' type.
2026-10-07T21:17:24.3066299Z ##[error]src/lib/demo-center/call-prompt-match.ts(103,34): error TS7006: Parameter 'call' implicitly has an 'any' type.
2026-10-07T21:17:24.3067194Z ##[error]src/lib/demo-center/call-prompt-match.ts(111,39): error TS7006: Parameter 'call' implicitly has an 'any' type.
2026-10-07T21:17:24.3068122Z ##[error]src/lib/demo-center/call-prompt-match.ts(117,45): error TS7006: Parameter 'candidate' implicitly has an 'any' type.
2026-10-07T21:17:24.3069120Z ##[error]src/lib/demo-center/demo-whatsapp.ts(191,34): error TS7006: Parameter 'row' implicitly has an 'any' type.
2026-10-07T21:17:24.3070001Z ##[error]src/lib/demo-center/demo-whatsapp.ts(193,29): error TS7006: Parameter 'row' implicitly has an 'any' type.
2026-10-07T21:17:24.3070882Z ##[error]src/lib/demo-center/demo-whatsapp.ts(197,11): error TS7006: Parameter 'row' implicitly has an 'any' type.
2026-10-07T21:17:24.3071762Z ##[error]src/lib/demo-center/issue-grant.ts(61,73): error TS7006: Parameter 'tx' implicitly has an 'any' type.
2026-10-07T21:17:24.3072613Z ##[error]src/lib/demo-center/issue-grant.ts(77,41): error TS7006: Parameter 'item' implicitly has an 'any' type.
2026-10-07T21:17:24.3073645Z ##[error]src/lib/demo-center/issue-grant.ts(89,28): error TS7006: Parameter 'item' implicitly has an 'any' type.
2026-10-07T21:17:24.3074585Z ##[error]src/lib/demo-center/issue-grant.ts(148,85): error TS7006: Parameter 'tx' implicitly has an 'any' type.
2026-10-07T21:17:24.3075453Z ##[error]src/lib/demo-center/issue-grant.ts(170,77): error TS7006: Parameter 'tx' implicitly has an 'any' type.
2026-10-07T21:17:24.3078366Z ##[error]src/lib/demo-center/journey/records.ts(481,54): error TS18048: 'outcome' is possibly 'undefined'.
2026-10-07T21:17:24.3079283Z ##[error]src/lib/demo-center/journey/records.ts(481,84): error TS18048: 'outcome' is possibly 'undefined'.
2026-10-07T21:17:24.3080118Z ##[error]src/lib/demo-center/journey/records.ts(483,86): error TS18048: 'outcome' is possibly 'undefined'.
2026-10-07T21:17:24.3080950Z ##[error]src/lib/demo-center/journey/records.ts(483,111): error TS18048: 'outcome' is possibly 'undefined'.
2026-10-07T21:17:24.3081952Z ##[error]src/lib/demo-center/phone-telegram.ts(338,29): error TS7006: Parameter 'row' implicitly has an 'any' type.
2026-10-07T21:17:24.3082929Z ##[error]src/lib/demo-center/phone-telegram.ts(341,29): error TS7006: Parameter 'row' implicitly has an 'any' type.
2026-10-07T21:17:24.3084149Z ##[error]src/lib/demo-center/phone-telegram.ts(384,44): error TS7006: Parameter 'candidate' implicitly has an 'any' type.
2026-10-07T21:17:24.3085257Z ##[error]src/lib/demo-center/phone-telegram.ts(385,32): error TS7006: Parameter 'candidate' implicitly has an 'any' type.
2026-10-07T21:17:24.3086191Z ##[error]src/lib/demo-center/phone-telegram.ts(407,27): error TS7006: Parameter 'total' implicitly has an 'any' type.
2026-10-07T21:17:24.3087166Z ##[error]src/lib/demo-center/phone-telegram.ts(407,34): error TS7006: Parameter 'candidate' implicitly has an 'any' type.
2026-10-07T21:17:24.3088067Z ##[error]src/lib/demo-center/phone-telegram.ts(408,34): error TS7006: Parameter 'candidate' implicitly has an 'any' type.
2026-10-07T21:17:24.3088991Z ##[error]src/lib/demo-center/phone-verification.ts(90,33): error TS7006: Parameter 'row' implicitly has an 'any' type.
2026-10-07T21:17:24.3089894Z ##[error]src/lib/demo-center/phone-verification.ts(92,31): error TS7006: Parameter 'total' implicitly has an 'any' type.
2026-10-07T21:17:24.3090775Z ##[error]src/lib/demo-center/phone-verification.ts(92,38): error TS7006: Parameter 'row' implicitly has an 'any' type.
2026-10-07T21:17:24.3094591Z ##[error]src/lib/event-platform/append.ts(224,3): error TS2559: Type 'ProcessEnv' has no properties in common with type 'Partial<Record<"GIT_SHA" | "GITHUB_SHA" | "VERCEL_GIT_COMMIT_SHA" | "COMMIT_SHA", string | undefined>>'.
2026-10-07T21:17:24.3095719Z ##[error]src/lib/event-platform/fund-contracts.ts(32,34): error TS2737: BigInt literals are not available when targeting lower than ES2020.
2026-10-07T21:17:24.3096762Z ##[error]src/lib/event-platform/projection.ts(128,101): error TS2737: BigInt literals are not available when targeting lower than ES2020.
2026-10-07T21:17:24.3097776Z ##[error]src/lib/event-platform/projection.ts(228,100): error TS2737: BigInt literals are not available when targeting lower than ES2020.
2026-10-07T21:17:24.3098788Z ##[error]src/lib/event-platform/projection.ts(228,105): error TS2737: BigInt literals are not available when targeting lower than ES2020.
2026-10-07T21:17:24.3104318Z ##[error]src/lib/inbox/chatwoot-inbound.ts(235,9): error TS2561: Object literal may only specify known properties, but 'inboundMessageIds' does not exist in type '{ orgId: string; channelType: string; conversationId: string | null; contactId?: string | null | undefined; inboundText: string; to: string; channelConfigId?: string | null | undefined; inboundMessageId?: string | ... 1 more ... | undefined; preSend?: (() => Promise<...>) | undefined; nowMs?: number | undefined; }'. Did you mean to write 'inboundMessageId'?
2026-10-07T21:17:24.3105324Z ##[error]src/lib/inbox/chatwoot-source-guard.ts(90,12): error TS7006: Parameter 'row' implicitly has an 'any' type.
2026-10-07T21:17:24.3106379Z ##[error]src/lib/inbox/lead-qualification.ts(74,42): error TS2345: Argument of type '"late"' is not assignable to parameter of type 'never'.
2026-10-07T21:17:24.3107280Z ##[error]src/lib/inbox/lead-qualification.ts(376,49): error TS7006: Parameter 'message' implicitly has an 'any' type.
2026-10-07T21:17:24.3108260Z ##[error]src/lib/inbox/repair-closed-qualifications.ts(86,54): error TS7006: Parameter 'message' implicitly has an 'any' type.
2026-10-07T21:17:24.3109179Z ##[error]src/lib/inbox/send-conversation-reply.ts(121,37): error TS7006: Parameter 'tx' implicitly has an 'any' type.
2026-10-07T21:17:24.3110064Z ##[error]src/lib/inbox/send-conversation-reply.ts(281,37): error TS7006: Parameter 'tx' implicitly has an 'any' type.
2026-10-07T21:17:24.3112294Z ##[error]src/lib/inbox/send-conversation-reply.ts(492,27): error TS2352: Conversion of type '{ id: string; status: string; }' to type 'null' may be a mistake because neither type sufficiently overlaps with the other. If this was intentional, convert the expression to 'unknown' first.
2026-10-07T21:17:24.3113313Z ##[error]src/lib/inbox/send-conversation-reply.ts(559,64): error TS2339: Property 'id' does not exist on type 'never'.
2026-10-07T21:17:24.3114612Z ##[error]src/lib/inbox/send-conversation-reply.ts(561,42): error TS2339: Property 'id' does not exist on type 'never'.
2026-10-07T21:17:24.3115588Z ##[error]src/lib/inbox/send-conversation-reply.ts(611,32): error TS2339: Property 'id' does not exist on type 'never'.
2026-10-07T21:17:24.3116476Z ##[error]src/lib/inbox/send-conversation-reply.ts(611,66): error TS2339: Property 'id' does not exist on type 'never'.
2026-10-07T21:17:24.3117355Z ##[error]src/lib/inbox/send-conversation-reply.ts(626,30): error TS2339: Property 'id' does not exist on type 'never'.
2026-10-07T21:17:24.3118223Z ##[error]src/lib/inbox/send-conversation-reply.ts(626,64): error TS2339: Property 'id' does not exist on type 'never'.
2026-10-07T21:17:24.3128092Z ##[error]src/lib/mtm/coverage-policy.ts(231,34): error TS2737: BigInt literals are not available when targeting lower than ES2020.
2026-10-07T21:17:24.3129162Z ##[error]src/lib/mtm/coverage-policy.ts(241,83): error TS2737: BigInt literals are not available when targeting lower than ES2020.
2026-10-07T21:17:24.3130166Z ##[error]src/lib/mtm/coverage-snapshot.ts(48,34): error TS2737: BigInt literals are not available when targeting lower than ES2020.
2026-10-07T21:17:24.3131164Z ##[error]src/lib/mtm/coverage-snapshot.ts(53,28): error TS2737: BigInt literals are not available when targeting lower than ES2020.
2026-10-07T21:17:24.3132146Z ##[error]src/lib/mtm/coverage-snapshot.ts(55,28): error TS2737: BigInt literals are not available when targeting lower than ES2020.
2026-10-07T21:17:24.3133128Z ##[error]src/lib/mtm/coverage-snapshot.ts(56,32): error TS2737: BigInt literals are not available when targeting lower than ES2020.
2026-10-07T21:17:24.3134317Z ##[error]src/lib/mtm/coverage-snapshot.ts(67,62): error TS2737: BigInt literals are not available when targeting lower than ES2020.
2026-10-07T21:17:24.3137124Z ##[error]src/lib/mtm/demo-pulse.ts(366,14): error TS7006: Parameter 'row' implicitly has an 'any' type.
2026-10-07T21:17:24.3138142Z ##[error]src/lib/mtm/mobile-location-reconciliation.ts(199,40): error TS7006: Parameter 'tx' implicitly has an 'any' type.
2026-10-07T21:17:24.3139185Z ##[error]src/lib/mtm/mobile-route-command-retention.ts(74,60): error TS7006: Parameter 'tx' implicitly has an 'any' type.
2026-10-07T21:17:24.3140167Z ##[error]src/lib/mtm/mobile-route-command-retention.ts(75,30): error TS2347: Untyped function calls may not accept type arguments.
2026-10-07T21:17:24.3141119Z ##[error]src/lib/mtm/mobile-route-command-retention.ts(106,37): error TS7006: Parameter 'candidate' implicitly has an 'any' type.
2026-10-07T21:17:24.3142023Z ##[error]src/lib/mtm/mobile-route-command.ts(1169,45): error TS7006: Parameter 'tx' implicitly has an 'any' type.
2026-10-07T21:17:24.3142922Z ##[error]src/lib/mtm/mobile-sync-v2-retention.ts(109,37): error TS7006: Parameter 'tx' implicitly has an 'any' type.
2026-10-07T21:17:24.3144108Z ##[error]src/lib/mtm/mobile-sync-v2-retention.ts(110,30): error TS2347: Untyped function calls may not accept type arguments.
2026-10-07T21:17:24.3149550Z ##[error]src/lib/social/ai-draft-service.ts(212,14): error TS7006: Parameter 'item' implicitly has an 'any' type.
2026-10-07T21:17:24.3150549Z ##[error]src/lib/social/ai-draft-service.ts(213,17): error TS7006: Parameter 'name' implicitly has an 'any' type.
2026-10-07T21:17:24.3153199Z ##[error]src/lib/social/apify-async-adapter.ts(1422,14): error TS7006: Parameter 'error' implicitly has an 'any' type.
2026-10-07T21:17:24.3154450Z ##[error]src/lib/social/apify-async-adapter.ts(1645,14): error TS7006: Parameter 'error' implicitly has an 'any' type.
2026-10-07T21:17:24.3155337Z ##[error]src/lib/social/apify-async-adapter.ts(2432,57): error TS7006: Parameter 'tx' implicitly has an 'any' type.
2026-10-07T21:17:24.3156224Z ##[error]src/lib/social/apify-async-adapter.ts(5096,16): error TS7006: Parameter 'error' implicitly has an 'any' type.
2026-10-07T21:17:24.3157771Z ##[error]src/lib/social/automatic-review-backfill.ts(326,11): error TS7022: 'page' implicitly has type 'any' because it does not have a type annotation and is referenced directly or indirectly in its own initializer.
2026-10-07T21:17:24.3160159Z ##[error]src/lib/social/automatic-review-backfill.ts(598,37): error TS2339: Property 'automaticReviewTriage' does not exist on type '{ status: "SUPERSEDED"; envelopeId: string; mentionId: null; created: boolean; } | { reviewSubjectId?: string | undefined; status: "ALREADY_ACCEPTED"; envelopeId: any; mentionId: any; created: boolean; } | { ...; }'.
2026-10-07T21:17:24.3161100Z   Property 'automaticReviewTriage' does not exist on type '{ status: "SUPERSEDED"; envelopeId: string; mentionId: null; created: boolean; }'.
2026-10-07T21:17:24.3161763Z ##[error]src/lib/social/incremental-monitoring-report.ts(425,73): error TS7006: Parameter 'mention' implicitly has an 'any' type.
2026-10-07T21:17:24.3162773Z ##[error]src/lib/social/incremental-monitoring-report.ts(444,13): error TS7006: Parameter 'envelope' implicitly has an 'any' type.
2026-10-07T21:17:24.3163986Z ##[error]src/lib/social/incremental-monitoring-report.ts(449,45): error TS7006: Parameter 'link' implicitly has an 'any' type.
2026-10-07T21:17:24.3165033Z ##[error]src/lib/social/incremental-monitoring-report.ts(452,10): error TS7006: Parameter 'envelope' implicitly has an 'any' type.
2026-10-07T21:17:24.3165987Z ##[error]src/lib/social/ingest-envelope-replay.ts(259,48): error TS7006: Parameter 'subject' implicitly has an 'any' type.
2026-10-07T21:17:24.3166903Z ##[error]src/lib/social/ingest-envelope-replay.ts(261,30): error TS7006: Parameter 'subject' implicitly has an 'any' type.
2026-10-07T21:17:24.3167804Z ##[error]src/lib/social/ingest-envelope-replay.ts(442,16): error TS7006: Parameter 'error' implicitly has an 'any' type.
2026-10-07T21:17:24.3168709Z ##[error]src/lib/social/ingest-envelope-replay.ts(569,14): error TS7006: Parameter 'error' implicitly has an 'any' type.
2026-10-07T21:17:24.3169608Z ##[error]src/lib/social/ingest-envelope-replay.ts(714,14): error TS7006: Parameter 'error' implicitly has an 'any' type.
2026-10-07T21:17:24.3170756Z ##[error]src/lib/social/legal-workflow.ts(27,11): error TS2322: Type 'null' is not assignable to type 'string | StringFilter<"SocialMention"> | undefined'.
2026-10-07T21:17:24.3171956Z ##[error]src/lib/social/legal-workflow.ts(33,11): error TS2322: Type 'null' is not assignable to type 'string | StringFilter<"SocialMention"> | undefined'.
2026-10-07T21:17:24.3172833Z ##[error]src/lib/social/legal-workflow.ts(169,59): error TS7006: Parameter 'match' implicitly has an 'any' type.
2026-10-07T21:17:24.3173914Z ##[error]src/lib/social/legal-workflow.ts(182,52): error TS7006: Parameter 'match' implicitly has an 'any' type.
2026-10-07T21:17:24.3176634Z ##[error]src/lib/social/monitoring-collector.ts(1972,3): error TS2739: Type '{}' is missing the following properties from type '{ claim: MonitoringSourceRunClaim; eligibleStatuses: readonly string[]; manualPaidRun?: boolean | undefined; manualSourceRun?: boolean | undefined; fullArchiveRun?: boolean | undefined; ... 8 more ...; includeComments?: boolean | undefined; }': claim, eligibleStatuses
2026-10-07T21:17:24.3180895Z ##[error]src/lib/social/monitoring-collector.ts(2524,9): error TS2322: Type '{ dependentCommentsAuthorized: true; dependentCommentsMaxTotalChargeUsd: number | null; sourceAuthorizedMaxTotalChargeUsd: number; discoveryMaxTotalChargeUsd: number; archiveStartAt?: string | ... 1 more ... | undefined; ... 15 more ...; fullArchiveRun: boolean; } | { ...; } | { ...; }' is not assignable to type '{ collectorRunId: string; routePlanId: string; capability: string; adapterKey: string; acquisitionMode: string; providerKey?: string | null | undefined; providerRunId?: string | null | undefined; ... 22 more ...; providerWindowOverride?: { ...; } | undefined; } | undefined'.
2026-10-07T21:17:24.3183122Z   Type '{ dependentCommentsAuthorized: true; dependentCommentsMaxTotalChargeUsd: number | null; sourceAuthorizedMaxTotalChargeUsd: number; discoveryMaxTotalChargeUsd: number; archiveStartAt?: string | ... 1 more ... | undefined; ... 15 more ...; fullArchiveRun: boolean; }' is not assignable to type '{ collectorRunId: string; routePlanId: string; capability: string; adapterKey: string; acquisitionMode: string; providerKey?: string | null | undefined; providerRunId?: string | null | undefined; ... 22 more ...; providerWindowOverride?: { ...; } | undefined; }'.
2026-10-07T21:17:24.3183634Z     Types of property 'dependentCommentsMaxTotalChargeUsd' are incompatible.
2026-10-07T21:17:24.3183878Z       Type 'number | null' is not assignable to type 'number | undefined'.
2026-10-07T21:17:24.3184085Z         Type 'null' is not assignable to type 'number | undefined'.
2026-10-07T21:17:24.3184617Z ##[error]src/lib/social/monitoring-collector.ts(3058,22): error TS18046: 'run' is of type 'unknown'.
2026-10-07T21:17:24.3185569Z ##[error]src/lib/social/monitoring-collector.ts(3079,58): error TS18046: 'run' is of type 'unknown'.
2026-10-07T21:17:24.3186504Z ##[error]src/lib/social/monitoring-collector.ts(3136,7): error TS18046: 'run' is of type 'unknown'.
2026-10-07T21:17:24.3187306Z ##[error]src/lib/social/monitoring-collector.ts(3163,20): error TS18046: 'run' is of type 'unknown'.
2026-10-07T21:17:24.3188112Z ##[error]src/lib/social/monitoring-collector.ts(3228,22): error TS18046: 'run' is of type 'unknown'.
2026-10-07T21:17:24.3188922Z ##[error]src/lib/social/monitoring-collector.ts(3235,43): error TS18046: 'run' is of type 'unknown'.
2026-10-07T21:17:24.3189725Z ##[error]src/lib/social/monitoring-collector.ts(3238,32): error TS18046: 'run' is of type 'unknown'.
2026-10-07T21:17:24.3190784Z ##[error]src/lib/social/monitoring-import-fence.ts(78,3): error TS2322: Type 'Promise<T>' is not assignable to type 'Promise<Awaited<T>>'.
2026-10-07T21:17:24.3191309Z   Type 'T' is not assignable to type 'Awaited<T>'.
2026-10-07T21:17:24.3191870Z ##[error]src/lib/social/monitoring-import-fence.ts(228,36): error TS7006: Parameter 'tx' implicitly has an 'any' type.
2026-10-07T21:17:24.3192774Z ##[error]src/lib/social/monitoring-import-fence.ts(268,36): error TS7006: Parameter 'tx' implicitly has an 'any' type.
2026-10-07T21:17:24.3193902Z ##[error]src/lib/social/monitoring-run-job.ts(232,35): error TS7006: Parameter 'source' implicitly has an 'any' type.
2026-10-07T21:17:24.3194970Z ##[error]src/lib/social/monitoring-run-job.ts(248,35): error TS7006: Parameter 'byScenario' implicitly has an 'any' type.
2026-10-07T21:17:24.3195864Z ##[error]src/lib/social/monitoring-run-job.ts(248,47): error TS7006: Parameter 'source' implicitly has an 'any' type.
2026-10-07T21:17:24.3196742Z ##[error]src/lib/social/monitoring-run-job.ts(249,55): error TS7006: Parameter 'link' implicitly has an 'any' type.
2026-10-07T21:17:24.3197620Z ##[error]src/lib/social/monitoring-run-job.ts(256,24): error TS7006: Parameter 'source' implicitly has an 'any' type.
2026-10-07T21:17:24.3198500Z ##[error]src/lib/social/monitoring-run-job.ts(256,32): error TS7006: Parameter 'index' implicitly has an 'any' type.
2026-10-07T21:17:24.3199381Z ##[error]src/lib/social/monitoring-run-job.ts(403,43): error TS7006: Parameter 'item' implicitly has an 'any' type.
2026-10-07T21:17:24.3200252Z ##[error]src/lib/social/monitoring-run-job.ts(404,38): error TS7006: Parameter 'item' implicitly has an 'any' type.
2026-10-07T21:17:24.3201134Z ##[error]src/lib/social/monitoring-run-job.ts(415,35): error TS7006: Parameter 'sum' implicitly has an 'any' type.
2026-10-07T21:17:24.3202002Z ##[error]src/lib/social/monitoring-run-job.ts(415,40): error TS7006: Parameter 'item' implicitly has an 'any' type.
2026-10-07T21:17:24.3202873Z ##[error]src/lib/social/monitoring-run-job.ts(416,33): error TS7006: Parameter 'sum' implicitly has an 'any' type.
2026-10-07T21:17:24.3203853Z ##[error]src/lib/social/monitoring-run-job.ts(416,38): error TS7006: Parameter 'item' implicitly has an 'any' type.
2026-10-07T21:17:24.3204758Z ##[error]src/lib/social/monitoring-run-job.ts(425,26): error TS7006: Parameter 'item' implicitly has an 'any' type.
2026-10-07T21:17:24.3205596Z ##[error]src/lib/social/monitoring-run-job.ts(950,28): error TS18046: 'input.item' is of type 'unknown'.
2026-10-07T21:17:24.3206574Z ##[error]src/lib/social/monitoring-run-job.ts(955,23): error TS18046: 'input.item' is of type 'unknown'.
2026-10-07T21:17:24.3207504Z ##[error]src/lib/social/monitoring-run-job.ts(956,11): error TS18046: 'input.item' is of type 'unknown'.
2026-10-07T21:17:24.3208336Z ##[error]src/lib/social/monitoring-run-job.ts(973,61): error TS18046: 'input.item' is of type 'unknown'.
2026-10-07T21:17:24.3209158Z ##[error]src/lib/social/monitoring-run-job.ts(981,5): error TS18046: 'item' is of type 'unknown'.
2026-10-07T21:17:24.3209970Z ##[error]src/lib/social/monitoring-run-job.ts(982,8): error TS18046: 'item' is of type 'unknown'.
2026-10-07T21:17:24.3210772Z ##[error]src/lib/social/monitoring-run-job.ts(983,8): error TS18046: 'item' is of type 'unknown'.
2026-10-07T21:17:24.3212073Z ##[error]src/lib/social/monitoring-run-job.ts(988,23): error TS18046: 'item' is of type 'unknown'.
2026-10-07T21:17:24.3212892Z ##[error]src/lib/social/monitoring-run-job.ts(989,11): error TS18046: 'item' is of type 'unknown'.
2026-10-07T21:17:24.3213810Z ##[error]src/lib/social/monitoring-run-job.ts(1005,7): error TS18046: 'item' is of type 'unknown'.
2026-10-07T21:17:24.3214648Z ##[error]src/lib/social/monitoring-run-job.ts(1006,22): error TS18046: 'item' is of type 'unknown'.
2026-10-07T21:17:24.3215582Z ##[error]src/lib/social/monitoring-run-job.ts(1008,7): error TS2698: Spread types may only be created from object types.
2026-10-07T21:17:24.3216468Z ##[error]src/lib/social/monitoring-run-job.ts(1011,16): error TS7006: Parameter 'row' implicitly has an 'any' type.
2026-10-07T21:17:24.3217263Z ##[error]src/lib/social/monitoring-run-job.ts(1016,34): error TS18046: 'item' is of type 'unknown'.
2026-10-07T21:17:24.3218055Z ##[error]src/lib/social/monitoring-run-job.ts(1016,59): error TS18046: 'item' is of type 'unknown'.
2026-10-07T21:17:24.3218847Z ##[error]src/lib/social/monitoring-run-job.ts(1030,25): error TS18046: 'item' is of type 'unknown'.
2026-10-07T21:17:24.3219642Z ##[error]src/lib/social/monitoring-run-job.ts(1031,17): error TS18046: 'item' is of type 'unknown'.
2026-10-07T21:17:24.3220434Z ##[error]src/lib/social/monitoring-run-job.ts(1041,34): error TS18046: 'item' is of type 'unknown'.
2026-10-07T21:17:24.3221303Z ##[error]src/lib/social/monitoring-run-job.ts(1041,59): error TS18046: 'item' is of type 'unknown'.
2026-10-07T21:17:24.3222232Z ##[error]src/lib/social/monitoring-run-job.ts(1056,5): error TS2698: Spread types may only be created from object types.
2026-10-07T21:17:24.3223035Z ##[error]src/lib/social/monitoring-run-job.ts(1057,16): error TS18046: 'item' is of type 'unknown'.
2026-10-07T21:17:24.3224034Z ##[error]src/lib/social/monitoring-run-job.ts(1057,65): error TS18046: 'item' is of type 'unknown'.
2026-10-07T21:17:24.3224873Z ##[error]src/lib/social/monitoring-run-job.ts(1060,8): error TS18046: 'item' is of type 'unknown'.
2026-10-07T21:17:24.3225768Z ##[error]src/lib/social/monitoring-run-job.ts(1061,17): error TS7006: Parameter 'row' implicitly has an 'any' type.
2026-10-07T21:17:24.3226571Z ##[error]src/lib/social/monitoring-run-job.ts(1064,33): error TS18046: 'item' is of type 'unknown'.
2026-10-07T21:17:24.3227482Z ##[error]src/lib/social/monitoring-run-job.ts(1065,40): error TS2698: Spread types may only be created from object types.
2026-10-07T21:17:24.3228285Z ##[error]src/lib/social/monitoring-run-job.ts(1068,20): error TS18046: 'item' is of type 'unknown'.
2026-10-07T21:17:24.3229081Z ##[error]src/lib/social/monitoring-run-job.ts(1072,25): error TS18046: 'item' is of type 'unknown'.
2026-10-07T21:17:24.3229877Z ##[error]src/lib/social/monitoring-run-job.ts(1073,17): error TS18046: 'item' is of type 'unknown'.
2026-10-07T21:17:24.3230658Z ##[error]src/lib/social/monitoring-run-job.ts(1075,16): error TS18046: 'item' is of type 'unknown'.
2026-10-07T21:17:24.3231449Z ##[error]src/lib/social/monitoring-run-job.ts(1081,69): error TS18046: 'item' is of type 'unknown'.
2026-10-07T21:17:24.3232243Z ##[error]src/lib/social/monitoring-run-job.ts(1089,25): error TS18046: 'item' is of type 'unknown'.
2026-10-07T21:17:24.3233032Z ##[error]src/lib/social/monitoring-run-job.ts(1090,17): error TS18046: 'item' is of type 'unknown'.
2026-10-07T21:17:24.3234098Z ##[error]src/lib/social/monitoring-run-job.ts(1092,40): error TS18046: 'item' is of type 'unknown'.
2026-10-07T21:17:24.3234996Z ##[error]src/lib/social/monitoring-run-job.ts(1099,32): error TS18046: 'item' is of type 'unknown'.
2026-10-07T21:17:24.3235790Z ##[error]src/lib/social/monitoring-run-job.ts(1099,57): error TS18046: 'item' is of type 'unknown'.
2026-10-07T21:17:24.3236578Z ##[error]src/lib/social/monitoring-run-job.ts(1106,40): error TS18046: 'item' is of type 'unknown'.
2026-10-07T21:17:24.3237373Z ##[error]src/lib/social/monitoring-run-job.ts(1113,6): error TS18046: 'item' is of type 'unknown'.
2026-10-07T21:17:24.3238269Z ##[error]src/lib/social/monitoring-run-job.ts(1114,24): error TS18046: 'item' is of type 'unknown'.
2026-10-07T21:17:24.3239151Z ##[error]src/lib/social/monitoring-run-job.ts(1117,32): error TS18046: 'item' is of type 'unknown'.
2026-10-07T21:17:24.3239956Z ##[error]src/lib/social/monitoring-run-job.ts(1117,57): error TS18046: 'item' is of type 'unknown'.
2026-10-07T21:17:24.3246109Z ##[error]src/lib/social/monitoring-run-job.ts(1123,29): error TS18046: 'item' is of type 'unknown'.
2026-10-07T21:17:24.3249755Z ##[error]src/lib/social/monitoring-run-job.ts(1129,48): error TS18046: 'item' is of type 'unknown'.
2026-10-07T21:17:24.3255534Z ##[error]src/lib/social/monitoring-run-job.ts(1134,21): error TS18046: 'item' is of type 'unknown'.
2026-10-07T21:17:24.3261315Z ##[error]src/lib/social/monitoring-run-job.ts(1135,13): error TS18046: 'item' is of type 'unknown'.
2026-10-07T21:17:24.3267187Z ##[error]src/lib/social/monitoring-run-job.ts(1147,23): error TS18046: 'item' is of type 'unknown'.
2026-10-07T21:17:24.3270888Z ##[error]src/lib/social/monitoring-run-job.ts(1148,11): error TS18046: 'item' is of type 'unknown'.
2026-10-07T21:17:24.3276262Z ##[error]src/lib/social/monitoring-run-job.ts(1192,11): error TS18046: 'item' is of type 'unknown'.
2026-10-07T21:17:24.3282395Z ##[error]src/lib/social/monitoring-run-job.ts(1213,11): error TS18046: 'item' is of type 'unknown'.
2026-10-07T21:17:24.3288222Z ##[error]src/lib/social/monitoring-run-job.ts(1239,23): error TS18046: 'input.item' is of type 'unknown'.
2026-10-07T21:17:24.3291844Z ##[error]src/lib/social/monitoring-run-job.ts(1240,11): error TS18046: 'input.item' is of type 'unknown'.
2026-10-07T21:17:24.3297138Z ##[error]src/lib/social/monitoring-run-job.ts(1260,10): error TS18046: 'item' is of type 'unknown'.
2026-10-07T21:17:24.3302681Z ##[error]src/lib/social/monitoring-run-job.ts(1260,29): error TS18046: 'item' is of type 'unknown'.
2026-10-07T21:17:24.3306071Z ##[error]src/lib/social/monitoring-run-job.ts(1266,18): error TS18046: 'item' is of type 'unknown'.
2026-10-07T21:17:24.3314429Z ##[error]src/lib/social/monitoring-run-job.ts(1268,21): error TS18046: 'item' is of type 'unknown'.
2026-10-07T21:17:24.3320107Z ##[error]src/lib/social/monitoring-run-job.ts(1269,19): error TS18046: 'item' is of type 'unknown'.
2026-10-07T21:17:24.3325133Z ##[error]src/lib/social/monitoring-run-job.ts(1270,24): error TS18046: 'item' is of type 'unknown'.
2026-10-07T21:17:24.3328309Z ##[error]src/lib/social/monitoring-run-job.ts(1271,26): error TS18046: 'item' is of type 'unknown'.
2026-10-07T21:17:24.3334282Z ##[error]src/lib/social/monitoring-run-job.ts(1272,30): error TS18046: 'item' is of type 'unknown'.
2026-10-07T21:17:24.3338037Z ##[error]src/lib/social/monitoring-run-job.ts(1273,28): error TS18046: 'item' is of type 'unknown'.
2026-10-07T21:17:24.3345565Z ##[error]src/lib/social/monitoring-run-job.ts(1274,20): error TS18046: 'item' is of type 'unknown'.
2026-10-07T21:17:24.3349246Z ##[error]src/lib/social/monitoring-run-job.ts(1292,15): error TS18046: 'item' is of type 'unknown'.
2026-10-07T21:17:24.3356447Z ##[error]src/lib/social/monitoring-run-job.ts(1294,24): error TS18046: 'item' is of type 'unknown'.
2026-10-07T21:17:24.3359730Z ##[error]src/lib/social/monitoring-run-job.ts(1294,56): error TS18046: 'item' is of type 'unknown'.
2026-10-07T21:17:24.3365117Z ##[error]src/lib/social/monitoring-run-job.ts(1295,23): error TS18046: 'item' is of type 'unknown'.
2026-10-07T21:17:24.3370465Z ##[error]src/lib/social/monitoring-run-job.ts(1296,21): error TS18046: 'item' is of type 'unknown'.
2026-10-07T21:17:24.3375792Z ##[error]src/lib/social/monitoring-run-job.ts(1297,21): error TS18046: 'item' is of type 'unknown'.
2026-10-07T21:17:24.3378482Z ##[error]src/lib/social/monitoring-run-job.ts(1367,17): error TS18046: 'item' is of type 'unknown'.
2026-10-07T21:17:24.3379447Z ##[error]src/lib/social/monitoring-run-job.ts(1378,17): error TS18046: 'item' is of type 'unknown'.
2026-10-07T21:17:24.3384243Z ##[error]src/lib/social/monitoring-run-job.ts(1387,48): error TS2698: Spread types may only be created from object types.
2026-10-07T21:17:24.3390194Z ##[error]src/lib/social/monitoring-run-job.ts(1400,15): error TS18046: 'item' is of type 'unknown'.
2026-10-07T21:17:24.3396981Z ##[error]src/lib/social/monitoring-run-job.ts(1409,9): error TS18046: 'item' is of type 'unknown'.
2026-10-07T21:17:24.3400166Z ##[error]src/lib/social/monitoring-run-job.ts(1423,15): error TS18046: 'item' is of type 'unknown'.
2026-10-07T21:17:24.3402992Z ##[error]src/lib/social/monitoring-run-job.ts(1483,36): error TS7006: Parameter 'item' implicitly has an 'any' type.
2026-10-07T21:17:24.3406919Z ##[error]src/lib/social/monitoring-run-job.ts(1485,32): error TS7006: Parameter 'item' implicitly has an 'any' type.
2026-10-07T21:17:24.3414328Z ##[error]src/lib/social/monitoring-run-job.ts(1486,34): error TS7006: Parameter 'item' implicitly has an 'any' type.
2026-10-07T21:17:24.3418209Z ##[error]src/lib/social/monitoring-run-job.ts(1491,29): error TS7006: Parameter 'item' implicitly has an 'any' type.
2026-10-07T21:17:24.3423849Z ##[error]src/lib/social/monitoring-scenarios.ts(1282,28): error TS2347: Untyped function calls may not accept type arguments.
2026-10-07T21:17:24.3429463Z ##[error]src/lib/social/monitoring-source-run.ts(83,35): error TS7006: Parameter 'link' implicitly has an 'any' type.
2026-10-07T21:17:24.3497577Z ##[error]src/lib/social/social-monitoring-pdf.ts(781,56): error TS2345: Argument of type '"Bu dövrdə uyğun şərh tapılmadı." | "За этот период релевантные комментарии не найдены." | "No relevant comments were found for this period."' is not assignable to parameter of type '"Bu bölmə üçün məlumat yoxdur." | "Для этого раздела нет данных." | "No data is available for this section." | undefined'.
2026-10-07T21:17:24.3498837Z   Type '"Bu dövrdə uyğun şərh tapılmadı."' is not assignable to type '"Bu bölmə üçün məlumat yoxdur." | "Для этого раздела нет данных." | "No data is available for this section." | undefined'.
2026-10-07T21:17:24.3499526Z ##[error]src/lib/social/source-route-plan.ts(726,44): error TS7006: Parameter 'proof' implicitly has an 'any' type.
2026-10-07T21:17:24.3500483Z ##[error]src/lib/social/spike-alerts.ts(94,34): error TS7006: Parameter 'error' implicitly has an 'any' type.
2026-10-07T21:17:24.3501531Z ##[error]src/lib/social/tiktok-publication-revisit-repo.ts(91,52): error TS2347: Untyped function calls may not accept type arguments.
2026-10-07T21:17:24.3502605Z ##[error]src/lib/social/twitter-poller.ts(155,7): error TS2322: Type 'string | null' is not assignable to type 'string | undefined'.
2026-10-07T21:17:24.3503167Z   Type 'null' is not assignable to type 'string | undefined'.
2026-10-07T21:17:24.3504032Z ##[error]src/lib/social/visual-monitoring-report.ts(941,49): error TS7006: Parameter 'subject' implicitly has an 'any' type.
2026-10-07T21:17:24.3505109Z ##[error]src/lib/social/visual-monitoring-report.ts(1037,5): error TS2347: Untyped function calls may not accept type arguments.
2026-10-07T21:17:24.3506128Z ##[error]src/lib/social/visual-monitoring-report.ts(1083,54): error TS7006: Parameter 'row' implicitly has an 'any' type.
2026-10-07T21:17:24.3507040Z ##[error]src/lib/social/visual-monitoring-report.ts(1125,69): error TS7006: Parameter 'row' implicitly has an 'any' type.
2026-10-07T21:17:24.3507941Z ##[error]src/lib/social/visual-monitoring-report.ts(1127,10): error TS7006: Parameter 'id' implicitly has an 'any' type.
2026-10-07T21:17:24.3508841Z ##[error]src/lib/social/visual-monitoring-report.ts(1128,14): error TS7006: Parameter 'row' implicitly has an 'any' type.
2026-10-07T21:17:24.3509846Z ##[error]src/lib/social/visual-monitoring-report.ts(1253,46): error TS7006: Parameter 'detail' implicitly has an 'any' type.
2026-10-07T21:17:24.3510766Z ##[error]src/lib/social/visual-monitoring-report.ts(1254,46): error TS7006: Parameter 'parent' implicitly has an 'any' type.
2026-10-07T21:17:24.3512222Z ##[error]src/lib/social/visual-monitoring-report.ts(1269,42): error TS2339: Property 'sourceMetadata' does not exist on type '{}'.
2026-10-07T21:17:24.3513185Z ##[error]src/lib/social/visual-monitoring-report.ts(1271,31): error TS2339: Property 'evidences' does not exist on type '{}'.
2026-10-07T21:17:24.3514261Z ##[error]src/lib/social/visual-monitoring-report.ts(1273,12): error TS7006: Parameter 'evidence' implicitly has an 'any' type.
2026-10-07T21:17:24.3515193Z ##[error]src/lib/social/visual-monitoring-report.ts(1274,16): error TS7006: Parameter 'value' implicitly has an 'any' type.
2026-10-07T21:17:24.3516142Z ##[error]src/lib/social/visual-monitoring-report.ts(1275,49): error TS7006: Parameter 'candidate' implicitly has an 'any' type.
2026-10-07T21:17:24.3517072Z ##[error]src/lib/social/visual-monitoring-report.ts(1283,24): error TS7006: Parameter 'evidence' implicitly has an 'any' type.
2026-10-07T21:17:24.3518047Z ##[error]src/lib/social/visual-monitoring-report.ts(1284,19): error TS2339: Property 'ingestEnvelopes' does not exist on type '{}'.
2026-10-07T21:17:24.3518966Z ##[error]src/lib/social/visual-monitoring-report.ts(1284,46): error TS7006: Parameter 'envelope' implicitly has an 'any' type.
2026-10-07T21:17:24.3519877Z ##[error]src/lib/social/visual-monitoring-report.ts(1285,15): error TS2339: Property 'account' does not exist on type '{}'.
2026-10-07T21:17:24.3520793Z ##[error]src/lib/social/visual-monitoring-report.ts(1286,26): error TS2339: Property 'account' does not exist on type '{}'.
2026-10-07T21:17:24.3521823Z ##[error]src/lib/social/visual-monitoring-report.ts(1288,24): error TS2339: Property 'account' does not exist on type '{}'.
2026-10-07T21:17:24.3522743Z ##[error]src/lib/social/visual-monitoring-report.ts(1290,29): error TS2339: Property 'account' does not exist on type '{}'.
2026-10-07T21:17:24.3523957Z ##[error]src/lib/social/visual-monitoring-report.ts(1330,14): error TS7006: Parameter 'match' implicitly has an 'any' type.
2026-10-07T21:17:24.3524972Z ##[error]src/lib/social/visual-monitoring-report.ts(1331,17): error TS7006: Parameter 'subjectId' implicitly has an 'any' type.
2026-10-07T21:17:24.3526013Z ##[error]src/lib/social/visual-monitoring-report.ts(1343,5): error TS2322: Type '{}[]' is not assignable to type '{ id: string; name: string; }[]'.
2026-10-07T21:17:24.3526684Z   Type '{}' is missing the following properties from type '{ id: string; name: string; }': id, name
2026-10-07T21:17:24.3527306Z ##[error]src/lib/social/youtube-comments-adapter.ts(139,60): error TS7006: Parameter 'subject' implicitly has an 'any' type.
2026-10-07T21:17:24.3528642Z ##[error]src/lib/social/youtube-comments-adapter.ts(154,22): error TS2322: Type 'unknown[]' is not assignable to type 'string[] | FieldRef<"SocialMentionSubjectMatch", "String[]"> | undefined'.
2026-10-07T21:17:24.3529179Z   Type 'unknown[]' is not assignable to type 'string[]'.
2026-10-07T21:17:24.3529360Z     Type 'unknown' is not assignable to type 'string'.
2026-10-07T21:17:24.3529919Z ##[error]src/lib/tenant-provisioning-v2.ts(194,45): error TS7006: Parameter 'tx' implicitly has an 'any' type.
2026-10-07T21:17:24.3530864Z ##[error]src/lib/tenant-provisioning-v2.ts(651,55): error TS7006: Parameter 'step' implicitly has an 'any' type.
2026-10-07T21:17:24.3531856Z ##[error]src/lib/tenant-provisioning.ts(636,14): error TS7006: Parameter 'tx' implicitly has an 'any' type.
2026-10-07T21:17:24.3534980Z ##[error]src/lib/user-access-summary.ts(40,14): error TS2741: Property 'settings' is missing in type '{ crm: string[]; sales: string[]; contracts: string[]; marketing: string[]; loyalty: string[]; omnichannel: string[]; social: string[]; voip: string[]; support: string[]; finance: string[]; analytics: string[]; mtm: string[]; ... 5 more ...; "workforce-hrm": string[]; }' but required in type 'Record<UserHideableId, readonly string[]>'.
2026-10-07T21:17:24.3546700Z ##[error]src/lib/voice-agent/place-callback.ts(190,11): error TS2322: Type '{ organizationId: string; activeOrganizationKey: string; leadId: string; requestedByUserId: any; assignedToSnapshot: string | null; activeLeadKey: string; activePhoneKey: string; targetPhoneE164: string; ... 7 more ...; leaseUntil: Date; }' is not assignable to type '(Without<VoiceCallSessionCreateInput, VoiceCallSessionUncheckedCreateInput> & VoiceCallSessionUncheckedCreateInput) | (Without<...> & VoiceCallSessionCreateInput)'.
2026-10-07T21:17:24.3548554Z   Type '{ organizationId: string; activeOrganizationKey: string; leadId: string; requestedByUserId: any; assignedToSnapshot: string | null; activeLeadKey: string; activePhoneKey: string; targetPhoneE164: string; ... 7 more ...; leaseUntil: Date; }' is not assignable to type 'Without<VoiceCallSessionCreateInput, VoiceCallSessionUncheckedCreateInput> & VoiceCallSessionUncheckedCreateInput'.
2026-10-07T21:17:24.3549744Z     Property 'idempotencyKey' is missing in type '{ organizationId: string; activeOrganizationKey: string; leadId: string; requestedByUserId: any; assignedToSnapshot: string | null; activeLeadKey: string; activePhoneKey: string; targetPhoneE164: string; ... 7 more ...; leaseUntil: Date; }' but required in type 'VoiceCallSessionUncheckedCreateInput'.
2026-10-07T21:17:24.3550575Z ##[error]src/lib/voice-agent/place-callback.ts(244,44): error TS2345: Argument of type 'unknown' is not assignable to parameter of type 'VoipSettings'.
2026-10-07T21:17:24.3556218Z ##[error]src/lib/workforce/approved-timesheet-report.ts(86,3): error TS4104: The type 'readonly WorkforceTimesheetApprovalRow[]' is 'readonly' and cannot be assigned to the mutable type 'WorkforceTimesheetApprovalRow[]'.
2026-10-07T21:17:24.3557417Z ##[error]src/lib/workforce/calendar-configuration.ts(394,41): error TS7006: Parameter 'tx' implicitly has an 'any' type.
2026-10-07T21:17:24.3560695Z ##[error]src/lib/workforce/calendar-configuration.ts(420,37): error TS2347: Untyped function calls may not accept type arguments.
2026-10-07T21:17:24.3567480Z ##[error]src/lib/workforce/calendar-configuration.ts(493,41): error TS7006: Parameter 'candidate' implicitly has an 'any' type.
2026-10-07T21:17:24.3577336Z ##[error]src/lib/workforce/calendar-configuration.ts(497,30): error TS7006: Parameter 'candidate' implicitly has an 'any' type.
2026-10-07T21:17:24.3583303Z ##[error]src/lib/workforce/calendar-configuration.ts(499,32): error TS7006: Parameter 'candidate' implicitly has an 'any' type.
2026-10-07T21:17:24.3587599Z ##[error]src/lib/workforce/calendar-configuration.ts(636,41): error TS7006: Parameter 'tx' implicitly has an 'any' type.
2026-10-07T21:17:24.3593770Z ##[error]src/lib/workforce/calendar-configuration.ts(645,36): error TS2347: Untyped function calls may not accept type arguments.
2026-10-07T21:17:24.3599913Z ##[error]src/lib/workforce/calendar-configuration.ts(679,60): error TS7006: Parameter 'candidate' implicitly has an 'any' type.
2026-10-07T21:17:24.3603541Z ##[error]src/lib/workforce/calendar-configuration.ts(719,30): error TS7006: Parameter 'candidate' implicitly has an 'any' type.
2026-10-07T21:17:24.3611614Z ##[error]src/lib/workforce/direct-time-correction.ts(163,15): error TS2352: Conversion of type 'TransactionClient' to type 'WorkforceAccessGrantReaderDb' may be a mistake because neither type sufficiently overlaps with the other. If this was intentional, convert the expression to 'unknown' first.
2026-10-07T21:17:24.3614611Z   The types of 'workforceAccessGrant.findMany' are incompatible between these types.
2026-10-07T21:17:24.3618580Z     Type '<T extends WorkforceAccessGrantFindManyArgs>(args?: SelectSubset<T, WorkforceAccessGrantFindManyArgs<DefaultArgs>> | undefined) => PrismaPromise<...>' is not comparable to type '(args: { where: { organizationId: string; principalUserId: string; effectiveFrom: { lte: Date; }; OR: readonly [{ effectiveUntil: null; }, { effectiveUntil: { gt: Date; }; }]; }; orderBy: readonly [{ effectiveFrom: "desc"; }, { ...; }]; take: number; select: Record<...>; }) => Promise<...>'.
2026-10-07T21:17:24.3619001Z       Types of parameters 'args' and 'args' are incompatible.
2026-10-07T21:17:24.3622507Z         Type '{ where: { organizationId: string; principalUserId: string; effectiveFrom: { lte: Date; }; OR: readonly [{ effectiveUntil: null; }, { effectiveUntil: { gt: Date; }; }]; }; orderBy: readonly [{ effectiveFrom: "desc"; }, { ...; }]; take: number; select: Record<...>; }' is not comparable to type 'SelectSubset<any, WorkforceAccessGrantFindManyArgs<DefaultArgs>> | undefined'.
2026-10-07T21:17:24.3623768Z           Type '{ where: { organizationId: string; principalUserId: string; effectiveFrom: { lte: Date; }; OR: readonly [{ effectiveUntil: null; }, { effectiveUntil: { gt: Date; }; }]; }; orderBy: readonly [{ effectiveFrom: "desc"; }, { ...; }]; take: number; select: Record<...>; }' is not comparable to type '{ [x: string]: never; } & "Please either choose `select` or `omit`."'.
2026-10-07T21:17:24.3627204Z             Type '{ where: { organizationId: string; principalUserId: string; effectiveFrom: { lte: Date; }; OR: readonly [{ effectiveUntil: null; }, { effectiveUntil: { gt: Date; }; }]; }; orderBy: readonly [{ effectiveFrom: "desc"; }, { ...; }]; take: number; select: Record<...>; }' is not comparable to type '{ [x: string]: never; }'.
2026-10-07T21:17:24.3627477Z               Property 'where' is incompatible with index signature.
2026-10-07T21:17:24.3628122Z                 Type '{ organizationId: string; principalUserId: string; effectiveFrom: { lte: Date; }; OR: readonly [{ effectiveUntil: null; }, { effectiveUntil: { gt: Date; }; }]; }' is not comparable to type 'never'.
2026-10-07T21:17:24.3635829Z ##[error]src/lib/workforce/exception-response-cycle-audit.ts(68,15): error TS2737: BigInt literals are not available when targeting lower than ES2020.
2026-10-07T21:17:24.3639118Z ##[error]src/lib/workforce/mobile-write-fence.ts(218,37): error TS7006: Parameter 'tx' implicitly has an 'any' type.
2026-10-07T21:17:24.3644583Z ##[error]src/lib/workforce/mobile-write-fence.ts(292,37): error TS7006: Parameter 'tx' implicitly has an 'any' type.
2026-10-07T21:17:24.3650547Z ##[error]src/lib/workforce/mobile-write-fence.ts(372,37): error TS7006: Parameter 'tx' implicitly has an 'any' type.
2026-10-07T21:17:24.3655353Z ##[error]src/lib/workforce/raw-location-retention.ts(214,9): error TS2783: 'organizationId' is specified more than once, so this usage will be overwritten.
2026-10-07T21:17:24.3663958Z ##[error]src/lib/workforce/site-management.ts(378,41): error TS7006: Parameter 'tx' implicitly has an 'any' type.
2026-10-07T21:17:24.3668471Z ##[error]src/lib/workforce/site-management.ts(437,33): error TS7006: Parameter 'tx' implicitly has an 'any' type.
2026-10-07T21:17:24.3676922Z ##[error]src/lib/workforce/site-management.ts(515,41): error TS7006: Parameter 'tx' implicitly has an 'any' type.
2026-10-07T21:17:24.3684550Z ##[error]src/lib/workforce/site-management.ts(659,46): error TS7006: Parameter 'agent' implicitly has an 'any' type.
2026-10-07T21:17:24.3693764Z ##[error]src/lib/workforce/site-management.ts(755,41): error TS7006: Parameter 'tx' implicitly has an 'any' type.
2026-10-07T21:17:24.3698190Z ##[error]src/lib/workforce/site-management.ts(932,41): error TS7006: Parameter 'tx' implicitly has an 'any' type.
2026-10-07T21:17:24.3707707Z ##[error]src/lib/workforce/timesheet-approval-service.ts(512,15): error TS2352: Conversion of type 'TransactionClient' to type 'WorkforceAccessGrantReaderDb' may be a mistake because neither type sufficiently overlaps with the other. If this was intentional, convert the expression to 'unknown' first.
2026-10-07T21:17:24.3712211Z   The types of 'workforceAccessGrant.findMany' are incompatible between these types.
2026-10-07T21:17:24.3716361Z     Type '<T extends WorkforceAccessGrantFindManyArgs>(args?: SelectSubset<T, WorkforceAccessGrantFindManyArgs<DefaultArgs>> | undefined) => PrismaPromise<...>' is not comparable to type '(args: { where: { organizationId: string; principalUserId: string; effectiveFrom: { lte: Date; }; OR: readonly [{ effectiveUntil: null; }, { effectiveUntil: { gt: Date; }; }]; }; orderBy: readonly [{ effectiveFrom: "desc"; }, { ...; }]; take: number; select: Record<...>; }) => Promise<...>'.
2026-10-07T21:17:24.3716775Z       Types of parameters 'args' and 'args' are incompatible.
2026-10-07T21:17:24.3720082Z         Type '{ where: { organizationId: string; principalUserId: string; effectiveFrom: { lte: Date; }; OR: readonly [{ effectiveUntil: null; }, { effectiveUntil: { gt: Date; }; }]; }; orderBy: readonly [{ effectiveFrom: "desc"; }, { ...; }]; take: number; select: Record<...>; }' is not comparable to type 'SelectSubset<any, WorkforceAccessGrantFindManyArgs<DefaultArgs>> | undefined'.
2026-10-07T21:17:24.3721179Z           Type '{ where: { organizationId: string; principalUserId: string; effectiveFrom: { lte: Date; }; OR: readonly [{ effectiveUntil: null; }, { effectiveUntil: { gt: Date; }; }]; }; orderBy: readonly [{ effectiveFrom: "desc"; }, { ...; }]; take: number; select: Record<...>; }' is not comparable to type '{ [x: string]: never; } & "Please either choose `select` or `omit`."'.
2026-10-07T21:17:24.3724897Z             Type '{ where: { organizationId: string; principalUserId: string; effectiveFrom: { lte: Date; }; OR: readonly [{ effectiveUntil: null; }, { effectiveUntil: { gt: Date; }; }]; }; orderBy: readonly [{ effectiveFrom: "desc"; }, { ...; }]; take: number; select: Record<...>; }' is not comparable to type '{ [x: string]: never; }'.
2026-10-07T21:17:24.3725176Z               Property 'where' is incompatible with index signature.
2026-10-07T21:17:24.3728831Z                 Type '{ organizationId: string; principalUserId: string; effectiveFrom: { lte: Date; }; OR: readonly [{ effectiveUntil: null; }, { effectiveUntil: { gt: Date; }; }]; }' is not comparable to type 'never'.
2026-10-07T21:17:24.3733065Z ##[error]src/lib/workforce/workday-reopen.ts(198,9): error TS2352: Conversion of type 'WorkforceWorkdayManagerAuthorityDb' to type 'WorkforceAccessGrantReaderDb' may be a mistake because neither type sufficiently overlaps with the other. If this was intentional, convert the expression to 'unknown' first.
2026-10-07T21:17:24.3736180Z   The types of 'workforceAccessGrant.findMany' are incompatible between these types.
2026-10-07T21:17:24.3737695Z     Type '<T extends WorkforceAccessGrantFindManyArgs>(args?: SelectSubset<T, WorkforceAccessGrantFindManyArgs<DefaultArgs>> | undefined) => PrismaPromise<...>' is not comparable to type '(args: { where: { organizationId: string; principalUserId: string; effectiveFrom: { lte: Date; }; OR: readonly [{ effectiveUntil: null; }, { effectiveUntil: { gt: Date; }; }]; }; orderBy: readonly [{ effectiveFrom: "desc"; }, { ...; }]; take: number; select: Record<...>; }) => Promise<...>'.
2026-10-07T21:17:24.3739978Z       Types of parameters 'args' and 'args' are incompatible.
2026-10-07T21:17:24.3741188Z         Type '{ where: { organizationId: string; principalUserId: string; effectiveFrom: { lte: Date; }; OR: readonly [{ effectiveUntil: null; }, { effectiveUntil: { gt: Date; }; }]; }; orderBy: readonly [{ effectiveFrom: "desc"; }, { ...; }]; take: number; select: Record<...>; }' is not comparable to type 'SelectSubset<any, WorkforceAccessGrantFindManyArgs<DefaultArgs>> | undefined'.
2026-10-07T21:17:24.3746535Z           Type '{ where: { organizationId: string; principalUserId: string; effectiveFrom: { lte: Date; }; OR: readonly [{ effectiveUntil: null; }, { effectiveUntil: { gt: Date; }; }]; }; orderBy: readonly [{ effectiveFrom: "desc"; }, { ...; }]; take: number; select: Record<...>; }' is not comparable to type '{ [x: string]: never; } & "Please either choose `select` or `omit`."'.
2026-10-07T21:17:24.3747564Z             Type '{ where: { organizationId: string; principalUserId: string; effectiveFrom: { lte: Date; }; OR: readonly [{ effectiveUntil: null; }, { effectiveUntil: { gt: Date; }; }]; }; orderBy: readonly [{ effectiveFrom: "desc"; }, { ...; }]; take: number; select: Record<...>; }' is not comparable to type '{ [x: string]: never; }'.
2026-10-07T21:17:24.3750335Z               Property 'where' is incompatible with index signature.
2026-10-07T21:17:24.3751013Z                 Type '{ organizationId: string; principalUserId: string; effectiveFrom: { lte: Date; }; OR: readonly [{ effectiveUntil: null; }, { effectiveUntil: { gt: Date; }; }]; }' is not comparable to type 'never'.
2026-10-07T21:17:24.8965413Z ##[group]Run bash scripts/ci/check-typecheck-gate.sh tsc-output.log tsc-exit-code
2026-10-07T21:17:24.8969831Z [36;1mbash scripts/ci/check-typecheck-gate.sh tsc-output.log tsc-exit-code[0m
2026-10-07T21:17:24.8974336Z [36;1mnode scripts/ci/check-typecheck-baseline.mjs tsc-output.log[0m
2026-10-07T21:17:25.0179647Z shell: /usr/bin/bash -e {0}
2026-10-07T21:17:25.0184605Z ##[endgroup]
2026-10-07T21:17:25.0431250Z Typecheck completed (exit 2). No syntax, missing-module or undefined-name errors.
2026-10-07T21:17:25.1627753Z check-typecheck-baseline: 64 gated pair(s) now, 64 in baseline (1153 errors total).
2026-10-07T21:17:25.1637920Z ✅ No new defect-shaped type errors, and the baseline still matches. Gate passed.
2026-10-07T21:17:25.1871978Z ##[group]Run actions/upload-artifact@v4
2026-10-07T21:17:25.1872317Z with:
2026-10-07T21:17:25.1872686Z   name: workforce-outcomes-compiler-5638f1ea63c2818aef8be1b0c497eff718303388-1
2026-10-07T21:17:25.1873121Z   path: tsc-output.log
tsc-exit-code

2026-10-07T21:17:25.1873622Z   if-no-files-found: error
2026-10-07T21:17:25.1873908Z   retention-days: 14
2026-10-07T21:17:25.1874140Z   compression-level: 6
2026-10-07T21:17:25.1874365Z   overwrite: false
2026-10-07T21:17:25.1874595Z   include-hidden-files: false
2026-10-07T21:17:25.1874850Z ##[endgroup]
2026-10-07T21:17:25.5389199Z (node:2866) [DEP0040] DeprecationWarning: The `punycode` module is deprecated. Please use a userland alternative instead.
2026-10-07T21:17:25.5390035Z (Use `node --trace-deprecation ...` to show where the warning was created)
2026-10-07T21:17:25.5442988Z Multiple search paths detected. Calculating the least common ancestor of all paths
2026-10-07T21:17:25.5445577Z The least common ancestor is /home/runner/work/leaddrive-v2/leaddrive-v2. This will be the root directory of the artifact
2026-10-07T21:17:25.5446963Z With the provided path, there will be 2 files uploaded
2026-10-07T21:17:25.5466568Z Artifact name is valid!
2026-10-07T21:17:25.5467186Z Root directory input is valid!
2026-10-07T21:17:25.8735430Z Beginning upload of artifact content to blob storage
2026-10-07T21:17:25.9027279Z (node:2866) [DEP0169] DeprecationWarning: `url.parse()` behavior is not standardized and prone to errors that have security implications. Use the WHATWG URL API instead. CVEs are not issued for `url.parse()` vulnerabilities.
2026-10-07T21:17:26.1106978Z Uploaded bytes 19685
2026-10-07T21:17:26.2201496Z Finished uploading artifact content to blob storage!
2026-10-07T21:17:26.2206624Z SHA256 digest of uploaded artifact zip is b5ab4bffd6bfee28ff159dc9cbb335cfba93730227606f9af89e117238723643
2026-10-07T21:17:26.2210900Z Finalizing artifact upload
2026-10-07T21:17:26.4797041Z Artifact workforce-outcomes-compiler-5638f1ea63c2818aef8be1b0c497eff718303388-1.zip successfully finalized. Artifact ID 11512132811
2026-10-07T21:17:26.4798439Z Artifact workforce-outcomes-compiler-5638f1ea63c2818aef8be1b0c497eff718303388-1 has been successfully uploaded! Final size is 19685 bytes. Artifact ID is 11512132811
2026-10-07T21:17:26.4802242Z Artifact download URL: https://github.com/rashadoni/leaddrive-v2/actions/runs/37685323552/artifacts/11512132811
2026-10-07T21:17:26.5004405Z ##[group]Run bash scripts/ci/prepare-hosted-build-runner.sh cleanup
2026-10-07T21:17:26.5007240Z [36;1mbash scripts/ci/prepare-hosted-build-runner.sh cleanup[0m
2026-10-07T21:17:26.5052341Z shell: /usr/bin/bash -e {0}
2026-10-07T21:17:26.5059689Z ##[endgroup]
2026-10-07T21:17:26.5749071Z GitHub-hosted production-build swap cleaned: /home/runner/work/_temp/leaddrive-production-build.swap
2026-10-07T21:17:26.5856662Z Post job cleanup.
2026-10-07T21:17:26.7192827Z Cache hit occurred on the primary key node-cache-Linux-x64-npm-88234482b20d7f7ee4d4f3291a8380559029a8e8cdd4d9981970afb493db5986, not saving cache.
2026-10-07T21:17:26.7370368Z Post job cleanup.
2026-10-07T21:17:26.8236541Z [command]/usr/bin/git version
2026-10-07T21:17:26.8362946Z git version 2.55.0
2026-10-07T21:17:26.8422410Z Temporarily overriding HOME='/home/runner/work/_temp/1702d4a3-da55-4ac5-aae2-a1b65912c550' before making global git config changes
2026-10-07T21:17:26.8424227Z Adding repository directory to the temporary git global config as a safe directory
2026-10-07T21:17:26.8430610Z [command]/usr/bin/git config --global --add safe.directory /home/runner/work/leaddrive-v2/leaddrive-v2
2026-10-07T21:17:26.8492512Z Removing SSH command configuration
2026-10-07T21:17:26.8500315Z [command]/usr/bin/git config --local --name-only --get-regexp core\.sshCommand
2026-10-07T21:17:26.8534358Z [command]/usr/bin/git submodule foreach --recursive sh -c "git config --local --name-only --get-regexp 'core\.sshCommand' && git config --local --unset-all 'core.sshCommand' || :"
2026-10-07T21:17:26.8942630Z Removing HTTP extra header
2026-10-07T21:17:26.8949022Z [command]/usr/bin/git config --local --name-only --get-regexp http\.https\:\/\/github\.com\/\.extraheader
2026-10-07T21:17:26.8991912Z [command]/usr/bin/git submodule foreach --recursive sh -c "git config --local --name-only --get-regexp 'http\.https\:\/\/github\.com\/\.extraheader' && git config --local --unset-all 'http.https://github.com/.extraheader' || :"
2026-10-07T21:17:26.9207800Z Removing includeIf entries pointing to credentials config files
2026-10-07T21:17:26.9213869Z [command]/usr/bin/git config --local --name-only --get-regexp ^includeIf\.gitdir:
2026-10-07T21:17:26.9240782Z includeif.gitdir:/home/runner/work/leaddrive-v2/leaddrive-v2/.git.path
2026-10-07T21:17:26.9241582Z includeif.gitdir:/home/runner/work/leaddrive-v2/leaddrive-v2/.git/worktrees/*.path
2026-10-07T21:17:26.9242278Z includeif.gitdir:/github/workspace/.git.path
2026-10-07T21:17:26.9243225Z includeif.gitdir:/github/workspace/.git/worktrees/*.path
2026-10-07T21:17:26.9250214Z [command]/usr/bin/git config --local --get-all includeif.gitdir:/home/runner/work/leaddrive-v2/leaddrive-v2/.git.path
2026-10-07T21:17:26.9270328Z /home/runner/work/_temp/git-credentials-3ca32def-163d-4fc4-82ad-dda0737aa7be.config
2026-10-07T21:17:26.9280723Z [command]/usr/bin/git config --local --unset includeif.gitdir:/home/runner/work/leaddrive-v2/leaddrive-v2/.git.path /home/runner/work/_temp/git-credentials-3ca32def-163d-4fc4-82ad-dda0737aa7be.config
2026-10-07T21:17:26.9321822Z [command]/usr/bin/git config --local --get-all includeif.gitdir:/home/runner/work/leaddrive-v2/leaddrive-v2/.git/worktrees/*.path
2026-10-07T21:17:26.9343054Z /home/runner/work/_temp/git-credentials-3ca32def-163d-4fc4-82ad-dda0737aa7be.config
2026-10-07T21:17:26.9352412Z [command]/usr/bin/git config --local --unset includeif.gitdir:/home/runner/work/leaddrive-v2/leaddrive-v2/.git/worktrees/*.path /home/runner/work/_temp/git-credentials-3ca32def-163d-4fc4-82ad-dda0737aa7be.config
2026-10-07T21:17:26.9388042Z [command]/usr/bin/git config --local --get-all includeif.gitdir:/github/workspace/.git.path
2026-10-07T21:17:26.9407884Z /github/runner_temp/git-credentials-3ca32def-163d-4fc4-82ad-dda0737aa7be.config
2026-10-07T21:17:26.9416306Z [command]/usr/bin/git config --local --unset includeif.gitdir:/github/workspace/.git.path /github/runner_temp/git-credentials-3ca32def-163d-4fc4-82ad-dda0737aa7be.config
2026-10-07T21:17:26.9448639Z [command]/usr/bin/git config --local --get-all includeif.gitdir:/github/workspace/.git/worktrees/*.path
2026-10-07T21:17:26.9468767Z /github/runner_temp/git-credentials-3ca32def-163d-4fc4-82ad-dda0737aa7be.config
2026-10-07T21:17:26.9476273Z [command]/usr/bin/git config --local --unset includeif.gitdir:/github/workspace/.git/worktrees/*.path /github/runner_temp/git-credentials-3ca32def-163d-4fc4-82ad-dda0737aa7be.config
2026-10-07T21:17:26.9511399Z [command]/usr/bin/git submodule foreach --recursive git config --local --show-origin --name-only --get-regexp remote.origin.url
2026-10-07T21:17:26.9708298Z Removing credentials config '/home/runner/work/_temp/git-credentials-3ca32def-163d-4fc4-82ad-dda0737aa7be.config'
2026-10-07T21:17:26.9859928Z Cleaning up orphan processes
2026-10-07T21:17:27.0339345Z ##[warning]Node.js 20 is deprecated. The following actions target Node.js 20 but are being forced to run on Node.js 24: actions/upload-artifact@v4. For more information see: https://github.blog/changelog/2025-09-19-deprecation-of-node-20-on-github-actions-runners/
