2026-10-07T21:57:14.8878874Z Current runner version: '2.337.0'
2026-10-07T21:57:14.8901785Z ##[group]Runner Image Provisioner
2026-10-07T21:57:14.8902490Z Hosted Compute Agent
2026-10-07T21:57:14.8902909Z Version: 20261002.596
2026-10-07T21:57:14.8903348Z Commit: c3d12f3313a95f25162a1503be624f3b0617f8c0
2026-10-07T21:57:14.8903832Z Build Date: 2026-10-02T22:28:27Z
2026-10-07T21:57:14.8904275Z Worker ID: {8022a99a-2058-447d-8d97-0fbb0f101cbd}
2026-10-07T21:57:14.8904772Z Region: westus3
2026-10-07T21:57:14.8905526Z Cloud: Azure
2026-10-07T21:57:14.8905873Z ##[endgroup]
2026-10-07T21:57:14.8906970Z ##[group]Operating System
2026-10-07T21:57:14.8907374Z Ubuntu
2026-10-07T21:57:14.8907765Z 24.04.5
2026-10-07T21:57:14.8908134Z LTS
2026-10-07T21:57:14.8908459Z ##[endgroup]
2026-10-07T21:57:14.8908873Z ##[group]Runner Image
2026-10-07T21:57:14.8909272Z Image: ubuntu-24.04
2026-10-07T21:57:14.8909665Z Version: 20261004.327.1
2026-10-07T21:57:14.8910599Z Included Software: https://github.com/actions/runner-images/blob/ubuntu24/20261004.327/images/ubuntu/Ubuntu2404-Readme.md
2026-10-07T21:57:14.8911591Z Image Release: https://github.com/actions/runner-images/releases/tag/ubuntu24%2F20261004.327
2026-10-07T21:57:14.8912223Z ##[endgroup]
2026-10-07T21:57:14.8913378Z ##[group]GITHUB_TOKEN Permissions
2026-10-07T21:57:14.8914965Z Contents: read
2026-10-07T21:57:14.8915552Z Metadata: read
2026-10-07T21:57:14.8915963Z ##[endgroup]
2026-10-07T21:57:14.8917592Z Secret source: Actions
2026-10-07T21:57:14.8918282Z Cache mode: write
2026-10-07T21:57:14.8918804Z Prepare workflow directory
2026-10-07T21:57:14.9687462Z Prepare all required actions
2026-10-07T21:57:14.9723707Z Getting action download info
2026-10-07T21:57:15.2519420Z Download action repository 'actions/checkout@v6' (SHA:d23441a48e516b6c34aea4fa41551a30e30af803)
2026-10-07T21:57:15.8196193Z Download action repository 'actions/setup-node@v6' (SHA:249970729cb0ef3589644e2896645e5dc5ba9c38)
2026-10-07T21:57:16.3184717Z Download action repository 'actions/upload-artifact@v4' (SHA:ea165f8d65b6e75b540449e92b4886f43607fa02)
2026-10-07T21:57:16.7944802Z Complete job name: Exact WF-C6-010 full compiler gates
2026-10-07T21:57:16.9527758Z ##[group]Run actions/checkout@v6
2026-10-07T21:57:16.9528621Z with:
2026-10-07T21:57:16.9529170Z   repository: rashadoni/leaddrive-v2
2026-10-07T21:57:16.9535991Z   token: ***
2026-10-07T21:57:16.9536541Z   ssh-strict: true
2026-10-07T21:57:16.9537088Z   ssh-user: git
2026-10-07T21:57:16.9537653Z   persist-credentials: true
2026-10-07T21:57:16.9538278Z   clean: true
2026-10-07T21:57:16.9538847Z   sparse-checkout-cone-mode: true
2026-10-07T21:57:16.9539525Z   fetch-depth: 1
2026-10-07T21:57:16.9540054Z   fetch-tags: false
2026-10-07T21:57:16.9540613Z   show-progress: true
2026-10-07T21:57:16.9541193Z   lfs: false
2026-10-07T21:57:16.9541715Z   submodules: false
2026-10-07T21:57:16.9542279Z   set-safe-directory: true
2026-10-07T21:57:16.9542937Z   allow-unsafe-pr-checkout: false
2026-10-07T21:57:16.9543732Z ##[endgroup]
2026-10-07T21:57:17.0380066Z Syncing repository: rashadoni/leaddrive-v2
2026-10-07T21:57:17.0382262Z ##[group]Getting Git version info
2026-10-07T21:57:17.0383235Z Working directory is '/home/runner/work/leaddrive-v2/leaddrive-v2'
2026-10-07T21:57:17.0384679Z [command]/usr/bin/git version
2026-10-07T21:57:17.0444969Z git version 2.55.0
2026-10-07T21:57:17.0464155Z ##[endgroup]
2026-10-07T21:57:17.0479164Z Temporarily overriding HOME='/home/runner/work/_temp/40c75d37-7865-4849-a8be-6ee0d9b447fe' before making global git config changes
2026-10-07T21:57:17.0484975Z Adding repository directory to the temporary git global config as a safe directory
2026-10-07T21:57:17.0486983Z [command]/usr/bin/git config --global --add safe.directory /home/runner/work/leaddrive-v2/leaddrive-v2
2026-10-07T21:57:17.0553853Z Deleting the contents of '/home/runner/work/leaddrive-v2/leaddrive-v2'
2026-10-07T21:57:17.0556407Z ##[group]Determining repository object format
2026-10-07T21:57:17.0558007Z ##[endgroup]
2026-10-07T21:57:17.0559788Z ##[group]Initializing the repository
2026-10-07T21:57:17.0561438Z [command]/usr/bin/git init /home/runner/work/leaddrive-v2/leaddrive-v2
2026-10-07T21:57:17.0672217Z hint: Using 'master' as the name for the initial branch. This default branch name
2026-10-07T21:57:17.0674656Z hint: will change to "main" in Git 3.0. To configure the initial branch name
2026-10-07T21:57:17.0684291Z hint: to use in all of your new repositories, which will suppress this warning,
2026-10-07T21:57:17.0685704Z hint: call:
2026-10-07T21:57:17.0686412Z hint:
2026-10-07T21:57:17.0687268Z hint: 	git config --global init.defaultBranch <name>
2026-10-07T21:57:17.0688103Z hint:
2026-10-07T21:57:17.0688867Z hint: Names commonly chosen instead of 'master' are 'main', 'trunk' and
2026-10-07T21:57:17.0690145Z hint: 'development'. The just-created branch can be renamed via this command:
2026-10-07T21:57:17.0691195Z hint:
2026-10-07T21:57:17.0691792Z hint: 	git branch -m <name>
2026-10-07T21:57:17.0692443Z hint:
2026-10-07T21:57:17.0693354Z hint: Disable this message with "git config set advice.defaultBranchName false"
2026-10-07T21:57:17.0707465Z Initialized empty Git repository in /home/runner/work/leaddrive-v2/leaddrive-v2/.git/
2026-10-07T21:57:17.0714598Z [command]/usr/bin/git remote add origin https://github.com/rashadoni/leaddrive-v2
2026-10-07T21:57:17.0943761Z ##[endgroup]
2026-10-07T21:57:17.0944728Z ##[group]Disabling automatic garbage collection
2026-10-07T21:57:17.0945723Z [command]/usr/bin/git config --local gc.auto 0
2026-10-07T21:57:17.0982274Z ##[endgroup]
2026-10-07T21:57:17.0983549Z ##[group]Setting up auth
2026-10-07T21:57:17.0984519Z Removing SSH command configuration
2026-10-07T21:57:17.0988589Z [command]/usr/bin/git config --local --name-only --get-regexp core\.sshCommand
2026-10-07T21:57:17.1026326Z [command]/usr/bin/git submodule foreach --recursive sh -c "git config --local --name-only --get-regexp 'core\.sshCommand' && git config --local --unset-all 'core.sshCommand' || :"
2026-10-07T21:57:17.1431864Z Removing HTTP extra header
2026-10-07T21:57:17.1437258Z [command]/usr/bin/git config --local --name-only --get-regexp http\.https\:\/\/github\.com\/\.extraheader
2026-10-07T21:57:17.1474010Z [command]/usr/bin/git submodule foreach --recursive sh -c "git config --local --name-only --get-regexp 'http\.https\:\/\/github\.com\/\.extraheader' && git config --local --unset-all 'http.https://github.com/.extraheader' || :"
2026-10-07T21:57:17.1678463Z Removing includeIf entries pointing to credentials config files
2026-10-07T21:57:17.1682966Z [command]/usr/bin/git config --local --name-only --get-regexp ^includeIf\.gitdir:
2026-10-07T21:57:17.1718015Z [command]/usr/bin/git submodule foreach --recursive git config --local --show-origin --name-only --get-regexp remote.origin.url
2026-10-07T21:57:17.1928982Z [command]/usr/bin/git config --file /home/runner/work/_temp/git-credentials-81251c25-c5fb-4b9b-a011-b0062feb337d.config http.https://github.com/.extraheader AUTHORIZATION: basic ***
2026-10-07T21:57:17.1986431Z [command]/usr/bin/git config --local includeIf.gitdir:/home/runner/work/leaddrive-v2/leaddrive-v2/.git.path /home/runner/work/_temp/git-credentials-81251c25-c5fb-4b9b-a011-b0062feb337d.config
2026-10-07T21:57:17.2028584Z [command]/usr/bin/git config --local includeIf.gitdir:/home/runner/work/leaddrive-v2/leaddrive-v2/.git/worktrees/*.path /home/runner/work/_temp/git-credentials-81251c25-c5fb-4b9b-a011-b0062feb337d.config
2026-10-07T21:57:17.2068851Z [command]/usr/bin/git config --local includeIf.gitdir:/github/workspace/.git.path /github/runner_temp/git-credentials-81251c25-c5fb-4b9b-a011-b0062feb337d.config
2026-10-07T21:57:17.2108292Z [command]/usr/bin/git config --local includeIf.gitdir:/github/workspace/.git/worktrees/*.path /github/runner_temp/git-credentials-81251c25-c5fb-4b9b-a011-b0062feb337d.config
2026-10-07T21:57:17.2142477Z ##[endgroup]
2026-10-07T21:57:17.2143907Z ##[group]Fetching the repository
2026-10-07T21:57:17.2151098Z [command]/usr/bin/git -c protocol.version=2 fetch --no-tags --prune --no-recurse-submodules --depth=1 origin +c7deecf8c86672204434c157f7be2f0e85566fc7:refs/remotes/origin/codex/hrm-588-validation-20261005
2026-10-07T21:57:26.1293142Z From https://github.com/rashadoni/leaddrive-v2
2026-10-07T21:57:26.1293784Z  * [new ref]         c7deecf8c86672204434c157f7be2f0e85566fc7 -> origin/codex/hrm-588-validation-20261005
2026-10-07T21:57:26.1301578Z [command]/usr/bin/git branch --list --remote origin/codex/hrm-588-validation-20261005
2026-10-07T21:57:26.1330485Z   origin/codex/hrm-588-validation-20261005
2026-10-07T21:57:26.1338270Z [command]/usr/bin/git rev-parse refs/remotes/origin/codex/hrm-588-validation-20261005
2026-10-07T21:57:26.1364652Z c7deecf8c86672204434c157f7be2f0e85566fc7
2026-10-07T21:57:26.1368222Z ##[endgroup]
2026-10-07T21:57:26.1368594Z ##[group]Determining the checkout info
2026-10-07T21:57:26.1369593Z ##[endgroup]
2026-10-07T21:57:26.1373121Z [command]/usr/bin/git sparse-checkout disable
2026-10-07T21:57:26.1454434Z [command]/usr/bin/git config --local --unset-all extensions.worktreeConfig
2026-10-07T21:57:26.1488969Z ##[group]Checking out the ref
2026-10-07T21:57:26.1492623Z [command]/usr/bin/git checkout --progress --force -B codex/hrm-588-validation-20261005 refs/remotes/origin/codex/hrm-588-validation-20261005
2026-10-07T21:57:27.1757808Z Updating files:  98% (9050/9143)
2026-10-07T21:57:27.7885659Z Updating files:  99% (9052/9143)
2026-10-07T21:57:27.7887491Z Updating files: 100% (9143/9143)
2026-10-07T21:57:27.7887976Z Updating files: 100% (9143/9143), done.
2026-10-07T21:57:27.9297808Z Switched to a new branch 'codex/hrm-588-validation-20261005'
2026-10-07T21:57:27.9313019Z branch 'codex/hrm-588-validation-20261005' set up to track 'origin/codex/hrm-588-validation-20261005'.
2026-10-07T21:57:27.9366865Z ##[endgroup]
2026-10-07T21:57:27.9418622Z [command]/usr/bin/git log -1 --format=%H
2026-10-07T21:57:27.9449911Z c7deecf8c86672204434c157f7be2f0e85566fc7
2026-10-07T21:57:27.9717155Z ##[group]Run [[ "$EXPECTED_HEAD" =~ ^[0-9a-f]{40}$ ]]
2026-10-07T21:57:27.9717505Z [36;1m[[ "$EXPECTED_HEAD" =~ ^[0-9a-f]{40}$ ]][0m
2026-10-07T21:57:27.9717726Z [36;1mtest "$(git rev-parse HEAD)" = "$EXPECTED_HEAD"[0m
2026-10-07T21:57:27.9717961Z [36;1mtest "$GITHUB_SHA" = "$EXPECTED_HEAD"[0m
2026-10-07T21:57:28.0439272Z shell: /usr/bin/bash -e {0}
2026-10-07T21:57:28.0439526Z env:
2026-10-07T21:57:28.0439713Z   EXPECTED_HEAD: c7deecf8c86672204434c157f7be2f0e85566fc7
2026-10-07T21:57:28.0439987Z ##[endgroup]
2026-10-07T21:57:28.0831838Z ##[group]Run actions/setup-node@v6
2026-10-07T21:57:28.0832034Z with:
2026-10-07T21:57:28.0832166Z   node-version: 20
2026-10-07T21:57:28.0832295Z   cache: npm
2026-10-07T21:57:28.0832421Z   check-latest: false
2026-10-07T21:57:28.0833926Z   token: ***
2026-10-07T21:57:28.0834064Z   package-manager-cache: true
2026-10-07T21:57:28.0834220Z ##[endgroup]
2026-10-07T21:57:28.2034750Z Attempting to download 20...
2026-10-07T21:57:29.1865902Z Acquiring 20.20.2 - x64 from https://github.com/actions/node-versions/releases/download/20.20.2-23521894959/node-20.20.2-linux-x64.tar.gz
2026-10-07T21:57:29.5973910Z Extracting ...
2026-10-07T21:57:29.6067212Z [command]/usr/bin/tar xz --strip 1 --warning=no-unknown-keyword --overwrite -C /home/runner/work/_temp/d5a9c3a4-77b2-4256-8d92-371985749627 -f /home/runner/work/_temp/07d1426e-12ad-4a27-972d-3e07adbbd561
2026-10-07T21:57:30.3818764Z Adding to the cache ...
2026-10-07T21:57:32.1376309Z ##[group]Environment details
2026-10-07T21:57:32.3084646Z node: v20.20.2
2026-10-07T21:57:32.3084912Z npm: 10.8.2
2026-10-07T21:57:32.3085205Z yarn: 1.22.22
2026-10-07T21:57:32.3085603Z ##[endgroup]
2026-10-07T21:57:32.3099642Z [command]/opt/hostedtoolcache/node/20.20.2/x64/bin/npm config get cache
2026-10-07T21:57:32.3905880Z /home/runner/.npm
2026-10-07T21:57:32.6084592Z Cache hit for: node-cache-Linux-x64-npm-88234482b20d7f7ee4d4f3291a8380559029a8e8cdd4d9981970afb493db5986
2026-10-07T21:57:33.8621888Z Received 33554432 of 408425166 (8.2%), 32.0 MBs/sec
2026-10-07T21:57:34.8625532Z Received 167772160 of 408425166 (41.1%), 80.0 MBs/sec
2026-10-07T21:57:35.8624633Z Received 297795584 of 408425166 (72.9%), 94.6 MBs/sec
2026-10-07T21:57:36.7734102Z Received 408425166 of 408425166 (100.0%), 99.6 MBs/sec
2026-10-07T21:57:36.7734616Z Cache Size: ~390 MB (408425166 B)
2026-10-07T21:57:36.7824781Z [command]/usr/bin/tar -xf /home/runner/work/_temp/f286e22c-28cc-4551-8a1c-ad17ed98ae95/cache.tzst -P -C /home/runner/work/leaddrive-v2/leaddrive-v2 --use-compress-program unzstd
2026-10-07T21:57:37.5240335Z Cache restored successfully
2026-10-07T21:57:37.5411720Z Cache restored from key: node-cache-Linux-x64-npm-88234482b20d7f7ee4d4f3291a8380559029a8e8cdd4d9981970afb493db5986
2026-10-07T21:57:37.6346567Z ##[group]Run npm ci
2026-10-07T21:57:37.6346837Z [36;1mnpm ci[0m
2026-10-07T21:57:37.6405946Z shell: /usr/bin/bash -e {0}
2026-10-07T21:57:37.6406139Z ##[endgroup]
2026-10-07T21:57:38.2500238Z npm warn EBADENGINE Unsupported engine {
2026-10-07T21:57:38.2500688Z npm warn EBADENGINE   package: '@mapbox/jsonlint-lines-primitives@2.0.3',
2026-10-07T21:57:38.2500998Z npm warn EBADENGINE   required: { node: '>= 22' },
2026-10-07T21:57:38.2501321Z npm warn EBADENGINE   current: { node: 'v20.20.2', npm: '10.8.2' }
2026-10-07T21:57:38.2501549Z npm warn EBADENGINE }
2026-10-07T21:57:44.4995524Z npm warn deprecated inflight@1.0.6: This module is not supported, and leaks memory. Do not use it. Check out lru-cache if you want a good and tested way to coalesce async requests by a key value, which is much more comprehensive and powerful.
2026-10-07T21:57:44.5737746Z npm warn deprecated rimraf@2.7.1: Rimraf versions prior to v4 are no longer supported
2026-10-07T21:57:44.6046515Z npm warn deprecated lodash.isequal@4.5.0: This package is deprecated. Use require('node:util').isDeepStrictEqual instead.
2026-10-07T21:57:44.6441805Z npm warn deprecated backbone-undo@0.2.6: Package no longer supported. Contact Support at https://www.npmjs.com/support for more info.
2026-10-07T21:57:44.7737684Z npm warn deprecated glob@7.2.3: Old versions of glob are not supported, and contain widely publicized security vulnerabilities, which have been fixed in the current version. Please update. Support for old versions may be purchased (at exorbitant rates) by contacting i@izs.me
2026-10-07T21:57:44.8206865Z npm warn deprecated scmp@2.1.0: Just use Node.js's crypto.timingSafeEqual()
2026-10-07T21:57:45.3694639Z npm warn deprecated fstream@1.0.12: This package is no longer supported.
2026-10-07T21:57:46.0603383Z npm warn deprecated node-domexception@1.0.0: Use your platform's native DOMException instead
2026-10-07T21:58:59.4031333Z 
2026-10-07T21:58:59.4034477Z added 1264 packages, and audited 1265 packages in 1m
2026-10-07T21:58:59.4034818Z 
2026-10-07T21:58:59.4035020Z 260 packages are looking for funding
2026-10-07T21:58:59.4035504Z   run `npm fund` for details
2026-10-07T21:58:59.6318557Z 
2026-10-07T21:58:59.6319412Z 82 vulnerabilities (46 moderate, 35 high, 1 critical)
2026-10-07T21:58:59.6319820Z 
2026-10-07T21:58:59.6320047Z To address issues that do not require attention, run:
2026-10-07T21:58:59.6320346Z   npm audit fix
2026-10-07T21:58:59.6320467Z 
2026-10-07T21:58:59.6320731Z To address all issues possible (including breaking changes), run:
2026-10-07T21:58:59.6321066Z   npm audit fix --force
2026-10-07T21:58:59.6321204Z 
2026-10-07T21:58:59.6321373Z Some issues need review, and may require choosing
2026-10-07T21:58:59.6321710Z a different dependency.
2026-10-07T21:58:59.6321854Z 
2026-10-07T21:58:59.6321971Z Run `npm audit` for details.
2026-10-07T21:58:59.7802987Z ##[group]Run npx prisma generate
2026-10-07T21:58:59.7803190Z [36;1mnpx prisma generate[0m
2026-10-07T21:58:59.7858307Z shell: /usr/bin/bash -e {0}
2026-10-07T21:58:59.7858470Z ##[endgroup]
2026-10-07T21:59:00.6837306Z Prisma schema loaded from prisma/schema.prisma
2026-10-07T22:00:33.5580600Z ┌─────────────────────────────────────────────────────────┐
2026-10-07T22:00:33.5581215Z │  Update available 6.19.3 -> 8.0.0-rc.21                 │
2026-10-07T22:00:33.5581608Z │                                                         │
2026-10-07T22:00:33.5582013Z │  This is a major update - please follow the guide at    │
2026-10-07T22:00:33.5582969Z │  https://pris.ly/d/major-version-upgrade                │
2026-10-07T22:00:33.5583363Z │                                                         │
2026-10-07T22:00:33.5583737Z │  Run the following to update                            │
2026-10-07T22:00:33.5584168Z │    npm i --save-dev prisma@latest                       │
2026-10-07T22:00:33.5584634Z │    npm i @prisma/client@latest                          │
2026-10-07T22:00:33.5585261Z └─────────────────────────────────────────────────────────┘
2026-10-07T22:00:33.5585664Z 
2026-10-07T22:00:33.5606120Z ✔ Generated Prisma Client (v6.19.3) to ./node_modules/@prisma/client in 85.03s
2026-10-07T22:00:33.5609346Z 
2026-10-07T22:00:33.5609731Z Start by importing your Prisma Client (See: https://pris.ly/d/importing-client)
2026-10-07T22:00:33.5609934Z 
2026-10-07T22:00:33.5610115Z Tip: Want to turn off tips and other hints? https://pris.ly/tip-4-nohints
2026-10-07T22:00:33.5610278Z 
2026-10-07T22:00:33.6692405Z ##[group]Run bash scripts/ci/prepare-hosted-build-runner.sh
2026-10-07T22:00:33.6692871Z [36;1mbash scripts/ci/prepare-hosted-build-runner.sh[0m
2026-10-07T22:00:33.6760423Z shell: /usr/bin/bash -e {0}
2026-10-07T22:00:33.6760582Z env:
2026-10-07T22:00:33.6760713Z   LEADDRIVE_BUILD_MIN_BUDGET_KIB: 18874368
2026-10-07T22:00:33.6760879Z ##[endgroup]
2026-10-07T22:00:33.7284967Z                total        used        free      shared  buff/cache   available
2026-10-07T22:00:33.7285499Z Mem:            15Gi       1.3Gi       8.3Gi        47Mi       6.4Gi        14Gi
2026-10-07T22:00:33.7285754Z Swap:          7.0Gi          0B       7.0Gi
2026-10-07T22:00:33.7294684Z Filesystem      Size  Used Avail Use% Mounted on
2026-10-07T22:00:33.7294940Z /dev/root       145G   66G   79G  46% /
2026-10-07T22:00:33.7295278Z /dev/root       145G   66G   79G  46% /
2026-10-07T22:00:33.7295456Z /dev/root       145G   66G   79G  46% /
2026-10-07T22:00:33.7297349Z GitHub-hosted production-build budget ready: ram_kib=15032240 swap_free_kib=7340024 workspace_free_mib=80207 temp_free_mib=80207
2026-10-07T22:00:33.7346321Z ##[group]Run ulimit -c 0
2026-10-07T22:00:33.7346501Z [36;1mulimit -c 0[0m
2026-10-07T22:00:33.7346622Z [36;1mset +e[0m
2026-10-07T22:00:33.7346765Z [36;1mnpx tsc --noEmit 2>&1 | tee tsc-output.log[0m
2026-10-07T22:00:33.7346962Z [36;1mecho "${PIPESTATUS[0]}" > tsc-exit-code[0m
2026-10-07T22:00:33.7397084Z shell: /usr/bin/bash -e {0}
2026-10-07T22:00:33.7397227Z env:
2026-10-07T22:00:33.7397376Z   NODE_OPTIONS: --max-old-space-size=14336
2026-10-07T22:00:33.7397538Z ##[endgroup]
2026-10-07T22:16:36.6823446Z ##[error]src/__tests__/account-management-session-only.test.ts(132,60): error TS7006: Parameter 'callback' implicitly has an 'any' type.
2026-10-07T22:16:36.6933942Z ##[error]src/__tests__/account-management-session-only.test.ts(203,63): error TS7031: Binding element 'data' implicitly has an 'any' type.
2026-10-07T22:16:36.6941173Z ##[error]src/__tests__/account-management-session-only.test.ts(244,9): error TS7031: Binding element 'args' implicitly has an 'any' type.
2026-10-07T22:16:36.6960801Z ##[error]src/__tests__/api-account-engagement-handoff.test.ts(25,22): error TS2353: Object literal may only specify known properties, and 'findMany' does not exist in type '{ findFirst: (args: { where: { pipelineId: string; isActive: boolean; isWon: boolean; isLost: boolean; }; orderBy: { sortOrder: "asc"; }; select: { name: true; probability: true; }; }) => Promise<{ name: string; probability: number; } | null>; }'.
2026-10-07T22:16:36.6976493Z ##[error]src/__tests__/api-auth.test.ts(272,65): error TS7006: Parameter 'args' implicitly has an 'any' type.
2026-10-07T22:16:36.6981666Z ##[error]src/__tests__/api-auth.test.ts(301,64): error TS7006: Parameter 'args' implicitly has an 'any' type.
2026-10-07T22:16:36.6987898Z ##[error]src/__tests__/api-auth.test.ts(306,65): error TS7006: Parameter 'args' implicitly has an 'any' type.
2026-10-07T22:16:36.6995131Z ##[error]src/__tests__/api-calls.test.ts(1125,72): error TS7006: Parameter 'args' implicitly has an 'any' type.
2026-10-07T22:16:36.7003959Z ##[error]src/__tests__/api-calls.test.ts(1145,72): error TS7006: Parameter 'args' implicitly has an 'any' type.
2026-10-07T22:16:36.7013675Z ##[error]src/__tests__/api-calls.test.ts(1315,76): error TS7031: Binding element 'args' implicitly has an 'any' type.
2026-10-07T22:16:36.7022225Z ##[error]src/__tests__/api-finance-funds.test.ts(75,60): error TS7006: Parameter 'callback' implicitly has an 'any' type.
2026-10-07T22:16:36.7027921Z ##[error]src/__tests__/api-finance-funds.test.ts(150,76): error TS2737: BigInt literals are not available when targeting lower than ES2020.
2026-10-07T22:16:36.7033926Z ##[error]src/__tests__/api-finance-funds.test.ts(271,76): error TS2737: BigInt literals are not available when targeting lower than ES2020.
2026-10-07T22:16:36.7039934Z ##[error]src/__tests__/api-finance-funds.test.ts(291,76): error TS2737: BigInt literals are not available when targeting lower than ES2020.
2026-10-07T22:16:36.7045389Z ##[error]src/__tests__/api-finance-funds.test.ts(502,49): error TS2737: BigInt literals are not available when targeting lower than ES2020.
2026-10-07T22:16:36.7051013Z ##[error]src/__tests__/api-finance.test.ts(330,76): error TS2737: BigInt literals are not available when targeting lower than ES2020.
2026-10-07T22:16:36.7062482Z ##[error]src/__tests__/api-inbox-conversation-trash.test.ts(44,42): error TS2493: Tuple type '[]' of length '0' has no element at index '0'.
2026-10-07T22:16:36.7069272Z ##[error]src/__tests__/api-inbox-conversation-trash.test.ts(45,12): error TS18048: 'read' is possibly 'undefined'.
2026-10-07T22:16:36.7076372Z ##[error]src/__tests__/api-inbox-conversation-trash.test.ts(46,12): error TS18048: 'read' is possibly 'undefined'.
2026-10-07T22:16:36.7082245Z ##[error]src/__tests__/api-inbox-conversation-trash.test.ts(47,21): error TS2532: Object is possibly 'undefined'.
2026-10-07T22:16:36.7088024Z ##[error]src/__tests__/api-inbox-conversation-trash.test.ts(47,42): error TS2493: Tuple type '[]' of length '0' has no element at index '0'.
2026-10-07T22:16:36.7092024Z ##[error]src/__tests__/api-inbox-conversation-trash.test.ts(72,43): error TS2493: Tuple type '[]' of length '0' has no element at index '0'.
2026-10-07T22:16:36.7097731Z ##[error]src/__tests__/api-inbox-conversation-trash.test.ts(73,12): error TS18048: 'args' is possibly 'undefined'.
2026-10-07T22:16:36.7103123Z ##[error]src/__tests__/api-inbox-conversation-trash.test.ts(74,12): error TS18048: 'args' is possibly 'undefined'.
2026-10-07T22:16:36.7108231Z ##[error]src/__tests__/api-inbox-conversation-trash.test.ts(76,12): error TS18048: 'args' is possibly 'undefined'.
2026-10-07T22:16:36.7114055Z ##[error]src/__tests__/api-inbox-conversation-trash.test.ts(129,18): error TS2532: Object is possibly 'undefined'.
2026-10-07T22:16:36.7120466Z ##[error]src/__tests__/api-inbox-conversation-trash.test.ts(129,39): error TS2493: Tuple type '[]' of length '0' has no element at index '0'.
2026-10-07T22:16:36.7128296Z ##[error]src/__tests__/api-misc-entities.test.ts(94,60): error TS7006: Parameter 'callback' implicitly has an 'any' type.
2026-10-07T22:16:36.7135792Z ##[error]src/__tests__/api-mtm-activity.test.ts(314,63): error TS7031: Binding element 'arg' implicitly has an 'any' type.
2026-10-07T22:16:36.7143301Z ##[error]src/__tests__/api-mtm-locations.test.ts(638,7): error TS2322: Type '"user"' is not assignable to type 'Role'.
2026-10-07T22:16:36.7149276Z ##[error]src/__tests__/api-mtm-locations.test.ts(659,7): error TS2322: Type '"user"' is not assignable to type 'Role'.
2026-10-07T22:16:36.7154909Z ##[error]src/__tests__/api-mtm-locations.test.ts(685,9): error TS2322: Type '"user"' is not assignable to type 'Role'.
2026-10-07T22:16:36.7164328Z ##[error]src/__tests__/api-mtm-mobile-bootstrap.test.ts(221,79): error TS7006: Parameter 'args' implicitly has an 'any' type.
2026-10-07T22:16:36.7170502Z ##[error]src/__tests__/api-mtm-mobile-bootstrap.test.ts(226,93): error TS2737: BigInt literals are not available when targeting lower than ES2020.
2026-10-07T22:16:36.7176391Z ##[error]src/__tests__/api-mtm-mobile-bootstrap.test.ts(240,79): error TS7006: Parameter 'args' implicitly has an 'any' type.
2026-10-07T22:16:36.7181975Z ##[error]src/__tests__/api-mtm-mobile-bootstrap.test.ts(245,84): error TS7006: Parameter 'args' implicitly has an 'any' type.
2026-10-07T22:16:36.7187820Z ##[error]src/__tests__/api-mtm-mobile-bootstrap.test.ts(246,85): error TS2737: BigInt literals are not available when targeting lower than ES2020.
2026-10-07T22:16:36.7193793Z ##[error]src/__tests__/api-mtm-mobile-bootstrap.test.ts(246,90): error TS2737: BigInt literals are not available when targeting lower than ES2020.
2026-10-07T22:16:36.7199745Z ##[error]src/__tests__/api-mtm-mobile-bootstrap.test.ts(266,79): error TS7006: Parameter 'args' implicitly has an 'any' type.
2026-10-07T22:16:36.7205625Z ##[error]src/__tests__/api-mtm-mobile-bootstrap.test.ts(271,84): error TS7006: Parameter 'args' implicitly has an 'any' type.
2026-10-07T22:16:36.7211709Z ##[error]src/__tests__/api-mtm-mobile-bootstrap.test.ts(273,28): error TS2737: BigInt literals are not available when targeting lower than ES2020.
2026-10-07T22:16:36.7217639Z ##[error]src/__tests__/api-mtm-mobile-bootstrap.test.ts(293,79): error TS7006: Parameter 'args' implicitly has an 'any' type.
2026-10-07T22:16:36.7223626Z ##[error]src/__tests__/api-mtm-mobile-bootstrap.test.ts(309,79): error TS7006: Parameter 'args' implicitly has an 'any' type.
2026-10-07T22:16:36.7230725Z ##[error]src/__tests__/api-mtm-mobile-sync-v2-routes.test.ts(48,13): error TS2737: BigInt literals are not available when targeting lower than ES2020.
2026-10-07T22:16:36.7236921Z ##[error]src/__tests__/api-mtm-mobile-sync-v2-routes.test.ts(49,27): error TS2737: BigInt literals are not available when targeting lower than ES2020.
2026-10-07T22:16:36.7242532Z ##[error]src/__tests__/api-mtm-mobile-sync-v2-routes.test.ts(53,37): error TS2737: BigInt literals are not available when targeting lower than ES2020.
2026-10-07T22:16:36.7249091Z ##[error]src/__tests__/api-mtm-mobile-sync-v2-routes.test.ts(260,70): error TS7006: Parameter 'call' implicitly has an 'any' type.
2026-10-07T22:16:36.7254946Z ##[error]src/__tests__/api-mtm-mobile-sync-v2-routes.test.ts(297,25): error TS2737: BigInt literals are not available when targeting lower than ES2020.
2026-10-07T22:16:36.7264654Z ##[error]src/__tests__/api-mtm-mobile-sync-v2-routes.test.ts(298,22): error TS2737: BigInt literals are not available when targeting lower than ES2020.
2026-10-07T22:16:36.7270805Z ##[error]src/__tests__/api-mtm-mobile-sync-v2-routes.test.ts(373,25): error TS2737: BigInt literals are not available when targeting lower than ES2020.
2026-10-07T22:16:36.7276877Z ##[error]src/__tests__/api-mtm-mobile-sync-v2-routes.test.ts(374,22): error TS2737: BigInt literals are not available when targeting lower than ES2020.
2026-10-07T22:16:36.7280697Z ##[error]src/__tests__/api-mtm-mobile-sync-v2-routes.test.ts(413,22): error TS2737: BigInt literals are not available when targeting lower than ES2020.
2026-10-07T22:16:36.7286533Z ##[error]src/__tests__/api-mtm-mobile-sync-v2-routes.test.ts(420,68): error TS2737: BigInt literals are not available when targeting lower than ES2020.
2026-10-07T22:16:36.7292530Z ##[error]src/__tests__/api-mtm-mobile-sync-v2-routes.test.ts(440,17): error TS2737: BigInt literals are not available when targeting lower than ES2020.
2026-10-07T22:16:36.7299196Z ##[error]src/__tests__/api-mtm-mobile-sync-v2-routes.test.ts(441,22): error TS2737: BigInt literals are not available when targeting lower than ES2020.
2026-10-07T22:16:36.7305269Z ##[error]src/__tests__/api-mtm-mobile-sync-v2-routes.test.ts(453,17): error TS2737: BigInt literals are not available when targeting lower than ES2020.
2026-10-07T22:16:36.7311181Z ##[error]src/__tests__/api-mtm-mobile-sync-v2-routes.test.ts(454,31): error TS2737: BigInt literals are not available when targeting lower than ES2020.
2026-10-07T22:16:36.7316643Z ##[error]src/__tests__/api-mtm-mobile-sync-v2-routes.test.ts(464,17): error TS2737: BigInt literals are not available when targeting lower than ES2020.
2026-10-07T22:16:36.7323065Z ##[error]src/__tests__/api-mtm-mobile-sync-v2-routes.test.ts(465,22): error TS2737: BigInt literals are not available when targeting lower than ES2020.
2026-10-07T22:16:36.7329041Z ##[error]src/__tests__/api-mtm-mobile-sync-v2-routes.test.ts(480,46): error TS2737: BigInt literals are not available when targeting lower than ES2020.
2026-10-07T22:16:36.7335032Z ##[error]src/__tests__/api-mtm-mobile-sync-v2-routes.test.ts(489,17): error TS2737: BigInt literals are not available when targeting lower than ES2020.
2026-10-07T22:16:36.7341341Z ##[error]src/__tests__/api-mtm-mobile-sync-v2-routes.test.ts(490,22): error TS2737: BigInt literals are not available when targeting lower than ES2020.
2026-10-07T22:16:36.7347066Z ##[error]src/__tests__/api-mtm-mobile-sync-v2-routes.test.ts(512,17): error TS2737: BigInt literals are not available when targeting lower than ES2020.
2026-10-07T22:16:36.7352675Z ##[error]src/__tests__/api-mtm-mobile-sync-v2-routes.test.ts(513,22): error TS2737: BigInt literals are not available when targeting lower than ES2020.
2026-10-07T22:16:36.7358537Z ##[error]src/__tests__/api-mtm-mobile-sync-v2-routes.test.ts(530,43): error TS2737: BigInt literals are not available when targeting lower than ES2020.
2026-10-07T22:16:36.7367516Z ##[error]src/__tests__/api-mtm-mobile-sync-v2-routes.test.ts(533,17): error TS2737: BigInt literals are not available when targeting lower than ES2020.
2026-10-07T22:16:36.7378043Z ##[error]src/__tests__/api-mtm-mobile-sync-v2-routes.test.ts(547,17): error TS2737: BigInt literals are not available when targeting lower than ES2020.
2026-10-07T22:16:36.7384025Z ##[error]src/__tests__/api-mtm-mobile-sync-v2-routes.test.ts(548,22): error TS2737: BigInt literals are not available when targeting lower than ES2020.
2026-10-07T22:16:36.7389926Z ##[error]src/__tests__/api-mtm-mobile-sync-v2-routes.test.ts(577,43): error TS2737: BigInt literals are not available when targeting lower than ES2020.
2026-10-07T22:16:36.7396028Z ##[error]src/__tests__/api-mtm-mobile-sync-v2-routes.test.ts(583,17): error TS2737: BigInt literals are not available when targeting lower than ES2020.
2026-10-07T22:16:36.7404184Z ##[error]src/__tests__/api-mtm-mobile-sync-v2-routes.test.ts(598,17): error TS2737: BigInt literals are not available when targeting lower than ES2020.
2026-10-07T22:16:36.7412011Z ##[error]src/__tests__/api-mtm-mobile-sync-v2-routes.test.ts(599,22): error TS2737: BigInt literals are not available when targeting lower than ES2020.
2026-10-07T22:16:36.7419947Z ##[error]src/__tests__/api-mtm-mobile-sync-v2-routes.test.ts(617,25): error TS2737: BigInt literals are not available when targeting lower than ES2020.
2026-10-07T22:16:36.7425927Z ##[error]src/__tests__/api-mtm-mobile-sync-v2-routes.test.ts(617,34): error TS2737: BigInt literals are not available when targeting lower than ES2020.
2026-10-07T22:16:36.7433489Z ##[error]src/__tests__/api-mtm-mobile-sync-v2-stream-isolation.test.ts(60,15): error TS2737: BigInt literals are not available when targeting lower than ES2020.
2026-10-07T22:16:36.7439073Z ##[error]src/__tests__/api-mtm-mobile-sync-v2-stream-isolation.test.ts(61,29): error TS2737: BigInt literals are not available when targeting lower than ES2020.
2026-10-07T22:16:36.7444756Z ##[error]src/__tests__/api-mtm-mobile-sync-v2-stream-isolation.test.ts(71,67): error TS2737: BigInt literals are not available when targeting lower than ES2020.
2026-10-07T22:16:36.7452192Z ##[error]src/__tests__/api-mtm-mobile-sync-v2-visits-tasks.test.ts(117,82): error TS2737: BigInt literals are not available when targeting lower than ES2020.
2026-10-07T22:16:36.7458206Z ##[error]src/__tests__/api-mtm-mobile-sync-v2-visits-tasks.test.ts(117,110): error TS2737: BigInt literals are not available when targeting lower than ES2020.
2026-10-07T22:16:36.7463691Z ##[error]src/__tests__/api-mtm-mobile-sync-v2-visits-tasks.test.ts(126,67): error TS2737: BigInt literals are not available when targeting lower than ES2020.
2026-10-07T22:16:36.7469512Z ##[error]src/__tests__/api-mtm-mobile-sync-v2-visits-tasks.test.ts(213,84): error TS2737: BigInt literals are not available when targeting lower than ES2020.
2026-10-07T22:16:36.7478873Z ##[error]src/__tests__/api-mtm-mobile-sync-v2-visits-tasks.test.ts(213,112): error TS2737: BigInt literals are not available when targeting lower than ES2020.
2026-10-07T22:16:36.7485417Z ##[error]src/__tests__/api-mtm-mobile-sync-v2-visits-tasks.test.ts(215,17): error TS2737: BigInt literals are not available when targeting lower than ES2020.
2026-10-07T22:16:36.7492096Z ##[error]src/__tests__/api-mtm-mobile-sync-v2-visits-tasks.test.ts(222,17): error TS2737: BigInt literals are not available when targeting lower than ES2020.
2026-10-07T22:16:36.7498859Z ##[error]src/__tests__/api-mtm-mobile-sync-v2-visits-tasks.test.ts(231,17): error TS2737: BigInt literals are not available when targeting lower than ES2020.
2026-10-07T22:16:36.7504840Z ##[error]src/__tests__/api-mtm-mobile-sync-v2-visits-tasks.test.ts(232,22): error TS2737: BigInt literals are not available when targeting lower than ES2020.
2026-10-07T22:16:36.7512316Z ##[error]src/__tests__/api-mtm-mobile-sync-v2-visits-tasks.test.ts(256,22): error TS2737: BigInt literals are not available when targeting lower than ES2020.
2026-10-07T22:16:36.7522075Z ##[error]src/__tests__/api-mtm-mobile-sync-v2-workforce.test.ts(91,82): error TS2737: BigInt literals are not available when targeting lower than ES2020.
2026-10-07T22:16:36.7528090Z ##[error]src/__tests__/api-mtm-mobile-sync-v2-workforce.test.ts(91,110): error TS2737: BigInt literals are not available when targeting lower than ES2020.
2026-10-07T22:16:36.7533797Z ##[error]src/__tests__/api-mtm-mobile-sync-v2-workforce.test.ts(99,67): error TS2737: BigInt literals are not available when targeting lower than ES2020.
2026-10-07T22:16:36.7539794Z ##[error]src/__tests__/api-mtm-mobile-sync-v2-workforce.test.ts(161,84): error TS2737: BigInt literals are not available when targeting lower than ES2020.
2026-10-07T22:16:36.7545941Z ##[error]src/__tests__/api-mtm-mobile-sync-v2-workforce.test.ts(161,112): error TS2737: BigInt literals are not available when targeting lower than ES2020.
2026-10-07T22:16:36.7551422Z ##[error]src/__tests__/api-mtm-mobile-sync-v2-workforce.test.ts(163,17): error TS2737: BigInt literals are not available when targeting lower than ES2020.
2026-10-07T22:16:36.7557025Z ##[error]src/__tests__/api-mtm-mobile-sync-v2-workforce.test.ts(170,17): error TS2737: BigInt literals are not available when targeting lower than ES2020.
2026-10-07T22:16:36.7563034Z ##[error]src/__tests__/api-mtm-mobile-sync-v2-workforce.test.ts(179,17): error TS2737: BigInt literals are not available when targeting lower than ES2020.
2026-10-07T22:16:36.7569041Z ##[error]src/__tests__/api-mtm-mobile-sync-v2-workforce.test.ts(180,22): error TS2737: BigInt literals are not available when targeting lower than ES2020.
2026-10-07T22:16:36.7575347Z ##[error]src/__tests__/api-mtm-mobile-sync-v2-workforce.test.ts(204,22): error TS2737: BigInt literals are not available when targeting lower than ES2020.
2026-10-07T22:16:36.7581086Z ##[error]src/__tests__/api-mtm-mobile-sync.test.ts(3713,81): error TS7006: Parameter 'call' implicitly has an 'any' type.
2026-10-07T22:16:36.7586482Z ##[error]src/__tests__/api-mtm-mobile-sync.test.ts(3758,33): error TS7006: Parameter 'row' implicitly has an 'any' type.
2026-10-07T22:16:36.7592371Z ##[error]src/__tests__/api-mtm-mobile-sync.test.ts(3799,13): error TS7006: Parameter 'call' implicitly has an 'any' type.
2026-10-07T22:16:36.7598464Z ##[error]src/__tests__/api-mtm-mobile-sync.test.ts(3800,16): error TS7006: Parameter 'text' implicitly has an 'any' type.
2026-10-07T22:16:36.7604342Z ##[error]src/__tests__/api-mtm-mobile-sync.test.ts(3860,30): error TS7006: Parameter 'row' implicitly has an 'any' type.
2026-10-07T22:16:36.7608137Z ##[error]src/__tests__/api-mtm-route-candidates.test.ts(546,7): error TS2322: Type '"employee"' is not assignable to type 'Role'.
2026-10-07T22:16:36.7614156Z ##[error]src/__tests__/api-mtm-route-published-edit.test.ts(201,13): error TS7006: Parameter 'call' implicitly has an 'any' type.
2026-10-07T22:16:36.7619551Z ##[error]src/__tests__/api-mtm-route-published-edit.test.ts(201,19): error TS7006: Parameter 'index' implicitly has an 'any' type.
2026-10-07T22:16:36.7625996Z ##[error]src/__tests__/api-mtm-route-published-edit.test.ts(202,16): error TS7006: Parameter 'call' implicitly has an 'any' type.
2026-10-07T22:16:36.7631939Z ##[error]src/__tests__/api-mtm-route-published-edit.test.ts(203,28): error TS7006: Parameter 'call' implicitly has an 'any' type.
2026-10-07T22:16:36.7639401Z ##[error]src/__tests__/api-mtm-task-swm14.test.ts(377,14): error TS7031: Binding element 'template' implicitly has an 'any' type.
2026-10-07T22:16:36.7644566Z ##[error]src/__tests__/api-mtm-task-swm14.test.ts(378,14): error TS7006: Parameter 'sql' implicitly has an 'any' type.
2026-10-07T22:16:36.7649723Z ##[error]src/__tests__/api-mtm-task-swm14.test.ts(383,66): error TS7031: Binding element 'call' implicitly has an 'any' type.
2026-10-07T22:16:36.7654562Z ##[error]src/__tests__/api-mtm-task-swm14.test.ts(1017,88): error TS7006: Parameter 'call' implicitly has an 'any' type.
2026-10-07T22:16:36.7659707Z ##[error]src/__tests__/api-mtm-week.test.ts(1832,15): error TS7031: Binding element 'query' implicitly has an 'any' type.
2026-10-07T22:16:36.7665770Z ##[error]src/__tests__/api-settings-call-tasks.test.ts(40,33): error TS2352: Conversion of type 'never[]' to type '[string[], string[]]' may be a mistake because neither type sufficiently overlaps with the other. If this was intentional, convert the expression to 'unknown' first.
2026-10-07T22:16:36.7670196Z   Target requires 2 element(s) but source may have fewer.
2026-10-07T22:16:36.7675453Z ##[error]src/__tests__/api-settings-voice-budget.test.ts(37,12): error TS2532: Object is possibly 'undefined'.
2026-10-07T22:16:36.7676589Z ##[error]src/__tests__/api-settings-voice-budget.test.ts(37,33): error TS2493: Tuple type '[]' of length '0' has no element at index '0'.
2026-10-07T22:16:36.7677770Z ##[error]src/__tests__/api-settings-voice-budget.test.ts(54,22): error TS2532: Object is possibly 'undefined'.
2026-10-07T22:16:36.8206146Z ##[error]src/__tests__/api-settings-voice-budget.test.ts(54,43): error TS2493: Tuple type '[]' of length '0' has no element at index '0'.
2026-10-07T22:16:36.8208511Z ##[error]src/__tests__/api-social-facebook-native-search-worker.test.ts(273,7): error TS2353: Object literal may only specify known properties, and 'reason' does not exist in type '{ allowed: boolean; value: unknown; }'.
2026-10-07T22:16:36.8209844Z ##[error]src/__tests__/api-social-monitoring-profile-logo.test.ts(91,20): error TS2322: Type 'Uint8Array<ArrayBufferLike>' is not assignable to type 'BlobPart'.
2026-10-07T22:16:36.8210560Z   Type 'Uint8Array<ArrayBufferLike>' is not assignable to type 'ArrayBufferView<ArrayBuffer>'.
2026-10-07T22:16:36.8210960Z     Types of property 'buffer' are incompatible.
2026-10-07T22:16:36.8211259Z       Type 'ArrayBufferLike' is not assignable to type 'ArrayBuffer'.
2026-10-07T22:16:36.8211719Z         Type 'SharedArrayBuffer' is missing the following properties from type 'ArrayBuffer': resizable, resize, detached, transfer, transferToFixedLength
2026-10-07T22:16:36.8212554Z ##[error]src/__tests__/api-tickets.test.ts(275,72): error TS7006: Parameter 'call' implicitly has an 'any' type.
2026-10-07T22:16:36.8213406Z ##[error]src/__tests__/api-tickets.test.ts(276,32): error TS7006: Parameter 'where' implicitly has an 'any' type.
2026-10-07T22:16:36.8216822Z ##[error]src/__tests__/api-users-me-avatar.test.ts(104,20): error TS2322: Type 'Uint8Array<ArrayBufferLike>' is not assignable to type 'BlobPart'.
2026-10-07T22:16:36.8217493Z   Type 'Uint8Array<ArrayBufferLike>' is not assignable to type 'ArrayBufferView<ArrayBuffer>'.
2026-10-07T22:16:36.8217883Z     Types of property 'buffer' are incompatible.
2026-10-07T22:16:36.8218126Z       Type 'ArrayBufferLike' is not assignable to type 'ArrayBuffer'.
2026-10-07T22:16:36.8218556Z         Type 'SharedArrayBuffer' is missing the following properties from type 'ArrayBuffer': resizable, resize, detached, transfer, transferToFixedLength
2026-10-07T22:16:36.8219844Z ##[error]src/__tests__/api-workforce-configuration-access-grants.test.ts(31,35): error TS2502: 'auth' is referenced directly or indirectly in its own type annotation.
2026-10-07T22:16:36.8220851Z ##[error]src/__tests__/api-workforce-configuration-access-grants.test.ts(34,41): error TS2502: 'auth' is referenced directly or indirectly in its own type annotation.
2026-10-07T22:16:36.8224085Z ##[error]src/__tests__/auth-session-invalidation.test.ts(231,47): error TS2345: Argument of type '{ totpEnabled: boolean; id: string; email: string; name: string; role: string; organizationId: string; passwordHash: string; passwordChangedAt: Date; isActive: boolean; smsAuthEnabled: boolean; require2fa: boolean; verifiedPhone: null; organization: { ...; }; } | { ...; }' is not assignable to parameter of type '{ id: string; email: string; name: string; role: string; organizationId: string; passwordHash: string; passwordChangedAt: Date; isActive: boolean; totpEnabled: boolean; smsAuthEnabled: boolean; require2fa: boolean; verifiedPhone: null; organization: { ...; }; } | undefined'.
2026-10-07T22:16:36.8227064Z   Type '{ smsAuthEnabled: boolean; verifiedPhone: string; id: string; email: string; name: string; role: string; organizationId: string; passwordHash: string; passwordChangedAt: Date; isActive: boolean; totpEnabled: boolean; require2fa: boolean; organization: { ...; }; }' is not assignable to type '{ id: string; email: string; name: string; role: string; organizationId: string; passwordHash: string; passwordChangedAt: Date; isActive: boolean; totpEnabled: boolean; smsAuthEnabled: boolean; require2fa: boolean; verifiedPhone: null; organization: { ...; }; }'.
2026-10-07T22:16:36.8229475Z     Types of property 'verifiedPhone' are incompatible.
2026-10-07T22:16:36.8229699Z       Type 'string' is not assignable to type 'null'.
2026-10-07T22:16:36.8231705Z ##[error]src/__tests__/demo-center-admin-api.test.ts(70,60): error TS7006: Parameter 'callback' implicitly has an 'any' type.
2026-10-07T22:16:36.8232713Z ##[error]src/__tests__/demo-center-api.test.ts(74,60): error TS7006: Parameter 'callback' implicitly has an 'any' type.
2026-10-07T22:16:36.8233697Z ##[error]src/__tests__/demo-center-db-constraints.test.ts(136,24): error TS7006: Parameter 'event' implicitly has an 'any' type.
2026-10-07T22:16:36.8235945Z ##[error]src/__tests__/demo-journey-telemetry.test.ts(194,62): error TS7006: Parameter 'callback' implicitly has an 'any' type.
2026-10-07T22:16:36.8238410Z ##[error]src/__tests__/lib-ai-voice-action-intent.test.ts(116,49): error TS2737: BigInt literals are not available when targeting lower than ES2020.
2026-10-07T22:16:36.8239418Z ##[error]src/__tests__/lib-event-platform-foundation.test.ts(333,69): error TS2737: BigInt literals are not available when targeting lower than ES2020.
2026-10-07T22:16:36.8240603Z ##[error]src/__tests__/lib-event-platform-foundation.test.ts(365,25): error TS2737: BigInt literals are not available when targeting lower than ES2020.
2026-10-07T22:16:36.8241540Z ##[error]src/__tests__/lib-event-platform-foundation.test.ts(442,21): error TS2737: BigInt literals are not available when targeting lower than ES2020.
2026-10-07T22:16:36.8248088Z ##[error]src/__tests__/lib-event-platform-postgres.test.ts(54,41): error TS2737: BigInt literals are not available when targeting lower than ES2020.
2026-10-07T22:16:36.8249148Z ##[error]src/__tests__/lib-event-platform-postgres.test.ts(55,42): error TS2737: BigInt literals are not available when targeting lower than ES2020.
2026-10-07T22:16:36.8250184Z ##[error]src/__tests__/lib-event-platform-postgres.test.ts(70,25): error TS2737: BigInt literals are not available when targeting lower than ES2020.
2026-10-07T22:16:36.8251083Z ##[error]src/__tests__/lib-event-platform-postgres.test.ts(98,21): error TS2737: BigInt literals are not available when targeting lower than ES2020.
2026-10-07T22:16:36.8252286Z ##[error]src/__tests__/lib-event-platform-postgres.test.ts(99,20): error TS2737: BigInt literals are not available when targeting lower than ES2020.
2026-10-07T22:16:36.8253322Z ##[error]src/__tests__/lib-event-platform-postgres.test.ts(100,21): error TS2737: BigInt literals are not available when targeting lower than ES2020.
2026-10-07T22:16:36.8254493Z ##[error]src/__tests__/lib-event-platform-postgres.test.ts(101,22): error TS2737: BigInt literals are not available when targeting lower than ES2020.
2026-10-07T22:16:36.8255476Z ##[error]src/__tests__/lib-event-platform-postgres.test.ts(108,25): error TS2737: BigInt literals are not available when targeting lower than ES2020.
2026-10-07T22:16:36.8256378Z ##[error]src/__tests__/lib-event-platform-postgres.test.ts(111,25): error TS2737: BigInt literals are not available when targeting lower than ES2020.
2026-10-07T22:16:36.8258749Z ##[error]src/__tests__/lib-event-platform-projection.test.ts(78,21): error TS2737: BigInt literals are not available when targeting lower than ES2020.
2026-10-07T22:16:36.8259681Z ##[error]src/__tests__/lib-event-platform-projection.test.ts(89,21): error TS2737: BigInt literals are not available when targeting lower than ES2020.
2026-10-07T22:16:36.8260600Z ##[error]src/__tests__/lib-event-platform-projection.test.ts(106,64): error TS2737: BigInt literals are not available when targeting lower than ES2020.
2026-10-07T22:16:36.8261528Z ##[error]src/__tests__/lib-event-platform-projection.test.ts(115,34): error TS2737: BigInt literals are not available when targeting lower than ES2020.
2026-10-07T22:16:36.8262451Z ##[error]src/__tests__/lib-event-platform-projection.test.ts(137,32): error TS2737: BigInt literals are not available when targeting lower than ES2020.
2026-10-07T22:16:36.8263656Z ##[error]src/__tests__/lib-i18n-keys.test.ts(102,11): error TS7022: 'child' implicitly has type 'any' because it does not have a type annotation and is referenced directly or indirectly in its own initializer.
2026-10-07T22:16:36.8264860Z ##[error]src/__tests__/lib-inbound-name-sanitization.test.ts(82,33): error TS2345: Argument of type 'Request' is not assignable to parameter of type 'NextRequest'.
2026-10-07T22:16:36.8265779Z   Type 'Request' is missing the following properties from type 'NextRequest': cookies, nextUrl, page, ua
2026-10-07T22:16:36.8266472Z ##[error]src/__tests__/lib-inbound-name-sanitization.test.ts(93,33): error TS2345: Argument of type 'Request' is not assignable to parameter of type 'NextRequest'.
2026-10-07T22:16:36.8267180Z   Type 'Request' is missing the following properties from type 'NextRequest': cookies, nextUrl, page, ua
2026-10-07T22:16:36.8267857Z ##[error]src/__tests__/lib-inbound-name-sanitization.test.ts(105,35): error TS2345: Argument of type 'Request' is not assignable to parameter of type 'NextRequest'.
2026-10-07T22:16:36.8268555Z   Type 'Request' is missing the following properties from type 'NextRequest': cookies, nextUrl, page, ua
2026-10-07T22:16:36.8269236Z ##[error]src/__tests__/lib-inbound-name-sanitization.test.ts(112,33): error TS2345: Argument of type 'Request' is not assignable to parameter of type 'NextRequest'.
2026-10-07T22:16:36.8269937Z   Type 'Request' is missing the following properties from type 'NextRequest': cookies, nextUrl, page, ua
2026-10-07T22:16:36.8271139Z ##[error]src/__tests__/lib-job-cursor.test.ts(43,21): error TS2352: Conversion of type 'undefined' to type 'TemplateStringsArray' may be a mistake because neither type sufficiently overlaps with the other. If this was intentional, convert the expression to 'unknown' first.
2026-10-07T22:16:36.8272198Z ##[error]src/__tests__/lib-job-cursor.test.ts(43,47): error TS2493: Tuple type '[]' of length '0' has no element at index '0'.
2026-10-07T22:16:36.8273126Z ##[error]src/__tests__/lib-mtm-mobile-capability-manifest.test.ts(110,58): error TS2737: BigInt literals are not available when targeting lower than ES2020.
2026-10-07T22:16:36.8274084Z ##[error]src/__tests__/lib-mtm-mobile-capability-manifest.test.ts(173,24): error TS2737: BigInt literals are not available when targeting lower than ES2020.
2026-10-07T22:16:36.8275275Z ##[error]src/__tests__/lib-mtm-mobile-capability-manifest.test.ts(193,58): error TS2737: BigInt literals are not available when targeting lower than ES2020.
2026-10-07T22:16:36.8276225Z ##[error]src/__tests__/lib-mtm-mobile-capability-manifest.test.ts(194,57): error TS2737: BigInt literals are not available when targeting lower than ES2020.
2026-10-07T22:16:36.8277170Z ##[error]src/__tests__/lib-mtm-mobile-capability-manifest.test.ts(218,62): error TS2737: BigInt literals are not available when targeting lower than ES2020.
2026-10-07T22:16:36.8278082Z ##[error]src/__tests__/lib-mtm-mobile-route-command.test.ts(924,13): error TS7006: Parameter 'call' implicitly has an 'any' type.
2026-10-07T22:16:36.8278912Z ##[error]src/__tests__/lib-mtm-mobile-route-command.test.ts(924,19): error TS7006: Parameter 'index' implicitly has an 'any' type.
2026-10-07T22:16:36.8279735Z ##[error]src/__tests__/lib-mtm-mobile-route-command.test.ts(925,16): error TS7006: Parameter 'call' implicitly has an 'any' type.
2026-10-07T22:16:36.8280558Z ##[error]src/__tests__/lib-mtm-mobile-route-command.test.ts(926,34): error TS7006: Parameter 'call' implicitly has an 'any' type.
2026-10-07T22:16:36.8283343Z ##[error]src/__tests__/lib-mtm-mobile-sync-v2-retention.test.ts(39,17): error TS2737: BigInt literals are not available when targeting lower than ES2020.
2026-10-07T22:16:36.8284293Z ##[error]src/__tests__/lib-mtm-mobile-sync-v2-retention.test.ts(57,39): error TS2737: BigInt literals are not available when targeting lower than ES2020.
2026-10-07T22:16:36.8285295Z ##[error]src/__tests__/lib-mtm-mobile-sync-v2-retention.test.ts(59,39): error TS2737: BigInt literals are not available when targeting lower than ES2020.
2026-10-07T22:16:36.8286190Z ##[error]src/__tests__/lib-mtm-mobile-sync-v2-retention.test.ts(167,69): error TS7031: Binding element 'query' implicitly has an 'any' type.
2026-10-07T22:16:36.8287212Z ##[error]src/__tests__/lib-mtm-mobile-sync-v2.test.ts(44,17): error TS2737: BigInt literals are not available when targeting lower than ES2020.
2026-10-07T22:16:36.8288102Z ##[error]src/__tests__/lib-mtm-mobile-sync-v2.test.ts(45,22): error TS2737: BigInt literals are not available when targeting lower than ES2020.
2026-10-07T22:16:36.8288982Z ##[error]src/__tests__/lib-mtm-mobile-sync-v2.test.ts(64,17): error TS2737: BigInt literals are not available when targeting lower than ES2020.
2026-10-07T22:16:36.8289859Z ##[error]src/__tests__/lib-mtm-mobile-sync-v2.test.ts(65,22): error TS2737: BigInt literals are not available when targeting lower than ES2020.
2026-10-07T22:16:36.8290732Z ##[error]src/__tests__/lib-mtm-mobile-sync-v2.test.ts(88,17): error TS2737: BigInt literals are not available when targeting lower than ES2020.
2026-10-07T22:16:36.8291607Z ##[error]src/__tests__/lib-mtm-mobile-sync-v2.test.ts(89,22): error TS2737: BigInt literals are not available when targeting lower than ES2020.
2026-10-07T22:16:36.8292495Z ##[error]src/__tests__/lib-mtm-mobile-sync-v2.test.ts(102,22): error TS2737: BigInt literals are not available when targeting lower than ES2020.
2026-10-07T22:16:36.8295908Z ##[error]src/__tests__/lib-mtm-push-send.test.ts(45,31): error TS2352: Conversion of type '{ MTM_PUSH_SERVICE_ACCOUNT: string; }' to type 'ProcessEnv' may be a mistake because neither type sufficiently overlaps with the other. If this was intentional, convert the expression to 'unknown' first.
2026-10-07T22:16:36.8296840Z   Property 'NODE_ENV' is missing in type '{ MTM_PUSH_SERVICE_ACCOUNT: string; }' but required in type 'ProcessEnv'.
2026-10-07T22:16:36.8298039Z ##[error]src/__tests__/lib-mtm-push-send.test.ts(46,31): error TS2352: Conversion of type '{ MTM_PUSH_SERVICE_ACCOUNT: string; }' to type 'ProcessEnv' may be a mistake because neither type sufficiently overlaps with the other. If this was intentional, convert the expression to 'unknown' first.
2026-10-07T22:16:36.8299014Z   Property 'NODE_ENV' is missing in type '{ MTM_PUSH_SERVICE_ACCOUNT: string; }' but required in type 'ProcessEnv'.
2026-10-07T22:16:36.8300308Z ##[error]src/__tests__/lib-mtm-push-send.test.ts(50,39): error TS2352: Conversion of type '{ MTM_PUSH_SERVICE_ACCOUNT: string; }' to type 'ProcessEnv' may be a mistake because neither type sufficiently overlaps with the other. If this was intentional, convert the expression to 'unknown' first.
2026-10-07T22:16:36.8301233Z   Property 'NODE_ENV' is missing in type '{ MTM_PUSH_SERVICE_ACCOUNT: string; }' but required in type 'ProcessEnv'.
2026-10-07T22:16:36.8302329Z ##[error]src/__tests__/lib-mtm-route-planner-context.test.ts(59,7): error TS2739: Type '{ administrativeDistrict: string; }' is missing the following properties from type 'MtmRoutePlannerFilters': region, customerId, specialtyCode, psychotype
2026-10-07T22:16:36.8303466Z ##[error]src/__tests__/lib-safe-raster-upload.test.ts(33,20): error TS2322: Type 'Uint8Array<ArrayBufferLike>' is not assignable to type 'BlobPart'.
2026-10-07T22:16:36.8304142Z   Type 'Uint8Array<ArrayBufferLike>' is not assignable to type 'ArrayBufferView<ArrayBuffer>'.
2026-10-07T22:16:36.8304441Z     Types of property 'buffer' are incompatible.
2026-10-07T22:16:36.8304685Z       Type 'ArrayBufferLike' is not assignable to type 'ArrayBuffer'.
2026-10-07T22:16:36.8305284Z         Type 'SharedArrayBuffer' is missing the following properties from type 'ArrayBuffer': resizable, resize, detached, transfer, transferToFixedLength
2026-10-07T22:16:36.8306001Z ##[error]src/__tests__/lib-social-ai-draft-service.test.ts(104,7): error TS2322: Type 'false' is not assignable to type 'true'.
2026-10-07T22:16:36.8307516Z ##[error]src/__tests__/lib-social-ai-draft-service.test.ts(521,7): error TS2353: Object literal may only specify known properties, and 'origin' does not exist in type '{ organizationId: string; mention: SocialMentionForAiDraft; orgName: string; scenario: ScenarioDraftContext; now?: Date | undefined; }'.
2026-10-07T22:16:36.8309403Z ##[error]src/__tests__/lib-social-ai-draft-service.test.ts(570,7): error TS2353: Object literal may only specify known properties, and 'origin' does not exist in type '{ organizationId: string; mention: SocialMentionForAiDraft; orgName: string; scenario: ScenarioDraftContext; now?: Date | undefined; }'.
2026-10-07T22:16:36.8311222Z ##[error]src/__tests__/lib-social-ai-draft-service.test.ts(589,7): error TS2353: Object literal may only specify known properties, and 'origin' does not exist in type '{ organizationId: string; mention: SocialMentionForAiDraft; orgName: string; scenario: ScenarioDraftContext; now?: Date | undefined; }'.
2026-10-07T22:16:36.8314972Z ##[error]src/__tests__/lib-social-ingest-mention.test.ts(431,42): error TS2345: Argument of type 'Promise<void>' is not assignable to parameter of type 'Promise<undefined>'.
2026-10-07T22:16:36.8315743Z   Type 'void' is not assignable to type 'undefined'.
2026-10-07T22:16:36.8316232Z ##[error]src/__tests__/lib-social-ingest-mention.test.ts(2093,10): error TS7006: Parameter 'call' implicitly has an 'any' type.
2026-10-07T22:16:36.8317283Z ##[error]src/__tests__/lib-social-ingest-mention.test.ts(2094,13): error TS7006: Parameter 'call' implicitly has an 'any' type.
2026-10-07T22:16:36.8318099Z ##[error]src/__tests__/lib-social-ingest-mention.test.ts(2095,10): error TS7006: Parameter 'call' implicitly has an 'any' type.
2026-10-07T22:16:36.8319051Z ##[error]src/__tests__/lib-social-ingest-mention.test.ts(2096,11): error TS7006: Parameter 'data' implicitly has an 'any' type.
2026-10-07T22:16:36.8321002Z ##[error]src/__tests__/lib-social-media-observations.test.ts(143,19): error TS2352: Conversion of type '{ organizationId: string; platform: string; sourceMetadata: { mediaUrl: string; mediaType: string; }; }' to type 'IngestInput' may be a mistake because neither type sufficiently overlaps with the other. If this was intentional, convert the expression to 'unknown' first.
2026-10-07T22:16:36.8322407Z   Type '{ organizationId: string; platform: string; sourceMetadata: { mediaUrl: string; mediaType: string; }; }' is missing the following properties from type 'IngestInput': externalId, text, sentiment, matchedTerm
2026-10-07T22:16:36.8324186Z ##[error]src/__tests__/lib-social-monitoring-import-fence.test.ts(112,9): error TS2345: Argument of type '{ $executeRawUnsafe: Mock<Procedure>; $queryRawUnsafe: Mock<Procedure>; organization: { findUnique: Mock<Procedure>; }; }' is not assignable to parameter of type 'SocialMonitoringCollectionFenceTransaction'.
2026-10-07T22:16:36.8325283Z   Types of property 'organization' are incompatible.
2026-10-07T22:16:36.8325834Z     Type '{ findUnique: Mock<Procedure>; }' is missing the following properties from type 'OrganizationDelegate<DefaultArgs, PrismaClientOptions>': findUniqueOrThrow, findFirst, findFirstOrThrow, findMany, and 13 more.
2026-10-07T22:16:36.8327181Z ##[error]src/__tests__/lib-social-new-client-to-apify-e2e.test.ts(37,8): error TS2459: Module '"@/lib/social/apify-async-adapter"' declares 'MonitoringSourceForRun' locally, but it is not exported.
2026-10-07T22:16:36.8330177Z ##[error]src/__tests__/lib-social-paid-provider-run-scope.test.ts(122,60): error TS2493: Tuple type '[]' of length '0' has no element at index '0'.
2026-10-07T22:16:36.8331991Z ##[error]src/__tests__/lib-social-provider-request-timeout.test.ts(103,87): error TS2352: Conversion of type '{ json: () => Promise<never>; }' to type 'Response' may be a mistake because neither type sufficiently overlaps with the other. If this was intentional, convert the expression to 'unknown' first.
2026-10-07T22:16:36.8333148Z   Type '{ json: () => Promise<never>; }' is missing the following properties from type 'Response': headers, ok, redirected, status, and 11 more.
2026-10-07T22:16:36.8338032Z ##[error]src/__tests__/lib-social-relevance-confidence-policy.test.ts(43,55): error TS2345: Argument of type '{ version: string; minAutoAcceptConfidence: number; reviewRetentionDays: number; }' is not assignable to parameter of type 'RelevanceConfidencePolicy'.
2026-10-07T22:16:36.8339434Z   Property 'subjectMatchCandidateRetentionDays' is missing in type '{ version: string; minAutoAcceptConfidence: number; reviewRetentionDays: number; }' but required in type 'RelevanceConfidencePolicy'.
2026-10-07T22:16:36.8340324Z ##[error]src/__tests__/lib-stale-dispatch-reaper.test.ts(24,19): error TS2532: Object is possibly 'undefined'.
2026-10-07T22:16:36.8341251Z ##[error]src/__tests__/lib-stale-dispatch-reaper.test.ts(24,44): error TS2493: Tuple type '[]' of length '0' has no element at index '0'.
2026-10-07T22:16:36.8342133Z ##[error]src/__tests__/lib-stale-dispatch-reaper.test.ts(40,18): error TS2532: Object is possibly 'undefined'.
2026-10-07T22:16:36.8342946Z ##[error]src/__tests__/lib-stale-dispatch-reaper.test.ts(40,43): error TS2493: Tuple type '[]' of length '0' has no element at index '0'.
2026-10-07T22:16:36.8344051Z ##[error]src/__tests__/lib-stale-dispatch-reaper.test.ts(50,45): error TS2493: Tuple type '[]' of length '0' has no element at index '0'.
2026-10-07T22:16:36.8344830Z ##[error]src/__tests__/lib-stale-dispatch-reaper.test.ts(53,12): error TS18048: 'second' is possibly 'undefined'.
2026-10-07T22:16:36.8345755Z ##[error]src/__tests__/lib-stale-dispatch-reaper.test.ts(54,12): error TS18048: 'second' is possibly 'undefined'.
2026-10-07T22:16:36.8346739Z ##[error]src/__tests__/lib-stale-dispatch-reaper.test.ts(63,45): error TS2493: Tuple type '[]' of length '0' has no element at index '0'.
2026-10-07T22:16:36.8347508Z ##[error]src/__tests__/lib-stale-dispatch-reaper.test.ts(64,12): error TS18048: 'second' is possibly 'undefined'.
2026-10-07T22:16:36.8348370Z ##[error]src/__tests__/lib-stale-dispatch-reaper.test.ts(65,12): error TS18048: 'second' is possibly 'undefined'.
2026-10-07T22:16:36.8350595Z ##[error]src/__tests__/lib-voice-agent-post-call.test.ts(39,48): error TS2339: Property 'turns' does not exist on type '{ callId: string; durationSeconds: number; turns: { role: "customer" | "agent"; text: string; }[]; providerOutcome?: "cancelled" | "failed" | "connected" | "busy" | "no_answer" | undefined; agentMidUtterance?: boolean | undefined; recoveryAttempts?: number | undefined; dialStatus?: string | undefined; hangupCause?: ...'.
2026-10-07T22:16:36.8352018Z   Property 'turns' does not exist on type '{ protocol: "fanum-provider-connected-v1"; callId: string; observedAt: string; }'.
2026-10-07T22:16:36.8352672Z ##[error]src/__tests__/lib-workforce-access-grant-writer.test.ts(102,31): error TS2558: Expected 0 type arguments, but got 1.
2026-10-07T22:16:36.8353584Z ##[error]src/__tests__/lib-workforce-access-grant-writer.test.ts(148,31): error TS2558: Expected 0 type arguments, but got 1.
2026-10-07T22:16:36.8354492Z ##[error]src/__tests__/lib-workforce-access-grant-writer.test.ts(162,30): error TS2558: Expected 0 type arguments, but got 1.
2026-10-07T22:16:36.8355439Z ##[error]src/__tests__/lib-workforce-access-grant-writer.test.ts(195,31): error TS2558: Expected 0 type arguments, but got 1.
2026-10-07T22:16:36.8356352Z ##[error]src/__tests__/lib-workforce-access-grant-writer.test.ts(207,30): error TS2558: Expected 0 type arguments, but got 1.
2026-10-07T22:16:36.8357145Z ##[error]src/__tests__/lib-workforce-access-grant-writer.test.ts(217,30): error TS2558: Expected 0 type arguments, but got 1.
2026-10-07T22:16:36.8358415Z ##[error]src/__tests__/lib-workforce-calendar-configuration-lock-postgres.test.ts(695,14): error TS2737: BigInt literals are not available when targeting lower than ES2020.
2026-10-07T22:16:36.8359457Z ##[error]src/__tests__/lib-workforce-calendar-configuration-lock-postgres.test.ts(723,44): error TS2737: BigInt literals are not available when targeting lower than ES2020.
2026-10-07T22:16:36.8360624Z ##[error]src/__tests__/lib-workforce-calendar-configuration-lock-postgres.test.ts(723,60): error TS2737: BigInt literals are not available when targeting lower than ES2020.
2026-10-07T22:16:36.8361598Z ##[error]src/__tests__/lib-workforce-exception-employee-response-writer.test.ts(101,31): error TS2558: Expected 0 type arguments, but got 1.
2026-10-07T22:16:36.8362585Z ##[error]src/__tests__/lib-workforce-exception-employee-response-writer.test.ts(126,30): error TS2558: Expected 0 type arguments, but got 1.
2026-10-07T22:16:36.8363668Z ##[error]src/__tests__/lib-workforce-exception-employee-response-writer.test.ts(137,30): error TS2558: Expected 0 type arguments, but got 1.
2026-10-07T22:16:36.8364543Z ##[error]src/__tests__/lib-workforce-exception-employee-response-writer.test.ts(152,30): error TS2558: Expected 0 type arguments, but got 1.
2026-10-07T22:16:36.8365707Z ##[error]src/__tests__/lib-workforce-exception-employee-response-writer.test.ts(167,30): error TS2558: Expected 0 type arguments, but got 1.
2026-10-07T22:16:36.8366708Z ##[error]src/__tests__/lib-workforce-exception-employee-response-writer.test.ts(200,30): error TS2558: Expected 0 type arguments, but got 1.
2026-10-07T22:16:36.8367578Z ##[error]src/__tests__/lib-workforce-exception-employee-response-writer.test.ts(210,30): error TS2558: Expected 0 type arguments, but got 1.
2026-10-07T22:16:36.8368567Z ##[error]src/__tests__/lib-workforce-exception-employee-response-writer.test.ts(253,31): error TS2558: Expected 0 type arguments, but got 1.
2026-10-07T22:16:36.8369564Z ##[error]src/__tests__/lib-workforce-exception-employee-response-writer.test.ts(288,31): error TS2558: Expected 0 type arguments, but got 1.
2026-10-07T22:16:36.8370460Z ##[error]src/__tests__/lib-workforce-exception-employee-response-writer.test.ts(307,31): error TS2558: Expected 0 type arguments, but got 1.
2026-10-07T22:16:36.8371451Z ##[error]src/__tests__/lib-workforce-exception-employee-response-writer.test.ts(362,31): error TS2558: Expected 0 type arguments, but got 1.
2026-10-07T22:16:36.8372602Z ##[error]src/__tests__/lib-workforce-exception-linked-mutation.test.ts(39,43): error TS2493: Tuple type '[]' of length '0' has no element at index '1'.
2026-10-07T22:16:36.8373467Z ##[error]src/__tests__/lib-workforce-exception-linked-mutation.test.ts(59,31): error TS2558: Expected 0 type arguments, but got 1.
2026-10-07T22:16:36.8374552Z ##[error]src/__tests__/lib-workforce-exception-lock-postgres.test.ts(219,26): error TS2737: BigInt literals are not available when targeting lower than ES2020.
2026-10-07T22:16:36.8375830Z ##[error]src/__tests__/lib-workforce-exception-lock-postgres.test.ts(220,28): error TS2737: BigInt literals are not available when targeting lower than ES2020.
2026-10-07T22:16:36.8376799Z ##[error]src/__tests__/lib-workforce-exception-lock-postgres.test.ts(355,34): error TS2737: BigInt literals are not available when targeting lower than ES2020.
2026-10-07T22:16:36.8377898Z ##[error]src/__tests__/lib-workforce-exception-lock-postgres.test.ts(356,32): error TS2737: BigInt literals are not available when targeting lower than ES2020.
2026-10-07T22:16:36.8379006Z ##[error]src/__tests__/lib-workforce-exception-lock-postgres.test.ts(357,28): error TS2737: BigInt literals are not available when targeting lower than ES2020.
2026-10-07T22:16:36.8380105Z ##[error]src/__tests__/lib-workforce-exception-lock-postgres.test.ts(1555,41): error TS2737: BigInt literals are not available when targeting lower than ES2020.
2026-10-07T22:16:36.8381596Z ##[error]src/__tests__/lib-workforce-exception-lock-postgres.test.ts(2214,32): error TS2737: BigInt literals are not available when targeting lower than ES2020.
2026-10-07T22:16:36.8383993Z ##[error]src/__tests__/lib-workforce-exception-policy-revision-writer.test.ts(86,31): error TS2558: Expected 0 type arguments, but got 1.
2026-10-07T22:16:36.8385004Z ##[error]src/__tests__/lib-workforce-exception-policy-revision-writer.test.ts(173,31): error TS2558: Expected 0 type arguments, but got 1.
2026-10-07T22:16:36.8386046Z ##[error]src/__tests__/lib-workforce-exception-policy-revision-writer.test.ts(189,31): error TS2558: Expected 0 type arguments, but got 1.
2026-10-07T22:16:36.8386956Z ##[error]src/__tests__/lib-workforce-exception-policy-revision-writer.test.ts(212,31): error TS2558: Expected 0 type arguments, but got 1.
2026-10-07T22:16:36.8387993Z ##[error]src/__tests__/lib-workforce-exception-policy-revision-writer.test.ts(224,31): error TS2558: Expected 0 type arguments, but got 1.
2026-10-07T22:16:36.8388999Z ##[error]src/__tests__/lib-workforce-exception-policy-revision-writer.test.ts(237,31): error TS2558: Expected 0 type arguments, but got 1.
2026-10-07T22:16:36.8390084Z ##[error]src/__tests__/lib-workforce-exception-response-cycle-audit.test.ts(53,31): error TS2737: BigInt literals are not available when targeting lower than ES2020.
2026-10-07T22:16:36.8391189Z ##[error]src/__tests__/lib-workforce-exception-response-cycle-audit.test.ts(54,32): error TS2737: BigInt literals are not available when targeting lower than ES2020.
2026-10-07T22:16:36.8392314Z ##[error]src/__tests__/lib-workforce-exception-response-cycle-audit.test.ts(55,29): error TS2737: BigInt literals are not available when targeting lower than ES2020.
2026-10-07T22:16:36.8393321Z ##[error]src/__tests__/lib-workforce-exception-response-cycle-audit.test.ts(56,33): error TS2737: BigInt literals are not available when targeting lower than ES2020.
2026-10-07T22:16:36.8394951Z ##[error]src/__tests__/lib-workforce-exception-response-cycle-audit.test.ts(96,29): error TS2737: BigInt literals are not available when targeting lower than ES2020.
2026-10-07T22:16:36.8396393Z ##[error]src/__tests__/lib-workforce-exception-response-cycle-audit.test.ts(120,31): error TS2737: BigInt literals are not available when targeting lower than ES2020.
2026-10-07T22:16:36.8397618Z ##[error]src/__tests__/lib-workforce-exception-response-cycle-audit.test.ts(121,32): error TS2737: BigInt literals are not available when targeting lower than ES2020.
2026-10-07T22:16:36.8398653Z ##[error]src/__tests__/lib-workforce-exception-response-cycle-audit.test.ts(122,29): error TS2737: BigInt literals are not available when targeting lower than ES2020.
2026-10-07T22:16:36.8399813Z ##[error]src/__tests__/lib-workforce-exception-response-cycle-audit.test.ts(123,33): error TS2737: BigInt literals are not available when targeting lower than ES2020.
2026-10-07T22:16:36.8400818Z ##[error]src/__tests__/lib-workforce-exception-response-cycle-audit.test.ts(130,31): error TS2737: BigInt literals are not available when targeting lower than ES2020.
2026-10-07T22:16:36.8402095Z ##[error]src/__tests__/lib-workforce-exception-response-cycle-audit.test.ts(131,32): error TS2737: BigInt literals are not available when targeting lower than ES2020.
2026-10-07T22:16:36.8403090Z ##[error]src/__tests__/lib-workforce-exception-response-cycle-audit.test.ts(132,29): error TS2737: BigInt literals are not available when targeting lower than ES2020.
2026-10-07T22:16:36.8404222Z ##[error]src/__tests__/lib-workforce-exception-response-cycle-audit.test.ts(133,33): error TS2737: BigInt literals are not available when targeting lower than ES2020.
2026-10-07T22:16:36.8405456Z ##[error]src/__tests__/lib-workforce-exception-response-cycle-audit.test.ts(140,31): error TS2737: BigInt literals are not available when targeting lower than ES2020.
2026-10-07T22:16:36.8406503Z ##[error]src/__tests__/lib-workforce-exception-response-cycle-audit.test.ts(141,32): error TS2737: BigInt literals are not available when targeting lower than ES2020.
2026-10-07T22:16:36.8407628Z ##[error]src/__tests__/lib-workforce-exception-response-cycle-audit.test.ts(142,29): error TS2737: BigInt literals are not available when targeting lower than ES2020.
2026-10-07T22:16:36.8408770Z ##[error]src/__tests__/lib-workforce-exception-response-cycle-audit.test.ts(143,67): error TS2737: BigInt literals are not available when targeting lower than ES2020.
2026-10-07T22:16:36.8409850Z ##[error]src/__tests__/lib-workforce-missed-finish-case-materializer.test.ts(118,31): error TS2558: Expected 0 type arguments, but got 1.
2026-10-07T22:16:36.8412011Z ##[error]src/__tests__/lib-workforce-no-show-case-materializer.test.ts(137,31): error TS2558: Expected 0 type arguments, but got 1.
2026-10-07T22:16:36.8413088Z ##[error]src/__tests__/lib-workforce-play-integrity.test.ts(41,23): error TS2737: BigInt literals are not available when targeting lower than ES2020.
2026-10-07T22:16:36.8415678Z ##[error]src/__tests__/mocks/mtm-prisma.ts(482,73): error TS2737: BigInt literals are not available when targeting lower than ES2020.
2026-10-07T22:16:36.8416677Z ##[error]src/__tests__/mocks/mtm-prisma.ts(483,72): error TS2737: BigInt literals are not available when targeting lower than ES2020.
2026-10-07T22:16:36.8420049Z ##[error]src/__tests__/mtm-contact-category-settings.test.ts(145,17): error TS2352: Conversion of type '{ id: string; retiredAt: null; sourceReference: null; }' to type 'DictionaryRow' may be a mistake because neither type sufficiently overlaps with the other. If this was intentional, convert the expression to 'unknown' first.
2026-10-07T22:16:36.8421245Z   Type '{ id: string; retiredAt: null; sourceReference: null; }' is missing the following properties from type '{ id: string; status: string; version: number; }': status, version
2026-10-07T22:16:36.8423765Z ##[error]src/__tests__/mtm-module-navigation.test.ts(54,47): error TS2322: Type 'readonly [{ readonly href: "/mtm/tasks"; readonly icon: ForwardRefExoticComponent<Omit<LucideProps, "ref"> & RefAttributes<SVGSVGElement>>; readonly navKey: "mtmTasks"; }, { ...; }] | readonly [...] | readonly [...] | readonly [...] | readonly [...]' is not assignable to type '{ readonly href: "/mtm/tasks"; readonly icon: ForwardRefExoticComponent<Omit<LucideProps, "ref"> & RefAttributes<SVGSVGElement>>; readonly navKey: "mtmTasks"; } | { ...; } | readonly ({ ...; } | { ...; })[]'.
2026-10-07T22:16:36.8426148Z   Type 'readonly [{ readonly href: "/mtm/customers"; readonly icon: ForwardRefExoticComponent<Omit<LucideProps, "ref"> & RefAttributes<SVGSVGElement>>; readonly navKey: "mtmCustomers"; }, { ...; }, { ...; }, { ...; }]' is not assignable to type '{ readonly href: "/mtm/tasks"; readonly icon: ForwardRefExoticComponent<Omit<LucideProps, "ref"> & RefAttributes<SVGSVGElement>>; readonly navKey: "mtmTasks"; } | { ...; } | readonly ({ ...; } | { ...; })[]'.
2026-10-07T22:16:36.8427792Z     Type 'readonly [{ readonly href: "/mtm/customers"; readonly icon: ForwardRefExoticComponent<Omit<LucideProps, "ref"> & RefAttributes<SVGSVGElement>>; readonly navKey: "mtmCustomers"; }, { ...; }, { ...; }, { ...; }]' is not assignable to type 'readonly ({ readonly href: "/mtm/tasks"; readonly icon: ForwardRefExoticComponent<Omit<LucideProps, "ref"> & RefAttributes<SVGSVGElement>>; readonly navKey: "mtmTasks"; } | { ...; })[]'.
2026-10-07T22:16:36.8429461Z       Type '{ readonly href: "/mtm/customers"; readonly icon: ForwardRefExoticComponent<Omit<LucideProps, "ref"> & RefAttributes<SVGSVGElement>>; readonly navKey: "mtmCustomers"; } | { ...; } | { ...; } | { ...; }' is not assignable to type '{ readonly href: "/mtm/tasks"; readonly icon: ForwardRefExoticComponent<Omit<LucideProps, "ref"> & RefAttributes<SVGSVGElement>>; readonly navKey: "mtmTasks"; } | { ...; }'.
2026-10-07T22:16:36.8430973Z         Type '{ readonly href: "/mtm/customers"; readonly icon: ForwardRefExoticComponent<Omit<LucideProps, "ref"> & RefAttributes<SVGSVGElement>>; readonly navKey: "mtmCustomers"; }' is not assignable to type '{ readonly href: "/mtm/tasks"; readonly icon: ForwardRefExoticComponent<Omit<LucideProps, "ref"> & RefAttributes<SVGSVGElement>>; readonly navKey: "mtmTasks"; } | { ...; }'.
2026-10-07T22:16:36.8432633Z           Property 'orgSetting' is missing in type '{ readonly href: "/mtm/customers"; readonly icon: ForwardRefExoticComponent<Omit<LucideProps, "ref"> & RefAttributes<SVGSVGElement>>; readonly navKey: "mtmCustomers"; }' but required in type '{ readonly href: "/mtm/promotions"; readonly icon: ForwardRefExoticComponent<Omit<LucideProps, "ref"> & RefAttributes<SVGSVGElement>>; readonly navKey: "mtmPromotions"; readonly orgSetting: "pharmacyPromotionsEnabled"; }'.
2026-10-07T22:16:36.8433927Z ##[error]src/__tests__/mtm-offline-outbox.test.ts(431,70): error TS2769: No overload matches this call.
2026-10-07T22:16:36.8434618Z   Overload 1 of 2, '(predicate: (value: any[], index: number, array: any[][]) => value is any[], thisArg?: any): any[][]', gave the following error.
2026-10-07T22:16:36.8435584Z     Argument of type '([args]: [{ where: { key: string; }; }]) => boolean' is not assignable to parameter of type '(value: any[], index: number, array: any[][]) => value is any[]'.
2026-10-07T22:16:36.8436001Z       Types of parameters '__0' and 'value' are incompatible.
2026-10-07T22:16:36.8436275Z         Type 'any[]' is not assignable to type '[{ where: { key: string; }; }]'.
2026-10-07T22:16:36.8436611Z           Target requires 1 element(s) but source may have fewer.
2026-10-07T22:16:36.8437033Z   Overload 2 of 2, '(predicate: (value: any[], index: number, array: any[][]) => unknown, thisArg?: any): any[][]', gave the following error.
2026-10-07T22:16:36.8437566Z     Argument of type '([args]: [{ where: { key: string; }; }]) => boolean' is not assignable to parameter of type '(value: any[], index: number, array: any[][]) => unknown'.
2026-10-07T22:16:36.8438070Z       Types of parameters '__0' and 'value' are incompatible.
2026-10-07T22:16:36.8438335Z         Type 'any[]' is not assignable to type '[{ where: { key: string; }; }]'.
2026-10-07T22:16:36.8438592Z           Target requires 1 element(s) but source may have fewer.
2026-10-07T22:16:36.8439152Z ##[error]src/__tests__/mtm-settings-safe-save.test.ts(51,62): error TS7006: Parameter 'call' implicitly has an 'any' type.
2026-10-07T22:16:36.8440077Z ##[error]src/__tests__/mtm-settings-safe-save.test.ts(102,11): error TS7006: Parameter 'call' implicitly has an 'any' type.
2026-10-07T22:16:36.8441027Z ##[error]src/__tests__/mtm-settings-safe-save.test.ts(103,12): error TS7006: Parameter 'call' implicitly has an 'any' type.
2026-10-07T22:16:36.8441860Z ##[error]src/__tests__/portal-ticket-detail-api.test.ts(52,60): error TS7006: Parameter 'work' implicitly has an 'any' type.
2026-10-07T22:16:36.8442922Z ##[error]src/__tests__/social-monitoring-profile-provider-resume-ui.test.ts(353,42): error TS2493: Tuple type '[]' of length '0' has no element at index '0'.
2026-10-07T22:16:36.8444397Z ##[error]src/__tests__/softphone-end-to-end.test.ts(20,27): error TS7016: Could not find a declaration file for module 'ws'. '/home/runner/work/leaddrive-v2/leaddrive-v2/node_modules/ws/wrapper.mjs' implicitly has an 'any' type.
2026-10-07T22:16:36.8445563Z   Try `npm i --save-dev @types/ws` if it exists or add a new declaration (.d.ts) file containing `declare module 'ws';`
2026-10-07T22:16:36.8446261Z ##[error]src/__tests__/softphone-end-to-end.test.ts(169,40): error TS2322: Type 'Promise<boolean>' is not assignable to type 'boolean'.
2026-10-07T22:16:36.8447209Z ##[error]src/__tests__/softphone-end-to-end.test.ts(201,28): error TS7006: Parameter 'data' implicitly has an 'any' type.
2026-10-07T22:16:36.8447986Z ##[error]src/__tests__/softphone-end-to-end.test.ts(255,28): error TS7006: Parameter 'code' implicitly has an 'any' type.
2026-10-07T22:16:36.8448886Z ##[error]src/__tests__/softphone-end-to-end.test.ts(281,28): error TS7006: Parameter 'data' implicitly has an 'any' type.
2026-10-07T22:16:36.8449687Z ##[error]src/__tests__/softphone-end-to-end.test.ts(322,29): error TS7006: Parameter 'value' implicitly has an 'any' type.
2026-10-07T22:16:36.8451197Z ##[error]src/__tests__/softphone-relay-pairing.test.ts(12,13): error TS2540: Cannot assign to 'NODE_ENV' because it is a read-only property.
2026-10-07T22:16:36.8454049Z ##[error]src/__tests__/support-ux-page-shell-contract.test.ts(52,9): error TS2769: No overload matches this call.
2026-10-07T22:16:36.8454599Z   The last overload gave the following error.
2026-10-07T22:16:36.8454968Z     Object literal may only specify known properties, and '"data-testid"' does not exist in type 'Attributes & SupportPageShellProps'.
2026-10-07T22:16:36.8456014Z ##[error]src/__tests__/support-ux-page-shell-contract.test.ts(72,7): error TS2769: No overload matches this call.
2026-10-07T22:16:36.8456548Z   The last overload gave the following error.
2026-10-07T22:16:36.8457049Z     Argument of type '{ title: string; description: DetailedReactHTMLElement<HTMLAttributes<HTMLElement>, HTMLElement>; }' is not assignable to parameter of type 'Attributes & SupportPageShellProps'.
2026-10-07T22:16:36.8458044Z       Property 'children' is missing in type '{ title: string; description: DetailedReactHTMLElement<HTMLAttributes<HTMLElement>, HTMLElement>; }' but required in type 'SupportPageShellProps'.
2026-10-07T22:16:36.8458774Z ##[error]src/__tests__/support-ux-page-shell-contract.test.ts(86,7): error TS2769: No overload matches this call.
2026-10-07T22:16:36.8459667Z   The last overload gave the following error.
2026-10-07T22:16:36.8460845Z     Argument of type '{ title: string; utilities: ReactElement<{ type: string; }, string | JSXElementConstructor<any>>; actions: ReactElement<{ type: string; }, string | JSXElementConstructor<any>>; width: "wide"; }' is not assignable to parameter of type 'Attributes & SupportPageShellProps'.
2026-10-07T22:16:36.8461968Z       Property 'children' is missing in type '{ title: string; utilities: ReactElement<{ type: string; }, string | JSXElementConstructor<any>>; actions: ReactElement<{ type: string; }, string | JSXElementConstructor<any>>; width: "wide"; }' but required in type 'SupportPageShellProps'.
2026-10-07T22:16:36.8467664Z ##[error]src/__tests__/voice-agent-callback-enabled.test.ts(16,46): error TS2741: Property 'NODE_ENV' is missing in type '{}' but required in type 'ProcessEnv'.
2026-10-07T22:16:36.8468858Z ##[error]src/__tests__/voice-agent-callback-enabled.test.ts(21,41): error TS2741: Property 'NODE_ENV' is missing in type '{}' but required in type 'ProcessEnv'.
2026-10-07T22:16:36.8469833Z ##[error]src/__tests__/voice-agent-callback-enabled.test.ts(31,76): error TS2741: Property 'NODE_ENV' is missing in type '{}' but required in type 'ProcessEnv'.
2026-10-07T22:16:36.8470981Z ##[error]src/__tests__/voice-agent-callback-enabled.test.ts(39,43): error TS2741: Property 'NODE_ENV' is missing in type '{}' but required in type 'ProcessEnv'.
2026-10-07T22:16:36.8472267Z ##[error]src/__tests__/voice-agent-callback-enabled.test.ts(48,7): error TS2741: Property 'NODE_ENV' is missing in type '{ VOICE_AUTOMATIC_CALLBACK_DISABLED: string; }' but required in type 'ProcessEnv'.
2026-10-07T22:16:36.8473604Z ##[error]src/__tests__/voice-agent-callback-enabled.test.ts(58,9): error TS2741: Property 'NODE_ENV' is missing in type '{ VOICE_AUTOMATIC_CALLBACK_DISABLED: string; }' but required in type 'ProcessEnv'.
2026-10-07T22:16:36.8475113Z ##[error]src/__tests__/voice-agent-callback-enabled.test.ts(67,9): error TS2741: Property 'NODE_ENV' is missing in type '{ VOICE_AUTOMATIC_CALLBACK_DISABLED: string; }' but required in type 'ProcessEnv'.
2026-10-07T22:16:36.8476474Z ##[error]src/__tests__/voice-agent-callback-enabled.test.ts(77,7): error TS2741: Property 'NODE_ENV' is missing in type '{ VOICE_AUTOMATIC_CALLBACK_DISABLED: string; }' but required in type 'ProcessEnv'.
2026-10-07T22:16:36.8477497Z ##[error]src/__tests__/workforce-calendar-configuration.test.ts(930,47): error TS7006: Parameter 'call' implicitly has an 'any' type.
2026-10-07T22:16:36.8478504Z ##[error]src/__tests__/workforce-configuration-management.test.ts(182,30): error TS2558: Expected 0 type arguments, but got 1.
2026-10-07T22:16:36.8479428Z ##[error]src/__tests__/workforce-configuration-management.test.ts(256,31): error TS2558: Expected 0 type arguments, but got 1.
2026-10-07T22:16:36.8480229Z ##[error]src/__tests__/workforce-configuration-management.test.ts(288,31): error TS2558: Expected 0 type arguments, but got 1.
2026-10-07T22:16:36.8481140Z ##[error]src/__tests__/workforce-configuration-management.test.ts(486,30): error TS2558: Expected 0 type arguments, but got 1.
2026-10-07T22:16:36.8481927Z ##[error]src/__tests__/workforce-configuration-management.test.ts(500,30): error TS2558: Expected 0 type arguments, but got 1.
2026-10-07T22:16:36.8482850Z ##[error]src/__tests__/workforce-configuration-management.test.ts(564,30): error TS2558: Expected 0 type arguments, but got 1.
2026-10-07T22:16:36.8483735Z ##[error]src/__tests__/workforce-configuration-management.test.ts(644,31): error TS2558: Expected 0 type arguments, but got 1.
2026-10-07T22:16:36.8484583Z ##[error]src/__tests__/workforce-configuration-management.test.ts(722,31): error TS2558: Expected 0 type arguments, but got 1.
2026-10-07T22:16:36.8485648Z ##[error]src/__tests__/workforce-configuration-management.test.ts(790,31): error TS2558: Expected 0 type arguments, but got 1.
2026-10-07T22:16:36.8486444Z ##[error]src/__tests__/workforce-configuration-management.test.ts(907,31): error TS2558: Expected 0 type arguments, but got 1.
2026-10-07T22:16:36.8487372Z ##[error]src/__tests__/workforce-configuration-management.test.ts(1029,31): error TS2558: Expected 0 type arguments, but got 1.
2026-10-07T22:16:36.8488291Z ##[error]src/__tests__/workforce-configuration-management.test.ts(1149,31): error TS2558: Expected 0 type arguments, but got 1.
2026-10-07T22:16:36.8489094Z ##[error]src/__tests__/workforce-configuration-management.test.ts(1162,31): error TS2558: Expected 0 type arguments, but got 1.
2026-10-07T22:16:36.8490012Z ##[error]src/__tests__/workforce-configuration-management.test.ts(1177,31): error TS2558: Expected 0 type arguments, but got 1.
2026-10-07T22:16:36.8490850Z ##[error]src/__tests__/workforce-employment-history.test.ts(134,31): error TS2558: Expected 0 type arguments, but got 1.
2026-10-07T22:16:36.8491777Z ##[error]src/__tests__/workforce-employment-history.test.ts(147,31): error TS2558: Expected 0 type arguments, but got 1.
2026-10-07T22:16:36.8492580Z ##[error]src/__tests__/workforce-site-management.test.ts(174,31): error TS2558: Expected 0 type arguments, but got 1.
2026-10-07T22:16:36.8493554Z ##[error]src/__tests__/workforce-site-management.test.ts(277,31): error TS2558: Expected 0 type arguments, but got 1.
2026-10-07T22:16:36.8494299Z ##[error]src/__tests__/workforce-site-management.test.ts(537,31): error TS2558: Expected 0 type arguments, but got 1.
2026-10-07T22:16:36.8495254Z ##[error]src/__tests__/workforce-site-management.test.ts(566,31): error TS2558: Expected 0 type arguments, but got 1.
2026-10-07T22:16:36.8496198Z ##[error]src/__tests__/workforce-site-transition-facts.test.ts(181,31): error TS2558: Expected 0 type arguments, but got 1.
2026-10-07T22:16:36.8496995Z ##[error]src/__tests__/workforce-site-transition-facts.test.ts(192,31): error TS2558: Expected 0 type arguments, but got 1.
2026-10-07T22:16:36.8498009Z ##[error]src/__tests__/workforce-site-transition-facts.test.ts(211,31): error TS2558: Expected 0 type arguments, but got 1.
2026-10-07T22:16:36.8498930Z ##[error]src/__tests__/workforce-site-transition-facts.test.ts(428,31): error TS2558: Expected 0 type arguments, but got 1.
2026-10-07T22:16:36.8499798Z ##[error]src/__tests__/workforce-workday-reopen-undo.test.ts(219,59): error TS7006: Parameter 'call' implicitly has an 'any' type.
2026-10-07T22:16:36.8500759Z ##[error]src/__tests__/workforce-workday-reopen-undo.test.ts(233,24): error TS7006: Parameter 'call' implicitly has an 'any' type.
2026-10-07T22:16:36.8501566Z ##[error]src/__tests__/workforce-workday-reopen-undo.test.ts(234,24): error TS7006: Parameter 'call' implicitly has an 'any' type.
2026-10-07T22:16:36.8502557Z ##[error]src/__tests__/workforce-workday-reopen.test.ts(137,62): error TS7006: Parameter 'call' implicitly has an 'any' type.
2026-10-07T22:16:36.8503501Z ##[error]src/__tests__/workforce-workday-reopen.test.ts(296,59): error TS7006: Parameter 'call' implicitly has an 'any' type.
2026-10-07T22:16:36.8514978Z ##[error]src/app/(dashboard)/boards/[divisionId]/page.tsx(531,28): error TS18047: 'over' is possibly 'null'.
2026-10-07T22:16:36.8515943Z ##[error]src/app/(dashboard)/boards/[divisionId]/page.tsx(531,44): error TS18047: 'over' is possibly 'null'.
2026-10-07T22:16:36.8519325Z ##[error]src/app/(dashboard)/complaints/import/page.tsx(109,83): error TS2769: No overload matches this call.
2026-10-07T22:16:36.8520108Z   Overload 1 of 2, '(input: string | URL | Request, init?: RequestInit | undefined): Promise<Response>', gave the following error.
2026-10-07T22:16:36.8520584Z     Type '{ "x-organization-id": string; } | { "x-organization-id"?: undefined; }' is not assignable to type 'HeadersInit | undefined'.
2026-10-07T22:16:36.8521005Z       Type '{ "x-organization-id"?: undefined; }' is not assignable to type 'HeadersInit | undefined'.
2026-10-07T22:16:36.8521641Z         Type '{ "x-organization-id"?: undefined; }' is not assignable to type 'Record<string, string>'.
2026-10-07T22:16:36.8521968Z           Property '"x-organization-id"' is incompatible with index signature.
2026-10-07T22:16:36.8522241Z             Type 'undefined' is not assignable to type 'string'.
2026-10-07T22:16:36.8522599Z   Overload 2 of 2, '(input: URL | RequestInfo, init?: RequestInit | undefined): Promise<Response>', gave the following error.
2026-10-07T22:16:36.8523177Z     Type '{ "x-organization-id": string; } | { "x-organization-id"?: undefined; }' is not assignable to type 'HeadersInit | undefined'.
2026-10-07T22:16:36.8523584Z       Type '{ "x-organization-id"?: undefined; }' is not assignable to type 'HeadersInit | undefined'.
2026-10-07T22:16:36.8523939Z         Type '{ "x-organization-id"?: undefined; }' is not assignable to type 'Record<string, string>'.
2026-10-07T22:16:36.8524366Z           Property '"x-organization-id"' is incompatible with index signature.
2026-10-07T22:16:36.8524647Z             Type 'undefined' is not assignable to type 'string'.
2026-10-07T22:16:36.8525160Z ##[error]src/app/(dashboard)/complaints/import/page.tsx(126,83): error TS2769: No overload matches this call.
2026-10-07T22:16:36.8525947Z   Overload 1 of 2, '(input: string | URL | Request, init?: RequestInit | undefined): Promise<Response>', gave the following error.
2026-10-07T22:16:36.8526417Z     Type '{ "x-organization-id": string; } | { "x-organization-id"?: undefined; }' is not assignable to type 'HeadersInit | undefined'.
2026-10-07T22:16:36.8526825Z       Type '{ "x-organization-id"?: undefined; }' is not assignable to type 'HeadersInit | undefined'.
2026-10-07T22:16:36.8527248Z         Type '{ "x-organization-id"?: undefined; }' is not assignable to type 'Record<string, string>'.
2026-10-07T22:16:36.8527636Z           Property '"x-organization-id"' is incompatible with index signature.
2026-10-07T22:16:36.8527894Z             Type 'undefined' is not assignable to type 'string'.
2026-10-07T22:16:36.8528349Z   Overload 2 of 2, '(input: URL | RequestInfo, init?: RequestInit | undefined): Promise<Response>', gave the following error.
2026-10-07T22:16:36.8528935Z     Type '{ "x-organization-id": string; } | { "x-organization-id"?: undefined; }' is not assignable to type 'HeadersInit | undefined'.
2026-10-07T22:16:36.8529337Z       Type '{ "x-organization-id"?: undefined; }' is not assignable to type 'HeadersInit | undefined'.
2026-10-07T22:16:36.8529692Z         Type '{ "x-organization-id"?: undefined; }' is not assignable to type 'Record<string, string>'.
2026-10-07T22:16:36.8530007Z           Property '"x-organization-id"' is incompatible with index signature.
2026-10-07T22:16:36.8530380Z             Type 'undefined' is not assignable to type 'string'.
2026-10-07T22:16:36.8534288Z ##[error]src/app/(dashboard)/mtm/tasks/page.tsx(189,9): error TS2739: Type '{ agents: any; teams: any; }' is missing the following properties from type '{ agents: TaskAgentOption[]; teams: TeamOption[]; taskGroups: TaskGroupOption[]; taskGroupCatalogAvailable: boolean; }': taskGroups, taskGroupCatalogAvailable
2026-10-07T22:16:36.8540372Z ##[error]src/app/admin/demo-requests/[id]/page.tsx(46,60): error TS7006: Parameter 'event' implicitly has an 'any' type.
2026-10-07T22:16:36.8541280Z ##[error]src/app/admin/demo-requests/[id]/page.tsx(82,54): error TS7006: Parameter 'grant' implicitly has an 'any' type.
2026-10-07T22:16:36.8542037Z ##[error]src/app/admin/demo-requests/[id]/page.tsx(89,46): error TS7006: Parameter 'grant' implicitly has an 'any' type.
2026-10-07T22:16:36.8542920Z ##[error]src/app/admin/demo-requests/[id]/page.tsx(95,63): error TS7006: Parameter 'row' implicitly has an 'any' type.
2026-10-07T22:16:36.8543676Z ##[error]src/app/admin/demo-requests/[id]/page.tsx(160,39): error TS7006: Parameter 'grant' implicitly has an 'any' type.
2026-10-07T22:16:36.8544626Z ##[error]src/app/admin/demo-requests/[id]/page.tsx(218,37): error TS7031: Binding element 'grant' implicitly has an 'any' type.
2026-10-07T22:16:36.8545817Z ##[error]src/app/admin/demo-requests/[id]/page.tsx(218,44): error TS7031: Binding element 'sections' implicitly has an 'any' type.
2026-10-07T22:16:36.8546646Z ##[error]src/app/admin/demo-requests/[id]/page.tsx(218,54): error TS7031: Binding element 'summary' implicitly has an 'any' type.
2026-10-07T22:16:36.8547456Z ##[error]src/app/admin/demo-requests/[id]/page.tsx(243,33): error TS7006: Parameter 'slug' implicitly has an 'any' type.
2026-10-07T22:16:36.8548340Z ##[error]src/app/admin/demo-requests/page.tsx(92,28): error TS7006: Parameter 'request' implicitly has an 'any' type.
2026-10-07T22:16:36.8556992Z ##[error]src/app/api/cron/commitment-escalation/route.ts(147,59): error TS7006: Parameter 'manager' implicitly has an 'any' type.
2026-10-07T22:16:36.8557808Z ##[error]src/app/api/cron/commitment-escalation/route.ts(217,54): error TS7006: Parameter 'tx' implicitly has an 'any' type.
2026-10-07T22:16:36.8560570Z ##[error]src/app/api/cron/mtm-cleanup/route.ts(23,91): error TS7006: Parameter 'row' implicitly has an 'any' type.
2026-10-07T22:16:36.8672030Z ##[error]src/app/api/cron/mtm-cleanup/route.ts(32,95): error TS7006: Parameter 'row' implicitly has an 'any' type.
2026-10-07T22:16:36.8673251Z ##[error]src/app/api/cron/mtm-cleanup/route.ts(45,80): error TS7006: Parameter 'row' implicitly has an 'any' type.
2026-10-07T22:16:36.8675869Z ##[error]src/app/api/cron/retention-purge/route.ts(42,59): error TS7006: Parameter 'tx' implicitly has an 'any' type.
2026-10-07T22:16:36.8676680Z ##[error]src/app/api/cron/retention-purge/route.ts(52,64): error TS7006: Parameter 'tx' implicitly has an 'any' type.
2026-10-07T22:16:36.8678786Z ##[error]src/app/api/cron/social-poll/route.ts(27,70): error TS7006: Parameter 'row' implicitly has an 'any' type.
2026-10-07T22:16:36.8679552Z ##[error]src/app/api/cron/social-poll/route.ts(30,17): error TS7006: Parameter 'row' implicitly has an 'any' type.
2026-10-07T22:16:36.8680398Z ##[error]src/app/api/cron/social-poll/route.ts(31,14): error TS7006: Parameter 'row' implicitly has an 'any' type.
2026-10-07T22:16:36.8681951Z ##[error]src/app/api/cron/social-poll/route.ts(44,9): error TS2345: Argument of type 'unknown' is not assignable to parameter of type 'string'.
2026-10-07T22:16:36.8683177Z ##[error]src/app/api/cron/social-poll/route.ts(47,28): error TS2345: Argument of type 'unknown' is not assignable to parameter of type 'string | undefined'.
2026-10-07T22:16:36.8684143Z ##[error]src/app/api/cron/social-poll/route.ts(48,27): error TS2345: Argument of type 'unknown' is not assignable to parameter of type 'string | undefined'.
2026-10-07T22:16:36.8685392Z ##[error]src/app/api/cron/social-poll/route.ts(49,28): error TS2345: Argument of type 'unknown' is not assignable to parameter of type 'string | undefined'.
2026-10-07T22:16:36.8686515Z ##[error]src/app/api/cron/social-poll/route.ts(50,23): error TS2345: Argument of type 'unknown' is not assignable to parameter of type 'string | undefined'.
2026-10-07T22:16:36.8687487Z ##[error]src/app/api/cron/social-poll/route.ts(52,36): error TS2345: Argument of type 'unknown' is not assignable to parameter of type 'string'.
2026-10-07T22:16:36.8688794Z ##[error]src/app/api/cron/social-poll/route.ts(59,35): error TS2345: Argument of type 'unknown' is not assignable to parameter of type 'string'.
2026-10-07T22:16:36.8691164Z ##[error]src/app/api/cron/social-web-news/route.ts(99,59): error TS7006: Parameter 'subject' implicitly has an 'any' type.
2026-10-07T22:16:36.8692442Z ##[error]src/app/api/cron/social-web-news/route.ts(184,46): error TS7006: Parameter 'source' implicitly has an 'any' type.
2026-10-07T22:16:36.8693355Z ##[error]src/app/api/cron/social-web-news/route.ts(233,41): error TS7006: Parameter 'link' implicitly has an 'any' type.
2026-10-07T22:16:36.8694326Z ##[error]src/app/api/cron/social-web-news/route.ts(234,49): error TS7031: Binding element 'scenarioId' implicitly has an 'any' type.
2026-10-07T22:16:36.8695376Z ##[error]src/app/api/cron/social-web-news/route.ts(234,61): error TS7031: Binding element 'kind' implicitly has an 'any' type.
2026-10-07T22:16:36.8696460Z ##[error]src/app/api/cron/social-web-news/route.ts(238,67): error TS7006: Parameter 'route' implicitly has an 'any' type.
2026-10-07T22:16:36.8697288Z ##[error]src/app/api/cron/social-web-news/route.ts(240,35): error TS7031: Binding element 'scenarioId' implicitly has an 'any' type.
2026-10-07T22:16:36.8698254Z ##[error]src/app/api/cron/social-web-news/route.ts(240,47): error TS7031: Binding element 'kind' implicitly has an 'any' type.
2026-10-07T22:16:36.8699191Z ##[error]src/app/api/cron/social-web-news/route.ts(245,11): error TS2322: Type 'unknown[]' is not assignable to type 'string[]'.
2026-10-07T22:16:36.8699773Z   Type 'unknown' is not assignable to type 'string'.
2026-10-07T22:16:36.8705815Z ##[error]src/app/api/internal/voice-agent/maintenance-attestation/route.ts(130,86): error TS7006: Parameter 'tx' implicitly has an 'any' type.
2026-10-07T22:16:36.8706893Z ##[error]src/app/api/internal/voice-agent/maintenance-attestation/route.ts(133,27): error TS2347: Untyped function calls may not accept type arguments.
2026-10-07T22:16:36.8725395Z ##[error]src/app/api/v1/admin/demo-grants/[id]/revoke/route.ts(20,75): error TS7006: Parameter 'tx' implicitly has an 'any' type.
2026-10-07T22:16:36.8730646Z ##[error]src/app/api/v1/admin/demo-requests/[id]/reject/route.ts(17,74): error TS7006: Parameter 'tx' implicitly has an 'any' type.
2026-10-07T22:16:36.8731491Z ##[error]src/app/api/v1/admin/demo-requests/[id]/reject/route.ts(37,40): error TS7006: Parameter 'grant' implicitly has an 'any' type.
2026-10-07T22:16:36.8732476Z ##[error]src/app/api/v1/admin/demo-requests/[id]/reject/route.ts(49,27): error TS7006: Parameter 'grant' implicitly has an 'any' type.
2026-10-07T22:16:36.8736543Z ##[error]src/app/api/v1/admin/tenants/[id]/route.ts(225,55): error TS7006: Parameter 'user' implicitly has an 'any' type.
2026-10-07T22:16:36.8741034Z ##[error]src/app/api/v1/api-keys/[id]/route.ts(38,36): error TS7006: Parameter 'tx' implicitly has an 'any' type.
2026-10-07T22:16:36.8742045Z ##[error]src/app/api/v1/api-keys/[id]/route.ts(82,52): error TS7006: Parameter 'tx' implicitly has an 'any' type.
2026-10-07T22:16:36.8744200Z ##[error]src/app/api/v1/audit-log/route.ts(88,17): error TS7006: Parameter 'log' implicitly has an 'any' type.
2026-10-07T22:16:36.8745196Z ##[error]src/app/api/v1/audit-log/route.ts(88,45): error TS7006: Parameter 'id' implicitly has an 'any' type.
2026-10-07T22:16:36.8745995Z ##[error]src/app/api/v1/audit-log/route.ts(96,44): error TS7006: Parameter 'actor' implicitly has an 'any' type.
2026-10-07T22:16:36.8746811Z ##[error]src/app/api/v1/audit-log/route.ts(97,38): error TS7006: Parameter 'log' implicitly has an 'any' type.
2026-10-07T22:16:36.8747537Z ##[error]src/app/api/v1/audit-log/route.ts(101,27): error TS2339: Property 'name' does not exist on type '{}'.
2026-10-07T22:16:36.8748400Z ##[error]src/app/api/v1/audit-log/route.ts(102,28): error TS2339: Property 'email' does not exist on type '{}'.
2026-10-07T22:16:36.8753809Z ##[error]src/app/api/v1/calls/[id]/disposition/route.ts(63,53): error TS7006: Parameter 'tx' implicitly has an 'any' type.
2026-10-07T22:16:36.8756064Z ##[error]src/app/api/v1/complaints/route.ts(95,50): error TS7006: Parameter 'ticket' implicitly has an 'any' type.
2026-10-07T22:16:36.8756811Z ##[error]src/app/api/v1/complaints/route.ts(95,88): error TS7006: Parameter 'id' implicitly has an 'any' type.
2026-10-07T22:16:36.8757678Z ##[error]src/app/api/v1/complaints/route.ts(102,50): error TS7006: Parameter 'user' implicitly has an 'any' type.
2026-10-07T22:16:36.8758421Z ##[error]src/app/api/v1/complaints/route.ts(103,37): error TS7006: Parameter 'ticket' implicitly has an 'any' type.
2026-10-07T22:16:36.8760720Z ##[error]src/app/api/v1/deal-velocity/route.ts(108,25): error TS7006: Parameter 'deal' implicitly has an 'any' type.
2026-10-07T22:16:36.8761471Z ##[error]src/app/api/v1/deal-velocity/route.ts(108,59): error TS7006: Parameter 'id' implicitly has an 'any' type.
2026-10-07T22:16:36.8762458Z ##[error]src/app/api/v1/deal-velocity/route.ts(116,47): error TS7006: Parameter 'owner' implicitly has an 'any' type.
2026-10-07T22:16:36.8763414Z ##[error]src/app/api/v1/deal-velocity/route.ts(117,48): error TS7006: Parameter 'deal' implicitly has an 'any' type.
2026-10-07T22:16:36.8764153Z ##[error]src/app/api/v1/deal-velocity/route.ts(162,22): error TS2339: Property 'id' does not exist on type '{}'.
2026-10-07T22:16:36.8765022Z ##[error]src/app/api/v1/deal-velocity/route.ts(163,24): error TS2339: Property 'name' does not exist on type '{}'.
2026-10-07T22:16:36.8765855Z ##[error]src/app/api/v1/deal-velocity/route.ts(164,29): error TS2339: Property 'assignedTo' does not exist on type '{}'.
2026-10-07T22:16:36.8766823Z ##[error]src/app/api/v1/deal-velocity/route.ts(164,65): error TS2339: Property 'assignedTo' does not exist on type '{}'.
2026-10-07T22:16:36.8767596Z ##[error]src/app/api/v1/deal-velocity/route.ts(165,38): error TS2339: Property 'valueAmount' does not exist on type '{}'.
2026-10-07T22:16:36.8768527Z ##[error]src/app/api/v1/deal-velocity/route.ts(166,28): error TS2339: Property 'currency' does not exist on type '{}'.
2026-10-07T22:16:36.8769282Z ##[error]src/app/api/v1/deal-velocity/route.ts(167,32): error TS2339: Property 'stage' does not exist on type '{}'.
2026-10-07T22:16:36.8774982Z ##[error]src/app/api/v1/inbox/analytics/handoff/route.ts(165,27): error TS7006: Parameter 'row' implicitly has an 'any' type.
2026-10-07T22:16:36.8775991Z ##[error]src/app/api/v1/inbox/analytics/handoff/route.ts(166,26): error TS7006: Parameter 'row' implicitly has an 'any' type.
2026-10-07T22:16:36.8793977Z ##[error]src/app/api/v1/inbox/conversations/[id]/convert-to-lead/route.ts(113,17): error TS18049: 'username' is possibly 'null' or 'undefined'.
2026-10-07T22:16:36.8798107Z ##[error]src/app/api/v1/inbox/conversations/[id]/delivery-reconciliation/route.ts(46,51): error TS7006: Parameter 'tx' implicitly has an 'any' type.
2026-10-07T22:16:36.8799346Z ##[error]src/app/api/v1/inbox/route.ts(315,62): error TS7006: Parameter 'lead' implicitly has an 'any' type.
2026-10-07T22:16:36.8802199Z ##[error]src/app/api/v1/inbox/route.ts(315,96): error TS7006: Parameter 'id' implicitly has an 'any' type.
2026-10-07T22:16:36.8804177Z ##[error]src/app/api/v1/inbox/route.ts(322,63): error TS7006: Parameter 'user' implicitly has an 'any' type.
2026-10-07T22:16:36.8806014Z ##[error]src/app/api/v1/inbox/route.ts(323,55): error TS7006: Parameter 'lead' implicitly has an 'any' type.
2026-10-07T22:16:36.8809684Z ##[error]src/app/api/v1/inbox/route.ts(748,20): error TS7006: Parameter 'row' implicitly has an 'any' type.
2026-10-07T22:16:36.8821561Z ##[error]src/app/api/v1/invoices/[id]/payments/[paymentId]/route.ts(13,54): error TS7006: Parameter 'tx' implicitly has an 'any' type.
2026-10-07T22:16:36.8822728Z ##[error]src/app/api/v1/invoices/[id]/payments/route.ts(57,54): error TS7006: Parameter 'tx' implicitly has an 'any' type.
2026-10-07T22:16:36.8837735Z ##[error]src/app/api/v1/journeys/[id]/route.ts(111,57): error TS7006: Parameter 'tx' implicitly has an 'any' type.
2026-10-07T22:16:36.8843947Z ##[error]src/app/api/v1/journeys/enrollments/[id]/route.ts(89,42): error TS7006: Parameter 'tx' implicitly has an 'any' type.
2026-10-07T22:16:36.8847695Z ##[error]src/app/api/v1/kb-categories/[id]/route.ts(8,52): error TS7006: Parameter 'tx' implicitly has an 'any' type.
2026-10-07T22:16:36.8848608Z ##[error]src/app/api/v1/kb-categories/[id]/route.ts(38,41): error TS7006: Parameter 'article' implicitly has an 'any' type.
2026-10-07T22:16:36.8849395Z ##[error]src/app/api/v1/kb-categories/[id]/route.ts(39,46): error TS7006: Parameter 'category' implicitly has an 'any' type.
2026-10-07T22:16:36.8850289Z ##[error]src/app/api/v1/kb-categories/route.ts(47,53): error TS7006: Parameter 'tx' implicitly has an 'any' type.
2026-10-07T22:16:36.8852291Z ##[error]src/app/api/v1/kb/route.ts(76,26): error TS7006: Parameter 'group' implicitly has an 'any' type.
2026-10-07T22:16:36.8853077Z ##[error]src/app/api/v1/kb/route.ts(92,45): error TS7006: Parameter 'group' implicitly has an 'any' type.
2026-10-07T22:16:36.8856971Z ##[error]src/app/api/v1/leads/[id]/route.ts(39,27): error TS2339: Property 'salesCallOutcomes' does not exist on type '{ assignedToName: any; }'.
2026-10-07T22:16:36.8857813Z ##[error]src/app/api/v1/leads/route.ts(48,48): error TS7006: Parameter 'lead' implicitly has an 'any' type.
2026-10-07T22:16:36.8858666Z ##[error]src/app/api/v1/leads/route.ts(48,82): error TS7006: Parameter 'id' implicitly has an 'any' type.
2026-10-07T22:16:36.8859381Z ##[error]src/app/api/v1/leads/route.ts(55,49): error TS7006: Parameter 'user' implicitly has an 'any' type.
2026-10-07T22:16:36.8860229Z ##[error]src/app/api/v1/leads/route.ts(56,38): error TS7006: Parameter 'lead' implicitly has an 'any' type.
2026-10-07T22:16:36.8864437Z ##[error]src/app/api/v1/mtm/agent-period/route.ts(103,36): error TS7006: Parameter 'point' implicitly has an 'any' type.
2026-10-07T22:16:36.8870480Z ##[error]src/app/api/v1/mtm/agents/[id]/route.ts(270,55): error TS7006: Parameter 'tx' implicitly has an 'any' type.
2026-10-07T22:16:36.8872108Z ##[error]src/app/api/v1/mtm/agents/route.ts(202,80): error TS7006: Parameter 'agent' implicitly has an 'any' type.
2026-10-07T22:16:36.8873066Z ##[error]src/app/api/v1/mtm/agents/route.ts(215,42): error TS7006: Parameter 'day' implicitly has an 'any' type.
2026-10-07T22:16:36.8874009Z ##[error]src/app/api/v1/mtm/agents/route.ts(243,38): error TS7006: Parameter 'agent' implicitly has an 'any' type.
2026-10-07T22:16:36.8874959Z ##[error]src/app/api/v1/mtm/agents/route.ts(289,40): error TS7006: Parameter 'agent' implicitly has an 'any' type.
2026-10-07T22:16:36.8877235Z ##[error]src/app/api/v1/mtm/agents/route.ts(310,29): error TS7006: Parameter 'row' implicitly has an 'any' type.
2026-10-07T22:16:36.8883437Z ##[error]src/app/api/v1/mtm/contacts/[id]/route.ts(153,70): error TS7006: Parameter 'dictionary' implicitly has an 'any' type.
2026-10-07T22:16:36.8884762Z ##[error]src/app/api/v1/mtm/contacts/[id]/route.ts(157,68): error TS7006: Parameter 'assignment' implicitly has an 'any' type.
2026-10-07T22:16:36.8888461Z ##[error]src/app/api/v1/mtm/contacts/[id]/route.ts(197,78): error TS7006: Parameter 'assignment' implicitly has an 'any' type.
2026-10-07T22:16:36.8890514Z ##[error]src/app/api/v1/mtm/contacts/[id]/route.ts(201,14): error TS7006: Parameter 'request' implicitly has an 'any' type.
2026-10-07T22:16:36.8893670Z ##[error]src/app/api/v1/mtm/contacts/[id]/route.ts(202,11): error TS7006: Parameter 'request' implicitly has an 'any' type.
2026-10-07T22:16:36.8894678Z ##[error]src/app/api/v1/mtm/contacts/[id]/route.ts(203,14): error TS7006: Parameter 'targetId' implicitly has an 'any' type.
2026-10-07T22:16:36.8895657Z ##[error]src/app/api/v1/mtm/contacts/[id]/route.ts(216,61): error TS7006: Parameter 'target' implicitly has an 'any' type.
2026-10-07T22:16:36.8903009Z ##[error]src/app/api/v1/mtm/contacts/[id]/route.ts(220,49): error TS7006: Parameter 'request' implicitly has an 'any' type.
2026-10-07T22:16:36.8904850Z ##[error]src/app/api/v1/mtm/contacts/[id]/route.ts(256,118): error TS7006: Parameter 'value' implicitly has an 'any' type.
2026-10-07T22:16:36.8915405Z ##[error]src/app/api/v1/mtm/contacts/facets/route.ts(154,53): error TS18046: 'row' is of type 'unknown'.
2026-10-07T22:16:36.8919288Z ##[error]src/app/api/v1/mtm/contacts/facets/route.ts(159,42): error TS18046: 'row' is of type 'unknown'.
2026-10-07T22:16:36.8920072Z ##[error]src/app/api/v1/mtm/contacts/facets/route.ts(161,44): error TS18046: 'row' is of type 'unknown'.
2026-10-07T22:16:36.8920988Z ##[error]src/app/api/v1/mtm/contacts/facets/route.ts(168,65): error TS18046: 'row' is of type 'unknown'.
2026-10-07T22:16:36.8921695Z ##[error]src/app/api/v1/mtm/contacts/facets/route.ts(169,42): error TS18046: 'row' is of type 'unknown'.
2026-10-07T22:16:36.8924371Z ##[error]src/app/api/v1/mtm/contacts/facets/route.ts(170,74): error TS18046: 'row' is of type 'unknown'.
2026-10-07T22:16:36.8925391Z ##[error]src/app/api/v1/mtm/contacts/facets/route.ts(171,48): error TS18046: 'row' is of type 'unknown'.
2026-10-07T22:16:36.8926204Z ##[error]src/app/api/v1/mtm/contacts/facets/route.ts(172,54): error TS18046: 'row' is of type 'unknown'.
2026-10-07T22:16:36.8927050Z ##[error]src/app/api/v1/mtm/contacts/facets/route.ts(173,62): error TS18046: 'row' is of type 'unknown'.
2026-10-07T22:16:36.8927762Z ##[error]src/app/api/v1/mtm/contacts/facets/route.ts(174,50): error TS18046: 'row' is of type 'unknown'.
2026-10-07T22:16:36.8928558Z ##[error]src/app/api/v1/mtm/contacts/route.ts(268,58): error TS7006: Parameter 'contact' implicitly has an 'any' type.
2026-10-07T22:16:36.8929358Z ##[error]src/app/api/v1/mtm/contacts/route.ts(270,50): error TS7006: Parameter 'assignment' implicitly has an 'any' type.
2026-10-07T22:16:36.8930172Z ##[error]src/app/api/v1/mtm/contacts/route.ts(275,5): error TS2322: Type 'unknown[]' is not assignable to type 'string[]'.
2026-10-07T22:16:36.8930730Z   Type 'unknown' is not assignable to type 'string'.
2026-10-07T22:16:36.8931202Z ##[error]src/app/api/v1/mtm/contacts/route.ts(290,42): error TS7006: Parameter 'contact' implicitly has an 'any' type.
2026-10-07T22:16:36.8932178Z ##[error]src/app/api/v1/mtm/contacts/route.ts(307,23): error TS7006: Parameter 'row' implicitly has an 'any' type.
2026-10-07T22:16:36.8932954Z ##[error]src/app/api/v1/mtm/contacts/route.ts(309,46): error TS7006: Parameter 'contact' implicitly has an 'any' type.
2026-10-07T22:16:36.8933751Z ##[error]src/app/api/v1/mtm/contacts/route.ts(314,50): error TS7006: Parameter 'assignment' implicitly has an 'any' type.
2026-10-07T22:16:36.8934544Z ##[error]src/app/api/v1/mtm/contacts/route.ts(344,73): error TS2339: Property 'explanation' does not exist on type '{}'.
2026-10-07T22:16:36.8935587Z ##[error]src/app/api/v1/mtm/contacts/route.ts(345,30): error TS2339: Property 'uncoveredMoi' does not exist on type '{}'.
2026-10-07T22:16:36.8936384Z ##[error]src/app/api/v1/mtm/contacts/route.ts(358,23): error TS2339: Property 'groupKey' does not exist on type '{}'.
2026-10-07T22:16:36.8937173Z ##[error]src/app/api/v1/mtm/contacts/route.ts(359,25): error TS2339: Property 'groupLabel' does not exist on type '{}'.
2026-10-07T22:16:36.8938099Z ##[error]src/app/api/v1/mtm/contacts/route.ts(360,31): error TS2339: Property 'requiredCoverage' does not exist on type '{}'.
2026-10-07T22:16:36.8938900Z ##[error]src/app/api/v1/mtm/contacts/route.ts(361,24): error TS2339: Property 'actualMoi' does not exist on type '{}'.
2026-10-07T22:16:36.8939829Z ##[error]src/app/api/v1/mtm/contacts/route.ts(362,21): error TS2339: Property 'target' does not exist on type '{}'.
2026-10-07T22:16:36.8940639Z ##[error]src/app/api/v1/mtm/contacts/route.ts(363,29): error TS2339: Property 'actualCoverage' does not exist on type '{}'.
2026-10-07T22:16:36.8941730Z ##[error]src/app/api/v1/mtm/contacts/route.ts(375,45): error TS7031: Binding element 'dictionaryAssignments' implicitly has an 'any' type.
2026-10-07T22:16:36.8944034Z ##[error]src/app/api/v1/mtm/contacts/views/route.ts(23,25): error TS7006: Parameter 'view' implicitly has an 'any' type.
2026-10-07T22:16:36.8950030Z ##[error]src/app/api/v1/mtm/coverage-snapshots/[id]/rows/route.ts(119,36): error TS7006: Parameter 'row' implicitly has an 'any' type.
2026-10-07T22:16:36.8950905Z ##[error]src/app/api/v1/mtm/coverage-snapshots/[id]/rows/route.ts(135,28): error TS7006: Parameter 'row' implicitly has an 'any' type.
2026-10-07T22:16:36.8957955Z ##[error]src/app/api/v1/mtm/customer-create-requests/[id]/decision/route.ts(132,13): error TS2322: Type '"RESCHEDULE" | "APPROVED" | "REJECTED" | "NEEDS_INFO"' is not assignable to type 'MtmApprovalStatus | EnumMtmApprovalStatusFieldUpdateOperationsInput | undefined'.
2026-10-07T22:16:36.8959297Z   Type '"RESCHEDULE"' is not assignable to type 'MtmApprovalStatus | EnumMtmApprovalStatusFieldUpdateOperationsInput | undefined'.
2026-10-07T22:16:36.8966639Z ##[error]src/app/api/v1/mtm/doctor-scoring/formulas/[id]/activate/route.ts(49,54): error TS7006: Parameter 'tx' implicitly has an 'any' type.
2026-10-07T22:16:36.8969443Z ##[error]src/app/api/v1/mtm/kpi/route.ts(235,44): error TS7006: Parameter 'agent' implicitly has an 'any' type.
2026-10-07T22:16:36.8970356Z ##[error]src/app/api/v1/mtm/kpi/route.ts(297,69): error TS7006: Parameter 'point' implicitly has an 'any' type.
2026-10-07T22:16:36.8971297Z ##[error]src/app/api/v1/mtm/kpi/route.ts(300,66): error TS2339: Property 'agentId' does not exist on type '{ assignedAt: Date; removedAt: Date | null; }'.
2026-10-07T22:16:36.8972131Z ##[error]src/app/api/v1/mtm/kpi/route.ts(302,59): error TS7006: Parameter 'visit' implicitly has an 'any' type.
2026-10-07T22:16:36.8973035Z ##[error]src/app/api/v1/mtm/kpi/route.ts(305,67): error TS2339: Property 'agentId' does not exist on type '{ joinedAt: Date; leftAt: Date | null; }'.
2026-10-07T22:16:36.8974266Z ##[error]src/app/api/v1/mtm/kpi/route.ts(324,7): error TS2345: Argument of type '{ assignedAt: Date; removedAt: Date | null; }[]' is not assignable to parameter of type '{ agentId: string; agent: { name: string; }; }[]'.
2026-10-07T22:16:36.8975277Z   Type '{ assignedAt: Date; removedAt: Date | null; }' is missing the following properties from type '{ agentId: string; agent: { name: string; }; }': agentId, agent
2026-10-07T22:16:36.8976285Z ##[error]src/app/api/v1/mtm/kpi/route.ts(332,7): error TS2345: Argument of type '{ joinedAt: Date; leftAt: Date | null; }[]' is not assignable to parameter of type '{ agentId: string; agent: { name: string; }; }[]'.
2026-10-07T22:16:36.8977184Z   Type '{ joinedAt: Date; leftAt: Date | null; }' is missing the following properties from type '{ agentId: string; agent: { name: string; }; }': agentId, agent
2026-10-07T22:16:36.8977972Z ##[error]src/app/api/v1/mtm/kpi/route.ts(388,69): error TS7006: Parameter 'potential' implicitly has an 'any' type.
2026-10-07T22:16:36.8978972Z ##[error]src/app/api/v1/mtm/kpi/route.ts(440,51): error TS2339: Property 'supersedesPotentialId' does not exist on type '{}'.
2026-10-07T22:16:36.8979774Z ##[error]src/app/api/v1/mtm/kpi/route.ts(459,57): error TS7006: Parameter 'visit' implicitly has an 'any' type.
2026-10-07T22:16:36.8980544Z ##[error]src/app/api/v1/mtm/kpi/route.ts(461,46): error TS7006: Parameter 'result' implicitly has an 'any' type.
2026-10-07T22:16:36.8981414Z ##[error]src/app/api/v1/mtm/kpi/route.ts(469,66): error TS7006: Parameter 'visit' implicitly has an 'any' type.
2026-10-07T22:16:36.8982312Z ##[error]src/app/api/v1/mtm/kpi/route.ts(471,110): error TS2339: Property 'agentId' does not exist on type '{ joinedAt: Date; leftAt: Date | null; }'.
2026-10-07T22:16:36.8983510Z ##[error]src/app/api/v1/mtm/kpi/route.ts(474,7): error TS2345: Argument of type '{ joinedAt: Date; leftAt: Date | null; }[]' is not assignable to parameter of type '{ agentId: string; agent: { name: string; }; }[]'.
2026-10-07T22:16:36.8984406Z   Type '{ joinedAt: Date; leftAt: Date | null; }' is missing the following properties from type '{ agentId: string; agent: { name: string; }; }': agentId, agent
2026-10-07T22:16:36.8985216Z ##[error]src/app/api/v1/mtm/kpi/route.ts(496,12): error TS2488: Type '{}' must have a '[Symbol.iterator]()' method that returns an iterator.
2026-10-07T22:16:36.8986024Z ##[error]src/app/api/v1/mtm/kpi/route.ts(540,76): error TS7006: Parameter 'point' implicitly has an 'any' type.
2026-10-07T22:16:36.8986960Z ##[error]src/app/api/v1/mtm/kpi/route.ts(552,115): error TS2339: Property 'agentId' does not exist on type '{ assignedAt: Date; removedAt: Date | null; }'.
2026-10-07T22:16:36.8988192Z ##[error]src/app/api/v1/mtm/kpi/route.ts(555,7): error TS2345: Argument of type '{ assignedAt: Date; removedAt: Date | null; }[]' is not assignable to parameter of type '{ agentId: string; agent: { name: string; }; }[]'.
2026-10-07T22:16:36.8989104Z   Type '{ assignedAt: Date; removedAt: Date | null; }' is missing the following properties from type '{ agentId: string; agent: { name: string; }; }': agentId, agent
2026-10-07T22:16:36.8989879Z ##[error]src/app/api/v1/mtm/kpi/route.ts(569,59): error TS2339: Property 'role' does not exist on type '{ assignedAt: Date; removedAt: Date | null; }'.
2026-10-07T22:16:36.8990735Z ##[error]src/app/api/v1/mtm/kpi/route.ts(597,47): error TS7006: Parameter 'row' implicitly has an 'any' type.
2026-10-07T22:16:36.8991644Z ##[error]src/app/api/v1/mtm/kpi/route.ts(602,35): error TS7006: Parameter 'point' implicitly has an 'any' type.
2026-10-07T22:16:36.8992409Z ##[error]src/app/api/v1/mtm/kpi/route.ts(603,30): error TS7006: Parameter 'visit' implicitly has an 'any' type.
2026-10-07T22:16:36.8993170Z ##[error]src/app/api/v1/mtm/kpi/route.ts(605,35): error TS7006: Parameter 'result' implicitly has an 'any' type.
2026-10-07T22:16:36.8993931Z ##[error]src/app/api/v1/mtm/kpi/route.ts(605,72): error TS7006: Parameter 'value' implicitly has an 'any' type.
2026-10-07T22:16:36.8994692Z ##[error]src/app/api/v1/mtm/kpi/route.ts(607,42): error TS7006: Parameter 'workday' implicitly has an 'any' type.
2026-10-07T22:16:36.8995623Z ##[error]src/app/api/v1/mtm/kpi/route.ts(608,47): error TS7006: Parameter 'potential' implicitly has an 'any' type.
2026-10-07T22:16:36.8996408Z ##[error]src/app/api/v1/mtm/kpi/route.ts(608,107): error TS7006: Parameter 'potential' implicitly has an 'any' type.
2026-10-07T22:16:36.8997208Z ##[error]src/app/api/v1/mtm/kpi/route.ts(609,28): error TS7006: Parameter 'adjustment' implicitly has an 'any' type.
2026-10-07T22:16:36.8997981Z ##[error]src/app/api/v1/mtm/kpi/route.ts(632,49): error TS7006: Parameter 'workday' implicitly has an 'any' type.
2026-10-07T22:16:36.8998742Z ##[error]src/app/api/v1/mtm/kpi/route.ts(651,51): error TS7006: Parameter 'agent' implicitly has an 'any' type.
2026-10-07T22:16:36.8999498Z ##[error]src/app/api/v1/mtm/kpi/route.ts(651,80): error TS7006: Parameter 'agent' implicitly has an 'any' type.
2026-10-07T22:16:36.9002568Z ##[error]src/app/api/v1/mtm/location-history/route.ts(339,69): error TS7006: Parameter 'row' implicitly has an 'any' type.
2026-10-07T22:16:36.9003398Z ##[error]src/app/api/v1/mtm/location-history/route.ts(401,40): error TS7006: Parameter 'route' implicitly has an 'any' type.
2026-10-07T22:16:36.9004226Z ##[error]src/app/api/v1/mtm/location-history/route.ts(401,68): error TS7006: Parameter 'point' implicitly has an 'any' type.
2026-10-07T22:16:36.9005299Z ##[error]src/app/api/v1/mtm/location-history/route.ts(410,37): error TS7006: Parameter 'point' implicitly has an 'any' type.
2026-10-07T22:16:36.9006119Z ##[error]src/app/api/v1/mtm/location-history/route.ts(516,31): error TS7006: Parameter 'row' implicitly has an 'any' type.
2026-10-07T22:16:36.9006930Z ##[error]src/app/api/v1/mtm/location-history/route.ts(520,31): error TS7006: Parameter 'route' implicitly has an 'any' type.
2026-10-07T22:16:36.9007749Z ##[error]src/app/api/v1/mtm/location-history/route.ts(522,31): error TS7006: Parameter 'visit' implicitly has an 'any' type.
2026-10-07T22:16:36.9008564Z ##[error]src/app/api/v1/mtm/location-history/route.ts(529,34): error TS7006: Parameter 'route' implicitly has an 'any' type.
2026-10-07T22:16:36.9009381Z ##[error]src/app/api/v1/mtm/location-history/route.ts(531,35): error TS7006: Parameter 'point' implicitly has an 'any' type.
2026-10-07T22:16:36.9011890Z ##[error]src/app/api/v1/mtm/locations/route.ts(163,53): error TS7006: Parameter 'location' implicitly has an 'any' type.
2026-10-07T22:16:36.9012731Z ##[error]src/app/api/v1/mtm/locations/route.ts(172,36): error TS7006: Parameter 'location' implicitly has an 'any' type.
2026-10-07T22:16:36.9013513Z ##[error]src/app/api/v1/mtm/locations/route.ts(401,43): error TS7006: Parameter 'v' implicitly has an 'any' type.
2026-10-07T22:16:36.9014273Z ##[error]src/app/api/v1/mtm/locations/route.ts(431,25): error TS7006: Parameter 'a' implicitly has an 'any' type.
2026-10-07T22:16:36.9015117Z ##[error]src/app/api/v1/mtm/locations/route.ts(549,55): error TS7006: Parameter 'tx' implicitly has an 'any' type.
2026-10-07T22:16:36.9021617Z ##[error]src/app/api/v1/mtm/mobile/documents/[documentId]/download/route.ts(32,84): error TS7006: Parameter 'group' implicitly has an 'any' type.
2026-10-07T22:16:36.9028975Z ##[error]src/app/api/v1/mtm/mobile/hrm/exceptions/[id]/response/route.ts(104,47): error TS7006: Parameter 'tx' implicitly has an 'any' type.
2026-10-07T22:16:36.9029962Z ##[error]src/app/api/v1/mtm/mobile/hrm/exceptions/route.ts(95,31): error TS7006: Parameter 'item' implicitly has an 'any' type.
2026-10-07T22:16:36.9032575Z ##[error]src/app/api/v1/mtm/mobile/kpi/route.ts(214,69): error TS7006: Parameter 'route' implicitly has an 'any' type.
2026-10-07T22:16:36.9033401Z ##[error]src/app/api/v1/mtm/mobile/kpi/route.ts(215,65): error TS7006: Parameter 'assignment' implicitly has an 'any' type.
2026-10-07T22:16:36.9034203Z ##[error]src/app/api/v1/mtm/mobile/kpi/route.ts(220,53): error TS7006: Parameter 'route' implicitly has an 'any' type.
2026-10-07T22:16:36.9034998Z ##[error]src/app/api/v1/mtm/mobile/kpi/route.ts(239,38): error TS7006: Parameter 'route' implicitly has an 'any' type.
2026-10-07T22:16:36.9035857Z ##[error]src/app/api/v1/mtm/mobile/kpi/route.ts(243,56): error TS7006: Parameter 'point' implicitly has an 'any' type.
2026-10-07T22:16:36.9036646Z ##[error]src/app/api/v1/mtm/mobile/kpi/route.ts(251,62): error TS7006: Parameter 'visit' implicitly has an 'any' type.
2026-10-07T22:16:36.9037471Z ##[error]src/app/api/v1/mtm/mobile/kpi/route.ts(252,66): error TS7006: Parameter 'participant' implicitly has an 'any' type.
2026-10-07T22:16:36.9038268Z ##[error]src/app/api/v1/mtm/mobile/kpi/route.ts(254,12): error TS7006: Parameter 'visit' implicitly has an 'any' type.
2026-10-07T22:16:36.9039056Z ##[error]src/app/api/v1/mtm/mobile/kpi/route.ts(269,26): error TS7006: Parameter 'route' implicitly has an 'any' type.
2026-10-07T22:16:36.9039845Z ##[error]src/app/api/v1/mtm/mobile/kpi/route.ts(269,54): error TS7006: Parameter 'point' implicitly has an 'any' type.
2026-10-07T22:16:36.9040636Z ##[error]src/app/api/v1/mtm/mobile/kpi/route.ts(270,22): error TS7006: Parameter 'visit' implicitly has an 'any' type.
2026-10-07T22:16:36.9041500Z ##[error]src/app/api/v1/mtm/mobile/kpi/route.ts(296,40): error TS7006: Parameter 'visit' implicitly has an 'any' type.
2026-10-07T22:16:36.9043900Z ##[error]src/app/api/v1/mtm/mobile/location/route.ts(245,51): error TS7006: Parameter 'tx' implicitly has an 'any' type.
2026-10-07T22:16:36.9044870Z ##[error]src/app/api/v1/mtm/mobile/location/route.ts(499,35): error TS7006: Parameter 'location' implicitly has an 'any' type.
2026-10-07T22:16:36.9048476Z ##[error]src/app/api/v1/mtm/mobile/manager/locations/route.ts(65,46): error TS7031: Binding element 'agentLocations' implicitly has an 'any' type.
2026-10-07T22:16:36.9049424Z ##[error]src/app/api/v1/mtm/mobile/manager/locations/route.ts(65,62): error TS7031: Binding element 'latestLocation' implicitly has an 'any' type.
2026-10-07T22:16:36.9051695Z ##[error]src/app/api/v1/mtm/mobile/manager/team/route.ts(62,29): error TS7006: Parameter 'row' implicitly has an 'any' type.
2026-10-07T22:16:36.9054407Z ##[error]src/app/api/v1/mtm/mobile/presentation-sessions/route.ts(70,70): error TS7006: Parameter 'group' implicitly has an 'any' type.
2026-10-07T22:16:36.9056699Z ##[error]src/app/api/v1/mtm/mobile/products/route.ts(30,70): error TS7006: Parameter 'group' implicitly has an 'any' type.
2026-10-07T22:16:36.9057517Z ##[error]src/app/api/v1/mtm/mobile/products/route.ts(72,20): error TS7006: Parameter 'group' implicitly has an 'any' type.
2026-10-07T22:16:36.9058368Z ##[error]src/app/api/v1/mtm/mobile/products/route.ts(73,19): error TS7031: Binding element 'members' implicitly has an 'any' type.
2026-10-07T22:16:36.9059203Z ##[error]src/app/api/v1/mtm/mobile/products/route.ts(74,33): error TS7006: Parameter 'product' implicitly has an 'any' type.
2026-10-07T22:16:36.9063045Z ##[error]src/app/api/v1/mtm/mobile/routes/targets/route.ts(257,50): error TS7006: Parameter 'customer' implicitly has an 'any' type.
2026-10-07T22:16:36.9084589Z ##[error]src/app/api/v1/mtm/mobile/routes/targets/route.ts(393,51): error TS7006: Parameter 'contact' implicitly has an 'any' type.
2026-10-07T22:16:36.9086380Z ##[error]src/app/api/v1/mtm/mobile/routes/targets/route.ts(398,48): error TS7006: Parameter 'candidate' implicitly has an 'any' type.
2026-10-07T22:16:36.9091486Z ##[error]src/app/api/v1/mtm/mobile/sync/pull/route.ts(925,45): error TS7006: Parameter 'contact' implicitly has an 'any' type.
2026-10-07T22:16:36.9093028Z ##[error]src/app/api/v1/mtm/mobile/sync/pull/route.ts(927,73): error TS7006: Parameter 'assignment' implicitly has an 'any' type.
2026-10-07T22:16:36.9096001Z ##[error]src/app/api/v1/mtm/mobile/sync/push/route.ts(772,62): error TS2345: Argument of type '{}' is not assignable to parameter of type 'string'.
2026-10-07T22:16:36.9097451Z ##[error]src/app/api/v1/mtm/mobile/sync/push/route.ts(774,66): error TS2345: Argument of type '{}' is not assignable to parameter of type 'string'.
2026-10-07T22:16:36.9098696Z ##[error]src/app/api/v1/mtm/mobile/sync/push/route.ts(985,55): error TS2769: No overload matches this call.
2026-10-07T22:16:36.9099609Z   Overload 1 of 4, '(value: string | number | Date): Date', gave the following error.
2026-10-07T22:16:36.9100136Z     Argument of type '{}' is not assignable to parameter of type 'string | number | Date'.
2026-10-07T22:16:36.9100682Z   Overload 2 of 4, '(value: string | number): Date', gave the following error.
2026-10-07T22:16:36.9101168Z     Argument of type '{}' is not assignable to parameter of type 'string | number'.
2026-10-07T22:16:36.9102268Z ##[error]src/app/api/v1/mtm/mobile/sync/push/route.ts(994,19): error TS2322: Type 'unknown' is not assignable to type 'string | StringFilter<"MtmRoutePoint"> | undefined'.
2026-10-07T22:16:36.9103931Z ##[error]src/app/api/v1/mtm/mobile/sync/push/route.ts(1044,19): error TS2322: Type 'unknown' is not assignable to type 'string | StringFilter<"MtmCustomer"> | undefined'.
2026-10-07T22:16:36.9105727Z ##[error]src/app/api/v1/mtm/mobile/sync/push/route.ts(1068,31): error TS2322: Type 'unknown' is not assignable to type 'string | StringFilter<"MtmContactWorkplace"> | undefined'.
2026-10-07T22:16:36.9108405Z ##[error]src/app/api/v1/mtm/mobile/sync/push/route.ts(1137,21): error TS2322: Type '{ messageKey: MtmAlertMessageKey; messageParams: MtmAlertMessageParams; customerId: unknown; routeId: string | null; ... 5 more ...; actorRole: string; }' is not assignable to type 'NullableJsonNullValueInput | InputJsonValue | undefined'.
2026-10-07T22:16:36.9110030Z   Types of property 'customerId' are incompatible.
2026-10-07T22:16:36.9110467Z     Type 'unknown' is not assignable to type 'InputJsonValue | null | undefined'.
2026-10-07T22:16:36.9111593Z ##[error]src/app/api/v1/mtm/mobile/sync/push/route.ts(1170,21): error TS2322: Type 'unknown' is not assignable to type 'string | StringFilter<"MtmRoutePoint"> | undefined'.
2026-10-07T22:16:36.9113111Z ##[error]src/app/api/v1/mtm/mobile/sync/push/route.ts(1205,21): error TS2322: Type 'unknown' is not assignable to type 'string | undefined'.
2026-10-07T22:16:36.9114543Z ##[error]src/app/api/v1/mtm/mobile/sync/push/route.ts(1206,21): error TS2322: Type '{} | null' is not assignable to type 'string | null | undefined'.
2026-10-07T22:16:36.9115559Z   Type '{}' is not assignable to type 'string'.
2026-10-07T22:16:36.9116414Z ##[error]src/app/api/v1/mtm/mobile/sync/push/route.ts(1211,21): error TS2322: Type '{} | null' is not assignable to type 'number | null | undefined'.
2026-10-07T22:16:36.9117325Z   Type '{}' is not assignable to type 'number'.
2026-10-07T22:16:36.9118176Z ##[error]src/app/api/v1/mtm/mobile/sync/push/route.ts(1212,21): error TS2322: Type '{} | null' is not assignable to type 'number | null | undefined'.
2026-10-07T22:16:36.9119088Z   Type '{}' is not assignable to type 'number'.
2026-10-07T22:16:36.9119932Z ##[error]src/app/api/v1/mtm/mobile/sync/push/route.ts(1214,21): error TS2322: Type '{} | null' is not assignable to type 'string | null | undefined'.
2026-10-07T22:16:36.9120832Z   Type '{}' is not assignable to type 'string'.
2026-10-07T22:16:36.9121691Z ##[error]src/app/api/v1/mtm/mobile/sync/push/route.ts(1237,19): error TS2322: Type 'unknown' is not assignable to type 'string | null | undefined'.
2026-10-07T22:16:36.9124566Z ##[error]src/app/api/v1/mtm/mobile/sync/push/route.ts(1263,51): error TS2551: Property 'route' does not exist on type '{ status: MtmPointStatus; id: string; organizationId: string; contactId: string | null; updatedAt: Date; deletedAt: Date | null; notes: string | null; version: number; ... 4 more ...; visitedAt: Date | null; }'. Did you mean 'routeId'?
2026-10-07T22:16:36.9126666Z ##[error]src/app/api/v1/mtm/mobile/sync/push/route.ts(1263,77): error TS7006: Parameter 'assignment' implicitly has an 'any' type.
2026-10-07T22:16:36.9127990Z ##[error]src/app/api/v1/mtm/mobile/sync/push/route.ts(1266,47): error TS7006: Parameter 'assignment' implicitly has an 'any' type.
2026-10-07T22:16:36.9129531Z ##[error]src/app/api/v1/mtm/mobile/sync/push/route.ts(1286,22): error TS2322: Type 'unknown' is not assignable to type 'string | StringFilter<"MtmVisit"> | undefined'.
2026-10-07T22:16:36.9131070Z ##[error]src/app/api/v1/mtm/mobile/sync/push/route.ts(1296,105): error TS2345: Argument of type '{}' is not assignable to parameter of type 'string'.
2026-10-07T22:16:36.9132630Z ##[error]src/app/api/v1/mtm/mobile/sync/push/route.ts(1303,19): error TS2322: Type 'unknown' is not assignable to type 'string | StringFilter<"MtmVisit"> | undefined'.
2026-10-07T22:16:36.9134026Z ##[error]src/app/api/v1/mtm/mobile/sync/push/route.ts(1329,19): error TS2322: Type 'unknown' is not assignable to type 'string'.
2026-10-07T22:16:36.9135344Z ##[error]src/app/api/v1/mtm/mobile/sync/push/route.ts(1331,58): error TS2769: No overload matches this call.
2026-10-07T22:16:36.9136243Z   Overload 1 of 4, '(value: string | number | Date): Date', gave the following error.
2026-10-07T22:16:36.9136766Z     Argument of type '{}' is not assignable to parameter of type 'string | number | Date'.
2026-10-07T22:16:36.9137269Z   Overload 2 of 4, '(value: string | number): Date', gave the following error.
2026-10-07T22:16:36.9137747Z     Argument of type '{}' is not assignable to parameter of type 'string | number'.
2026-10-07T22:16:36.9138677Z ##[error]src/app/api/v1/mtm/mobile/sync/push/route.ts(1332,19): error TS2322: Type 'unknown' is not assignable to type 'number | null | undefined'.
2026-10-07T22:16:36.9140128Z ##[error]src/app/api/v1/mtm/mobile/sync/push/route.ts(1333,19): error TS2322: Type 'unknown' is not assignable to type 'number | null | undefined'.
2026-10-07T22:16:36.9141817Z ##[error]src/app/api/v1/mtm/mobile/sync/push/route.ts(1381,19): error TS2322: Type 'unknown' is not assignable to type 'string | StringFilter<"MtmVisit"> | undefined'.
2026-10-07T22:16:36.9143110Z ##[error]src/app/api/v1/mtm/mobile/sync/push/route.ts(1389,64): error TS2769: No overload matches this call.
2026-10-07T22:16:36.9144013Z   Overload 1 of 4, '(value: string | number | Date): Date', gave the following error.
2026-10-07T22:16:36.9144523Z     Argument of type '{}' is not assignable to parameter of type 'string | number | Date'.
2026-10-07T22:16:36.9145010Z   Overload 2 of 4, '(value: string | number): Date', gave the following error.
2026-10-07T22:16:36.9145573Z     Argument of type '{}' is not assignable to parameter of type 'string | number'.
2026-10-07T22:16:36.9146685Z ##[error]src/app/api/v1/mtm/mobile/sync/push/route.ts(1404,28): error TS2322: Type 'unknown' is not assignable to type 'string | StringFilter<"MtmVisit"> | undefined'.
2026-10-07T22:16:36.9148312Z ##[error]src/app/api/v1/mtm/mobile/sync/push/route.ts(1421,15): error TS2322: Type 'unknown' is not assignable to type 'string | StringFilter<"MtmVisit"> | undefined'.
2026-10-07T22:16:36.9149936Z ##[error]src/app/api/v1/mtm/mobile/sync/push/route.ts(1431,15): error TS2322: Type 'unknown' is not assignable to type 'string | StringFilter<"MtmVisit"> | undefined'.
2026-10-07T22:16:36.9152696Z ##[error]src/app/api/v1/mtm/mobile/sync/push/route.ts(1445,38): error TS2339: Property 'requirementSnapshot' does not exist on type '{ status: MtmVisitStatus; id: string; organizationId: string; contactId: string | null; createdAt: Date; updatedAt: Date; deletedAt: Date | null; notes: string | null; ... 19 more ...; tasksTotal: number; }'.
2026-10-07T22:16:36.9155348Z ##[error]src/app/api/v1/mtm/mobile/sync/push/route.ts(1724,69): error TS2367: This comparison appears to be unintentional because the types '"IN_PROGRESS" | "PENDING" | "OVERDUE"' and '"COMPLETED"' have no overlap.
2026-10-07T22:16:36.9162144Z ##[error]src/app/api/v1/mtm/mobile/tasks/[id]/duplicate/route.ts(80,54): error TS7006: Parameter 'tx' implicitly has an 'any' type.
2026-10-07T22:16:36.9165172Z ##[error]src/app/api/v1/mtm/mobile/tasks/[id]/progress/route.ts(55,52): error TS7006: Parameter 'tx' implicitly has an 'any' type.
2026-10-07T22:16:36.9167550Z ##[error]src/app/api/v1/mtm/mobile/tasks/[id]/return/route.ts(92,38): error TS7006: Parameter 'tx' implicitly has an 'any' type.
2026-10-07T22:16:36.9170645Z ##[error]src/app/api/v1/mtm/mobile/tasks/[id]/route.ts(48,12): error TS2339: Property 'taskGroupCode' does not exist on type '{ expectedVersion: number; title?: string | undefined; description?: string | null | undefined; priority?: "HIGH" | "MEDIUM" | "LOW" | "URGENT" | undefined; dueDate?: string | null | undefined; recurrenceRule?: "DAILY" | ... 3 more ... | undefined; recurrenceInterval?: number | undefined; }'.
2026-10-07T22:16:36.9172673Z ##[error]src/app/api/v1/mtm/mobile/tasks/[id]/route.ts(191,38): error TS7006: Parameter 'tx' implicitly has an 'any' type.
2026-10-07T22:16:36.9175003Z ##[error]src/app/api/v1/mtm/mobile/tasks/bulk-reassign/route.ts(63,34): error TS7006: Parameter 'task' implicitly has an 'any' type.
2026-10-07T22:16:36.9176417Z ##[error]src/app/api/v1/mtm/mobile/tasks/bulk-reassign/route.ts(71,31): error TS7006: Parameter 'task' implicitly has an 'any' type.
2026-10-07T22:16:36.9177714Z ##[error]src/app/api/v1/mtm/mobile/tasks/bulk-reassign/route.ts(77,38): error TS7006: Parameter 'tx' implicitly has an 'any' type.
2026-10-07T22:16:36.9179019Z ##[error]src/app/api/v1/mtm/mobile/tasks/bulk-reassign/route.ts(129,27): error TS7006: Parameter 'task' implicitly has an 'any' type.
2026-10-07T22:16:36.9180336Z ##[error]src/app/api/v1/mtm/mobile/tasks/bulk-reassign/route.ts(139,27): error TS7006: Parameter 'task' implicitly has an 'any' type.
2026-10-07T22:16:36.9183093Z ##[error]src/app/api/v1/mtm/mobile/team-schedule/route.ts(154,76): error TS7006: Parameter 'row' implicitly has an 'any' type.
2026-10-07T22:16:36.9188759Z ##[error]src/app/api/v1/mtm/mobile/visits/[id]/workspace/route.ts(141,70): error TS7006: Parameter 'requirement' implicitly has an 'any' type.
2026-10-07T22:16:36.9190187Z ##[error]src/app/api/v1/mtm/mobile/visits/[id]/workspace/route.ts(146,65): error TS7006: Parameter 'requirement' implicitly has an 'any' type.
2026-10-07T22:16:36.9192869Z ##[error]src/app/api/v1/mtm/mobile/week/route.ts(480,13): error TS7006: Parameter 'notification' implicitly has an 'any' type.
2026-10-07T22:16:36.9194136Z ##[error]src/app/api/v1/mtm/mobile/week/route.ts(484,14): error TS7006: Parameter 'entry' implicitly has an 'any' type.
2026-10-07T22:16:36.9196962Z ##[error]src/app/api/v1/mtm/notifications/route.ts(77,29): error TS7006: Parameter 'row' implicitly has an 'any' type.
2026-10-07T22:16:36.9243876Z ##[error]src/app/api/v1/mtm/notifications/route.ts(84,46): error TS7006: Parameter 'item' implicitly has an 'any' type.
2026-10-07T22:16:36.9245333Z ##[error]src/app/api/v1/mtm/notifications/route.ts(85,32): error TS7006: Parameter 'id' implicitly has an 'any' type.
2026-10-07T22:16:36.9248568Z ##[error]src/app/api/v1/mtm/organization-attribute-packages/route.ts(54,50): error TS7006: Parameter 'customer' implicitly has an 'any' type.
2026-10-07T22:16:36.9252769Z ##[error]src/app/api/v1/mtm/organization-attribute-packages/route.ts(84,9): error TS2322: Type '{ organizationId: string; packageId: string; customerId: {}; organizationCode: string; medicalCategoryCode: string | null; medicalCategoryLabels: InputJsonValue | undefined; licenseStatus: "NOT_REQUIRED" | ... 2 more ... | null; licenseLabels: InputJsonValue | undefined; polygonCode: string | null; polygonLabels: In...' is not assignable to type 'MtmOrganizationAttributeFactCreateManyInput | MtmOrganizationAttributeFactCreateManyInput[]'.
2026-10-07T22:16:36.9256304Z   Type '{ organizationId: string; packageId: string; customerId: {}; organizationCode: string; medicalCategoryCode: string | null; medicalCategoryLabels: InputJsonValue | undefined; licenseStatus: "NOT_REQUIRED" | ... 2 more ... | null; licenseLabels: InputJsonValue | undefined; polygonCode: string | null; polygonLabels: In...' is not assignable to type 'MtmOrganizationAttributeFactCreateManyInput[]'.
2026-10-07T22:16:36.9258796Z     Type '{ organizationId: string; packageId: string; customerId: {}; organizationCode: string; medicalCategoryCode: string | null; medicalCategoryLabels: Prisma.InputJsonValue | undefined; licenseStatus: "NOT_REQUIRED" | ... 2 more ... | null; licenseLabels: Prisma.InputJsonValue | undefined; polygonCode: string | null; pol...' is not assignable to type 'MtmOrganizationAttributeFactCreateManyInput'.
2026-10-07T22:16:36.9260144Z       Types of property 'customerId' are incompatible.
2026-10-07T22:16:36.9260492Z         Type '{}' is not assignable to type 'string'.
2026-10-07T22:16:36.9264613Z ##[error]src/app/api/v1/mtm/organizations/[id]/route.ts(208,39): error TS7006: Parameter 'row' implicitly has an 'any' type.
2026-10-07T22:16:36.9266015Z ##[error]src/app/api/v1/mtm/organizations/[id]/route.ts(209,37): error TS7006: Parameter 'row' implicitly has an 'any' type.
2026-10-07T22:16:36.9268924Z ##[error]src/app/api/v1/mtm/organizations/facets/route.ts(226,18): error TS7006: Parameter 'fact' implicitly has an 'any' type.
2026-10-07T22:16:36.9270215Z ##[error]src/app/api/v1/mtm/organizations/facets/route.ts(227,15): error TS7006: Parameter 'fact' implicitly has an 'any' type.
2026-10-07T22:16:36.9271485Z ##[error]src/app/api/v1/mtm/organizations/facets/route.ts(229,18): error TS7006: Parameter 'fact' implicitly has an 'any' type.
2026-10-07T22:16:36.9272763Z ##[error]src/app/api/v1/mtm/organizations/facets/route.ts(230,15): error TS7006: Parameter 'fact' implicitly has an 'any' type.
2026-10-07T22:16:36.9274032Z ##[error]src/app/api/v1/mtm/organizations/facets/route.ts(232,18): error TS7006: Parameter 'fact' implicitly has an 'any' type.
2026-10-07T22:16:36.9275433Z ##[error]src/app/api/v1/mtm/organizations/facets/route.ts(233,15): error TS7006: Parameter 'fact' implicitly has an 'any' type.
2026-10-07T22:16:36.9278530Z ##[error]src/app/api/v1/mtm/organizations/views/route.ts(23,25): error TS7006: Parameter 'view' implicitly has an 'any' type.
2026-10-07T22:16:36.9281506Z ##[error]src/app/api/v1/mtm/product-groups/route.ts(56,27): error TS7006: Parameter 'group' implicitly has an 'any' type.
2026-10-07T22:16:36.9282781Z ##[error]src/app/api/v1/mtm/product-groups/route.ts(57,48): error TS7006: Parameter 'group' implicitly has an 'any' type.
2026-10-07T22:16:36.9284043Z ##[error]src/app/api/v1/mtm/product-groups/route.ts(60,48): error TS7006: Parameter 'member' implicitly has an 'any' type.
2026-10-07T22:16:36.9285416Z ##[error]src/app/api/v1/mtm/product-groups/route.ts(64,48): error TS7006: Parameter 'group' implicitly has an 'any' type.
2026-10-07T22:16:36.9286674Z ##[error]src/app/api/v1/mtm/product-groups/route.ts(68,10): error TS7006: Parameter 'member' implicitly has an 'any' type.
2026-10-07T22:16:36.9287918Z ##[error]src/app/api/v1/mtm/product-groups/route.ts(85,18): error TS7006: Parameter 'group' implicitly has an 'any' type.
2026-10-07T22:16:36.9289154Z ##[error]src/app/api/v1/mtm/product-groups/route.ts(86,15): error TS7006: Parameter 'group' implicitly has an 'any' type.
2026-10-07T22:16:36.9290377Z ##[error]src/app/api/v1/mtm/product-groups/route.ts(110,54): error TS7006: Parameter 'tx' implicitly has an 'any' type.
2026-10-07T22:16:36.9293140Z ##[error]src/app/api/v1/mtm/products/route.ts(49,27): error TS7006: Parameter 'group' implicitly has an 'any' type.
2026-10-07T22:16:36.9294336Z ##[error]src/app/api/v1/mtm/products/route.ts(50,48): error TS7006: Parameter 'group' implicitly has an 'any' type.
2026-10-07T22:16:36.9295632Z ##[error]src/app/api/v1/mtm/products/route.ts(57,48): error TS7006: Parameter 'group' implicitly has an 'any' type.
2026-10-07T22:16:36.9296850Z ##[error]src/app/api/v1/mtm/products/route.ts(60,48): error TS7006: Parameter 'member' implicitly has an 'any' type.
2026-10-07T22:16:36.9298178Z ##[error]src/app/api/v1/mtm/products/route.ts(91,31): error TS7006: Parameter 'product' implicitly has an 'any' type.
2026-10-07T22:16:36.9301099Z ##[error]src/app/api/v1/mtm/route-change-requests/route.ts(41,46): error TS7006: Parameter 'request' implicitly has an 'any' type.
2026-10-07T22:16:36.9307102Z ##[error]src/app/api/v1/mtm/routes/[id]/route.ts(328,27): error TS7006: Parameter 'point' implicitly has an 'any' type.
2026-10-07T22:16:36.9314775Z ##[error]src/app/api/v1/mtm/routes/[id]/travel/preview/route.ts(114,14): error TS7006: Parameter 'assignment' implicitly has an 'any' type.
2026-10-07T22:16:36.9316242Z ##[error]src/app/api/v1/mtm/routes/[id]/travel/preview/route.ts(115,11): error TS7006: Parameter 'assignment' implicitly has an 'any' type.
2026-10-07T22:16:36.9320110Z ##[error]src/app/api/v1/mtm/routes/assignable-catalog/route.ts(178,37): error TS7006: Parameter 'contact' implicitly has an 'any' type.
2026-10-07T22:16:36.9321478Z ##[error]src/app/api/v1/mtm/routes/assignable-catalog/route.ts(247,32): error TS7006: Parameter 'customer' implicitly has an 'any' type.
2026-10-07T22:16:36.9324481Z ##[error]src/app/api/v1/mtm/routes/candidates/route.ts(155,27): error TS2737: BigInt literals are not available when targeting lower than ES2020.
2026-10-07T22:16:36.9325945Z ##[error]src/app/api/v1/mtm/routes/candidates/route.ts(723,50): error TS7006: Parameter 'contact' implicitly has an 'any' type.
2026-10-07T22:16:36.9327217Z ##[error]src/app/api/v1/mtm/routes/candidates/route.ts(727,36): error TS7006: Parameter 'item' implicitly has an 'any' type.
2026-10-07T22:16:36.9328483Z ##[error]src/app/api/v1/mtm/routes/candidates/route.ts(751,20): error TS7006: Parameter 'visit' implicitly has an 'any' type.
2026-10-07T22:16:36.9329759Z ##[error]src/app/api/v1/mtm/routes/candidates/route.ts(752,17): error TS7006: Parameter 'visit' implicitly has an 'any' type.
2026-10-07T22:16:36.9331024Z ##[error]src/app/api/v1/mtm/routes/candidates/route.ts(765,49): error TS7006: Parameter 'point' implicitly has an 'any' type.
2026-10-07T22:16:36.9332502Z ##[error]src/app/api/v1/mtm/routes/candidates/route.ts(782,27): error TS7006: Parameter 'candidate' implicitly has an 'any' type.
2026-10-07T22:16:36.9333803Z ##[error]src/app/api/v1/mtm/routes/candidates/route.ts(784,44): error TS7006: Parameter 'candidate' implicitly has an 'any' type.
2026-10-07T22:16:36.9335167Z ##[error]src/app/api/v1/mtm/routes/candidates/route.ts(789,24): error TS7006: Parameter 'left' implicitly has an 'any' type.
2026-10-07T22:16:36.9336422Z ##[error]src/app/api/v1/mtm/routes/candidates/route.ts(789,30): error TS7006: Parameter 'right' implicitly has an 'any' type.
2026-10-07T22:16:36.9337680Z ##[error]src/app/api/v1/mtm/routes/candidates/route.ts(796,24): error TS7006: Parameter 'left' implicitly has an 'any' type.
2026-10-07T22:16:36.9338917Z ##[error]src/app/api/v1/mtm/routes/candidates/route.ts(796,30): error TS7006: Parameter 'right' implicitly has an 'any' type.
2026-10-07T22:16:36.9340304Z ##[error]src/app/api/v1/mtm/routes/candidates/route.ts(797,92): error TS2737: BigInt literals are not available when targeting lower than ES2020.
2026-10-07T22:16:36.9341719Z ##[error]src/app/api/v1/mtm/routes/candidates/route.ts(798,95): error TS2737: BigInt literals are not available when targeting lower than ES2020.
2026-10-07T22:16:36.9343051Z ##[error]src/app/api/v1/mtm/routes/candidates/route.ts(835,43): error TS7006: Parameter 'candidate' implicitly has an 'any' type.
2026-10-07T22:16:36.9344335Z ##[error]src/app/api/v1/mtm/routes/candidates/route.ts(836,59): error TS7006: Parameter 'candidate' implicitly has an 'any' type.
2026-10-07T22:16:36.9345731Z ##[error]src/app/api/v1/mtm/routes/candidates/route.ts(837,45): error TS7006: Parameter 'candidate' implicitly has an 'any' type.
2026-10-07T22:16:36.9347021Z ##[error]src/app/api/v1/mtm/routes/candidates/route.ts(838,49): error TS7006: Parameter 'candidate' implicitly has an 'any' type.
2026-10-07T22:16:36.9348304Z ##[error]src/app/api/v1/mtm/routes/candidates/route.ts(839,53): error TS7006: Parameter 'candidate' implicitly has an 'any' type.
2026-10-07T22:16:36.9349680Z ##[error]src/app/api/v1/mtm/routes/candidates/route.ts(840,47): error TS7006: Parameter 'candidate' implicitly has an 'any' type.
2026-10-07T22:16:36.9351014Z ##[error]src/app/api/v1/mtm/routes/candidates/route.ts(841,55): error TS7006: Parameter 'candidate' implicitly has an 'any' type.
2026-10-07T22:16:36.9352326Z ##[error]src/app/api/v1/mtm/routes/candidates/route.ts(847,50): error TS7006: Parameter 'candidate' implicitly has an 'any' type.
2026-10-07T22:16:36.9353627Z ##[error]src/app/api/v1/mtm/routes/candidates/route.ts(848,47): error TS7006: Parameter 'candidate' implicitly has an 'any' type.
2026-10-07T22:16:36.9354916Z ##[error]src/app/api/v1/mtm/routes/candidates/route.ts(971,57): error TS7006: Parameter 'customer' implicitly has an 'any' type.
2026-10-07T22:16:36.9356294Z ##[error]src/app/api/v1/mtm/routes/candidates/route.ts(989,18): error TS7006: Parameter 'visit' implicitly has an 'any' type.
2026-10-07T22:16:36.9357564Z ##[error]src/app/api/v1/mtm/routes/candidates/route.ts(990,15): error TS7006: Parameter 'visit' implicitly has an 'any' type.
2026-10-07T22:16:36.9358848Z ##[error]src/app/api/v1/mtm/routes/candidates/route.ts(1003,48): error TS7006: Parameter 'point' implicitly has an 'any' type.
2026-10-07T22:16:36.9360152Z ##[error]src/app/api/v1/mtm/routes/candidates/route.ts(1021,29): error TS7006: Parameter 'candidate' implicitly has an 'any' type.
2026-10-07T22:16:36.9361451Z ##[error]src/app/api/v1/mtm/routes/candidates/route.ts(1024,42): error TS7006: Parameter 'candidate' implicitly has an 'any' type.
2026-10-07T22:16:36.9362727Z ##[error]src/app/api/v1/mtm/routes/candidates/route.ts(1029,22): error TS7006: Parameter 'left' implicitly has an 'any' type.
2026-10-07T22:16:36.9364003Z ##[error]src/app/api/v1/mtm/routes/candidates/route.ts(1029,28): error TS7006: Parameter 'right' implicitly has an 'any' type.
2026-10-07T22:16:36.9365390Z ##[error]src/app/api/v1/mtm/routes/candidates/route.ts(1036,22): error TS7006: Parameter 'left' implicitly has an 'any' type.
2026-10-07T22:16:36.9366770Z ##[error]src/app/api/v1/mtm/routes/candidates/route.ts(1036,28): error TS7006: Parameter 'right' implicitly has an 'any' type.
2026-10-07T22:16:36.9368167Z ##[error]src/app/api/v1/mtm/routes/candidates/route.ts(1037,90): error TS2737: BigInt literals are not available when targeting lower than ES2020.
2026-10-07T22:16:36.9369620Z ##[error]src/app/api/v1/mtm/routes/candidates/route.ts(1038,93): error TS2737: BigInt literals are not available when targeting lower than ES2020.
2026-10-07T22:16:36.9370981Z ##[error]src/app/api/v1/mtm/routes/candidates/route.ts(1075,41): error TS7006: Parameter 'candidate' implicitly has an 'any' type.
2026-10-07T22:16:36.9372278Z ##[error]src/app/api/v1/mtm/routes/candidates/route.ts(1076,57): error TS7006: Parameter 'candidate' implicitly has an 'any' type.
2026-10-07T22:16:36.9373564Z ##[error]src/app/api/v1/mtm/routes/candidates/route.ts(1077,43): error TS7006: Parameter 'candidate' implicitly has an 'any' type.
2026-10-07T22:16:36.9374866Z ##[error]src/app/api/v1/mtm/routes/candidates/route.ts(1078,47): error TS7006: Parameter 'candidate' implicitly has an 'any' type.
2026-10-07T22:16:36.9376258Z ##[error]src/app/api/v1/mtm/routes/candidates/route.ts(1079,51): error TS7006: Parameter 'candidate' implicitly has an 'any' type.
2026-10-07T22:16:36.9377556Z ##[error]src/app/api/v1/mtm/routes/candidates/route.ts(1080,45): error TS7006: Parameter 'candidate' implicitly has an 'any' type.
2026-10-07T22:16:36.9378835Z ##[error]src/app/api/v1/mtm/routes/candidates/route.ts(1081,53): error TS7006: Parameter 'candidate' implicitly has an 'any' type.
2026-10-07T22:16:36.9381583Z ##[error]src/app/api/v1/mtm/routes/meeting-availability/route.ts(189,47): error TS7006: Parameter 'row' implicitly has an 'any' type.
2026-10-07T22:16:36.9382903Z ##[error]src/app/api/v1/mtm/routes/meeting-availability/route.ts(193,44): error TS7006: Parameter 'row' implicitly has an 'any' type.
2026-10-07T22:16:36.9384364Z ##[error]src/app/api/v1/mtm/routes/meeting-availability/route.ts(198,39): error TS7006: Parameter 'assignment' implicitly has an 'any' type.
2026-10-07T22:16:36.9385804Z ##[error]src/app/api/v1/mtm/routes/meeting-availability/route.ts(204,52): error TS7006: Parameter 'row' implicitly has an 'any' type.
2026-10-07T22:16:36.9387032Z ##[error]src/app/api/v1/mtm/routes/meeting-availability/route.ts(211,18): error TS18046: 'row' is of type 'unknown'.
2026-10-07T22:16:36.9388276Z ##[error]src/app/api/v1/mtm/routes/meeting-availability/route.ts(216,12): error TS18046: 'row' is of type 'unknown'.
2026-10-07T22:16:36.9389489Z ##[error]src/app/api/v1/mtm/routes/meeting-availability/route.ts(216,32): error TS18046: 'row' is of type 'unknown'.
2026-10-07T22:16:36.9390687Z ##[error]src/app/api/v1/mtm/routes/meeting-availability/route.ts(217,14): error TS18046: 'row' is of type 'unknown'.
2026-10-07T22:16:36.9392008Z ##[error]src/app/api/v1/mtm/routes/meeting-availability/route.ts(217,41): error TS7006: Parameter 'assignment' implicitly has an 'any' type.
2026-10-07T22:16:36.9393268Z ##[error]src/app/api/v1/mtm/routes/meeting-availability/route.ts(219,48): error TS18046: 'row' is of type 'unknown'.
2026-10-07T22:16:36.9398139Z ##[error]src/app/api/v1/mtm/sync/push/route.ts(517,49): error TS18048: 'parsedAction.error' is possibly 'undefined'.
2026-10-07T22:16:36.9399940Z ##[error]src/app/api/v1/mtm/sync/push/route.ts(624,65): error TS2367: This comparison appears to be unintentional because the types '"IN_PROGRESS" | "PENDING" | "OVERDUE"' and '"COMPLETED"' have no overlap.
2026-10-07T22:16:36.9401988Z ##[error]src/app/api/v1/mtm/sync/push/route.ts(658,47): error TS2367: This comparison appears to be unintentional because the types '"IN_PROGRESS" | "PENDING" | "OVERDUE"' and '"CANCELLED"' have no overlap.
2026-10-07T22:16:36.9408144Z ##[error]src/app/api/v1/mtm/tasks/[id]/documents/route.ts(91,33): error TS7006: Parameter 'document' implicitly has an 'any' type.
2026-10-07T22:16:36.9409420Z ##[error]src/app/api/v1/mtm/tasks/[id]/documents/route.ts(156,53): error TS7006: Parameter 'tx' implicitly has an 'any' type.
2026-10-07T22:16:36.9412356Z ##[error]src/app/api/v1/mtm/tasks/[id]/duplicate/route.ts(99,54): error TS7006: Parameter 'tx' implicitly has an 'any' type.
2026-10-07T22:16:36.9415374Z ##[error]src/app/api/v1/mtm/tasks/[id]/events/route.ts(64,52): error TS7006: Parameter 'tx' implicitly has an 'any' type.
2026-10-07T22:16:36.9417776Z ##[error]src/app/api/v1/mtm/tasks/[id]/review/route.ts(60,38): error TS7006: Parameter 'tx' implicitly has an 'any' type.
2026-10-07T22:16:36.9418988Z ##[error]src/app/api/v1/mtm/tasks/[id]/route.ts(229,77): error TS7006: Parameter 'event' implicitly has an 'any' type.
2026-10-07T22:16:36.9420184Z ##[error]src/app/api/v1/mtm/tasks/[id]/route.ts(232,64): error TS7006: Parameter 'event' implicitly has an 'any' type.
2026-10-07T22:16:36.9421457Z ##[error]src/app/api/v1/mtm/tasks/[id]/route.ts(242,49): error TS7006: Parameter 'eventActor' implicitly has an 'any' type.
2026-10-07T22:16:36.9422685Z ##[error]src/app/api/v1/mtm/tasks/[id]/route.ts(243,50): error TS7006: Parameter 'document' implicitly has an 'any' type.
2026-10-07T22:16:36.9423908Z ##[error]src/app/api/v1/mtm/tasks/[id]/route.ts(244,56): error TS7006: Parameter 'document' implicitly has an 'any' type.
2026-10-07T22:16:36.9425191Z ##[error]src/app/api/v1/mtm/tasks/[id]/route.ts(263,33): error TS2339: Property 'id' does not exist on type '{}'.
2026-10-07T22:16:36.9426391Z ##[error]src/app/api/v1/mtm/tasks/[id]/route.ts(264,39): error TS2339: Property 'fileName' does not exist on type '{}'.
2026-10-07T22:16:36.9427573Z ##[error]src/app/api/v1/mtm/tasks/[id]/route.ts(265,79): error TS2339: Property 'id' does not exist on type '{}'.
2026-10-07T22:16:36.9428753Z ##[error]src/app/api/v1/mtm/tasks/[id]/route.ts(284,33): error TS7006: Parameter 'event' implicitly has an 'any' type.
2026-10-07T22:16:36.9429947Z ##[error]src/app/api/v1/mtm/tasks/[id]/route.ts(287,32): error TS7006: Parameter 'event' implicitly has an 'any' type.
2026-10-07T22:16:36.9431270Z ##[error]src/app/api/v1/mtm/tasks/[id]/route.ts(325,35): error TS7006: Parameter 'document' implicitly has an 'any' type.
2026-10-07T22:16:36.9432688Z ##[error]src/app/api/v1/mtm/tasks/[id]/route.ts(458,12): error TS2339: Property 'agentId' does not exist on type 'MtmTaskUpdateManyMutationInput'.
2026-10-07T22:16:36.9434179Z ##[error]src/app/api/v1/mtm/tasks/[id]/route.ts(461,45): error TS2339: Property 'customerId' does not exist on type 'MtmTaskUpdateManyMutationInput'.
2026-10-07T22:16:36.9435746Z ##[error]src/app/api/v1/mtm/tasks/[id]/route.ts(462,42): error TS2339: Property 'visitId' does not exist on type 'MtmTaskUpdateManyMutationInput'.
2026-10-07T22:16:36.9437336Z ##[error]src/app/api/v1/mtm/tasks/[id]/route.ts(464,12): error TS2339: Property 'taskGroupDictionaryId' does not exist on type 'MtmTaskUpdateManyMutationInput'.
2026-10-07T22:16:36.9438677Z ##[error]src/app/api/v1/mtm/tasks/[id]/route.ts(609,57): error TS7006: Parameter 'tx' implicitly has an 'any' type.
2026-10-07T22:16:36.9439900Z ##[error]src/app/api/v1/mtm/tasks/[id]/route.ts(689,36): error TS7006: Parameter 'candidate' implicitly has an 'any' type.
2026-10-07T22:16:36.9441133Z ##[error]src/app/api/v1/mtm/tasks/[id]/route.ts(702,38): error TS7006: Parameter 'candidate' implicitly has an 'any' type.
2026-10-07T22:16:36.9442365Z ##[error]src/app/api/v1/mtm/tasks/[id]/route.ts(711,29): error TS7006: Parameter 'candidate' implicitly has an 'any' type.
2026-10-07T22:16:36.9443579Z ##[error]src/app/api/v1/mtm/tasks/[id]/route.ts(714,45): error TS7006: Parameter 'candidate' implicitly has an 'any' type.
2026-10-07T22:16:36.9444802Z ##[error]src/app/api/v1/mtm/tasks/[id]/route.ts(719,48): error TS7006: Parameter 'candidate' implicitly has an 'any' type.
2026-10-07T22:16:36.9446129Z ##[error]src/app/api/v1/mtm/tasks/[id]/route.ts(734,46): error TS7006: Parameter 'candidate' implicitly has an 'any' type.
2026-10-07T22:16:36.9447359Z ##[error]src/app/api/v1/mtm/tasks/[id]/route.ts(747,31): error TS7006: Parameter 'candidate' implicitly has an 'any' type.
2026-10-07T22:16:36.9448699Z ##[error]src/app/api/v1/mtm/tasks/[id]/route.ts(748,31): error TS7006: Parameter 'candidate' implicitly has an 'any' type.
2026-10-07T22:16:36.9449888Z ##[error]src/app/api/v1/mtm/tasks/[id]/route.ts(748,77): error TS7006: Parameter 'left' implicitly has an 'any' type.
2026-10-07T22:16:36.9451088Z ##[error]src/app/api/v1/mtm/tasks/[id]/route.ts(748,83): error TS7006: Parameter 'right' implicitly has an 'any' type.
2026-10-07T22:16:36.9452271Z ##[error]src/app/api/v1/mtm/tasks/[id]/route.ts(1039,54): error TS7006: Parameter 'tx' implicitly has an 'any' type.
2026-10-07T22:16:36.9454705Z ##[error]src/app/api/v1/mtm/tasks/bulk-reassign/route.ts(55,34): error TS7006: Parameter 'task' implicitly has an 'any' type.
2026-10-07T22:16:36.9456089Z ##[error]src/app/api/v1/mtm/tasks/bulk-reassign/route.ts(59,31): error TS7006: Parameter 'task' implicitly has an 'any' type.
2026-10-07T22:16:36.9457396Z ##[error]src/app/api/v1/mtm/tasks/bulk-reassign/route.ts(65,38): error TS7006: Parameter 'tx' implicitly has an 'any' type.
2026-10-07T22:16:36.9458690Z ##[error]src/app/api/v1/mtm/tasks/bulk-reassign/route.ts(117,27): error TS7006: Parameter 'task' implicitly has an 'any' type.
2026-10-07T22:16:36.9459967Z ##[error]src/app/api/v1/mtm/tasks/bulk-reassign/route.ts(127,27): error TS7006: Parameter 'task' implicitly has an 'any' type.
2026-10-07T22:16:36.9461224Z ##[error]src/app/api/v1/mtm/tasks/route.ts(211,40): error TS7006: Parameter 'task' implicitly has an 'any' type.
2026-10-07T22:16:36.9462406Z ##[error]src/app/api/v1/mtm/tasks/route.ts(211,83): error TS7006: Parameter 'task' implicitly has an 'any' type.
2026-10-07T22:16:36.9463592Z ##[error]src/app/api/v1/mtm/tasks/route.ts(216,16): error TS7006: Parameter 'row' implicitly has an 'any' type.
2026-10-07T22:16:36.9464775Z ##[error]src/app/api/v1/mtm/tasks/route.ts(219,83): error TS7006: Parameter 'row' implicitly has an 'any' type.
2026-10-07T22:16:36.9466062Z ##[error]src/app/api/v1/mtm/tasks/route.ts(229,27): error TS7006: Parameter 'task' implicitly has an 'any' type.
2026-10-07T22:16:36.9467362Z ##[error]src/app/api/v1/mtm/tasks/route.ts(357,51): error TS7006: Parameter 'tx' implicitly has an 'any' type.
2026-10-07T22:16:36.9473848Z ##[error]src/app/api/v1/mtm/visits/[id]/actions/route.ts(121,9): error TS2322: Type 'Record<string, unknown> | JsonNull' is not assignable to type 'NullableJsonNullValueInput | InputJsonValue | undefined'.
2026-10-07T22:16:36.9475289Z   Type 'Record<string, unknown>' is not assignable to type 'NullableJsonNullValueInput | InputJsonValue | undefined'.
2026-10-07T22:16:36.9476187Z     Type 'Record<string, unknown>' is missing the following properties from type 'readonly (InputJsonValue | null)[]': length, concat, join, slice, and 26 more.
2026-10-07T22:16:36.9478672Z ##[error]src/app/api/v1/mtm/visits/[id]/workspace/route.ts(53,57): error TS7006: Parameter 'participant' implicitly has an 'any' type.
2026-10-07T22:16:36.9479958Z ##[error]src/app/api/v1/mtm/visits/route.ts(127,18): error TS7006: Parameter 'visit' implicitly has an 'any' type.
2026-10-07T22:16:36.9482894Z ##[error]src/app/api/v1/mtm/week/route.ts(761,40): error TS7006: Parameter 'route' implicitly has an 'any' type.
2026-10-07T22:16:36.9484095Z ##[error]src/app/api/v1/mtm/week/route.ts(764,48): error TS7006: Parameter 'candidate' implicitly has an 'any' type.
2026-10-07T22:16:36.9485394Z ##[error]src/app/api/v1/mtm/week/route.ts(770,46): error TS7006: Parameter 'visit' implicitly has an 'any' type.
2026-10-07T22:16:36.9486603Z ##[error]src/app/api/v1/mtm/week/route.ts(772,30): error TS7006: Parameter 'participant' implicitly has an 'any' type.
2026-10-07T22:16:36.9487783Z ##[error]src/app/api/v1/mtm/week/route.ts(775,10): error TS7006: Parameter 'visit' implicitly has an 'any' type.
2026-10-07T22:16:36.9488947Z ##[error]src/app/api/v1/mtm/week/route.ts(806,35): error TS7006: Parameter 'point' implicitly has an 'any' type.
2026-10-07T22:16:36.9490113Z ##[error]src/app/api/v1/mtm/week/route.ts(863,52): error TS7006: Parameter 'visit' implicitly has an 'any' type.
2026-10-07T22:16:36.9491449Z ##[error]src/app/api/v1/mtm/week/route.ts(870,46): error TS7006: Parameter 'workday' implicitly has an 'any' type.
2026-10-07T22:16:36.9492621Z ##[error]src/app/api/v1/mtm/week/route.ts(883,45): error TS7006: Parameter 'visit' implicitly has an 'any' type.
2026-10-07T22:16:36.9493841Z ##[error]src/app/api/v1/mtm/week/route.ts(884,56): error TS7006: Parameter 'visit' implicitly has an 'any' type.
2026-10-07T22:16:36.9495017Z ##[error]src/app/api/v1/mtm/week/route.ts(885,36): error TS7006: Parameter 'task' implicitly has an 'any' type.
2026-10-07T22:16:36.9496268Z ##[error]src/app/api/v1/mtm/week/route.ts(908,15): error TS2339: Property 'id' does not exist on type '{}'.
2026-10-07T22:16:36.9497438Z ##[error]src/app/api/v1/mtm/week/route.ts(923,42): error TS7006: Parameter 'task' implicitly has an 'any' type.
2026-10-07T22:16:36.9498578Z ##[error]src/app/api/v1/mtm/week/route.ts(926,21): error TS2339: Property 'id' does not exist on type '{}'.
2026-10-07T22:16:36.9499732Z ##[error]src/app/api/v1/mtm/week/route.ts(927,40): error TS2339: Property 'status' does not exist on type '{}'.
2026-10-07T22:16:36.9500943Z ##[error]src/app/api/v1/mtm/week/route.ts(928,25): error TS2339: Property 'status' does not exist on type '{}'.
2026-10-07T22:16:36.9502138Z ##[error]src/app/api/v1/mtm/week/route.ts(929,28): error TS2339: Property 'startedAt' does not exist on type '{}'.
2026-10-07T22:16:36.9503353Z ##[error]src/app/api/v1/mtm/week/route.ts(930,27): error TS2339: Property 'pausedAt' does not exist on type '{}'.
2026-10-07T22:16:36.9504556Z ##[error]src/app/api/v1/mtm/week/route.ts(931,30): error TS2339: Property 'completedAt' does not exist on type '{}'.
2026-10-07T22:16:36.9505916Z ##[error]src/app/api/v1/mtm/week/route.ts(932,37): error TS2339: Property 'totalPausedSeconds' does not exist on type '{}'.
2026-10-07T22:16:36.9508057Z ##[error]src/app/api/v1/mtm/week/route.ts(935,65): error TS2345: Argument of type '{}' is not assignable to parameter of type '{ status: string; startedAt: Date; pausedAt: Date | null; completedAt: Date | null; totalPausedSeconds: number; }'.
2026-10-07T22:16:36.9509833Z   Type '{}' is missing the following properties from type '{ status: string; startedAt: Date; pausedAt: Date | null; completedAt: Date | null; totalPausedSeconds: number; }': status, startedAt, pausedAt, completedAt, totalPausedSeconds
2026-10-07T22:16:36.9511034Z ##[error]src/app/api/v1/mtm/week/route.ts(938,25): error TS2339: Property 'events' does not exist on type '{}'.
2026-10-07T22:16:36.9512183Z ##[error]src/app/api/v1/mtm/week/route.ts(939,77): error TS2339: Property 'id' does not exist on type '{}'.
2026-10-07T22:16:36.9513348Z ##[error]src/app/api/v1/mtm/week/route.ts(940,45): error TS2339: Property 'status' does not exist on type '{}'.
2026-10-07T22:16:36.9514549Z ##[error]src/app/api/v1/mtm/week/route.ts(963,50): error TS7006: Parameter 'change' implicitly has an 'any' type.
2026-10-07T22:16:36.9515872Z ##[error]src/app/api/v1/mtm/week/route.ts(966,55): error TS7006: Parameter 'candidate' implicitly has an 'any' type.
2026-10-07T22:16:36.9517062Z ##[error]src/app/api/v1/mtm/week/route.ts(1004,50): error TS7006: Parameter 'change' implicitly has an 'any' type.
2026-10-07T22:16:36.9518247Z ##[error]src/app/api/v1/mtm/week/route.ts(1048,20): error TS7006: Parameter 'route' implicitly has an 'any' type.
2026-10-07T22:16:36.9519426Z ##[error]src/app/api/v1/mtm/week/route.ts(1049,27): error TS7006: Parameter 'visit' implicitly has an 'any' type.
2026-10-07T22:16:36.9520599Z ##[error]src/app/api/v1/mtm/week/route.ts(1050,22): error TS7006: Parameter 'workday' implicitly has an 'any' type.
2026-10-07T22:16:36.9521788Z ##[error]src/app/api/v1/mtm/week/route.ts(1052,26): error TS7006: Parameter 'workday' implicitly has an 'any' type.
2026-10-07T22:16:36.9522976Z ##[error]src/app/api/v1/mtm/week/route.ts(1052,58): error TS7006: Parameter 'event' implicitly has an 'any' type.
2026-10-07T22:16:36.9524138Z ##[error]src/app/api/v1/mtm/week/route.ts(1053,19): error TS7006: Parameter 'task' implicitly has an 'any' type.
2026-10-07T22:16:36.9525525Z ##[error]src/app/api/v1/mtm/week/route.ts(1054,28): error TS7006: Parameter 'task' implicitly has an 'any' type.
2026-10-07T22:16:36.9526703Z ##[error]src/app/api/v1/mtm/week/route.ts(1055,25): error TS7006: Parameter 'change' implicitly has an 'any' type.
2026-10-07T22:16:36.9529654Z ##[error]src/app/api/v1/mtm/week/team/route.ts(98,32): error TS7006: Parameter 'agent' implicitly has an 'any' type.
2026-10-07T22:16:36.9530880Z ##[error]src/app/api/v1/mtm/week/team/route.ts(185,40): error TS7006: Parameter 'row' implicitly has an 'any' type.
2026-10-07T22:16:36.9532079Z ##[error]src/app/api/v1/mtm/week/team/route.ts(186,28): error TS7006: Parameter 'row' implicitly has an 'any' type.
2026-10-07T22:16:36.9533280Z ##[error]src/app/api/v1/mtm/week/team/route.ts(187,58): error TS7006: Parameter 'row' implicitly has an 'any' type.
2026-10-07T22:16:36.9534497Z ##[error]src/app/api/v1/mtm/week/team/route.ts(191,32): error TS7006: Parameter 'row' implicitly has an 'any' type.
2026-10-07T22:16:36.9535793Z ##[error]src/app/api/v1/mtm/week/team/route.ts(194,53): error TS7006: Parameter 'row' implicitly has an 'any' type.
2026-10-07T22:16:36.9536975Z ##[error]src/app/api/v1/mtm/week/team/route.ts(194,93): error TS7006: Parameter 'row' implicitly has an 'any' type.
2026-10-07T22:16:36.9540047Z ##[error]src/app/api/v1/mtm/week/workday/route.ts(278,53): error TS7006: Parameter 'tx' implicitly has an 'any' type.
2026-10-07T22:16:36.9543021Z ##[error]src/app/api/v1/portal-users/route.ts(89,30): error TS7006: Parameter 'c' implicitly has an 'any' type.
2026-10-07T22:16:36.9544209Z ##[error]src/app/api/v1/portal-users/route.ts(109,39): error TS7006: Parameter 'c' implicitly has an 'any' type.
2026-10-07T22:16:36.9545490Z ##[error]src/app/api/v1/portal-users/route.ts(110,42): error TS7006: Parameter 'c' implicitly has an 'any' type.
2026-10-07T22:16:36.9546656Z ##[error]src/app/api/v1/portal-users/route.ts(112,44): error TS7006: Parameter 'c' implicitly has an 'any' type.
2026-10-07T22:16:36.9553882Z ##[error]src/app/api/v1/public/demo-access/[token]/events/route.ts(62,58): error TS7006: Parameter 'tx' implicitly has an 'any' type.
2026-10-07T22:16:36.9555313Z ##[error]src/app/api/v1/public/demo-access/[token]/events/route.ts(84,55): error TS7006: Parameter 'tx' implicitly has an 'any' type.
2026-10-07T22:16:36.9556610Z ##[error]src/app/api/v1/public/demo-access/[token]/events/route.ts(149,55): error TS7006: Parameter 'tx' implicitly has an 'any' type.
2026-10-07T22:16:36.9559616Z ##[error]src/app/api/v1/public/demo-access/[token]/start/route.ts(53,54): error TS7006: Parameter 'tx' implicitly has an 'any' type.
2026-10-07T22:16:36.9562610Z ##[error]src/app/api/v1/public/portal-kb/route.ts(69,30): error TS7006: Parameter 'article' implicitly has an 'any' type.
2026-10-07T22:16:36.9567164Z ##[error]src/app/api/v1/settings/call-tasks/route.ts(64,38): error TS7006: Parameter 'board' implicitly has an 'any' type.
2026-10-07T22:16:36.9568463Z ##[error]src/app/api/v1/settings/call-tasks/route.ts(73,35): error TS7006: Parameter 'pipeline' implicitly has an 'any' type.
2026-10-07T22:16:36.9573207Z ##[error]src/app/api/v1/skill-routing/agents/route.ts(114,33): error TS7006: Parameter 'agent' implicitly has an 'any' type.
2026-10-07T22:16:36.9574487Z ##[error]src/app/api/v1/skill-routing/agents/route.ts(118,44): error TS7006: Parameter 'agent' implicitly has an 'any' type.
2026-10-07T22:16:36.9575845Z ##[error]src/app/api/v1/skill-routing/agents/route.ts(122,36): error TS7006: Parameter 'agent' implicitly has an 'any' type.
2026-10-07T22:16:36.9579879Z ##[error]src/app/api/v1/sla-policies/[id]/route.ts(43,54): error TS7006: Parameter 'tx' implicitly has an 'any' type.
2026-10-07T22:16:36.9581086Z ##[error]src/app/api/v1/sla-policies/route.ts(47,53): error TS7006: Parameter 'tx' implicitly has an 'any' type.
2026-10-07T22:16:36.9585943Z ##[error]src/app/api/v1/social/google-alerts/route.ts(84,40): error TS7006: Parameter 'source' implicitly has an 'any' type.
2026-10-07T22:16:36.9587205Z ##[error]src/app/api/v1/social/google-alerts/route.ts(89,41): error TS7006: Parameter 'source' implicitly has an 'any' type.
2026-10-07T22:16:36.9588569Z ##[error]src/app/api/v1/social/google-alerts/route.ts(97,61): error TS7006: Parameter 'source' implicitly has an 'any' type.
2026-10-07T22:16:36.9589842Z ##[error]src/app/api/v1/social/google-alerts/route.ts(101,50): error TS7006: Parameter 'source' implicitly has an 'any' type.
2026-10-07T22:16:36.9591137Z ##[error]src/app/api/v1/social/google-alerts/route.ts(102,53): error TS7006: Parameter 'source' implicitly has an 'any' type.
2026-10-07T22:16:36.9592403Z ##[error]src/app/api/v1/social/google-alerts/route.ts(103,45): error TS7006: Parameter 'total' implicitly has an 'any' type.
2026-10-07T22:16:36.9593680Z ##[error]src/app/api/v1/social/google-alerts/route.ts(103,52): error TS7006: Parameter 'source' implicitly has an 'any' type.
2026-10-07T22:16:36.9594939Z ##[error]src/app/api/v1/social/google-alerts/route.ts(104,47): error TS7006: Parameter 'total' implicitly has an 'any' type.
2026-10-07T22:16:36.9596093Z ##[error]src/app/api/v1/social/google-alerts/route.ts(104,54): error TS7006: Parameter 'source' implicitly has an 'any' type.
2026-10-07T22:16:36.9596898Z ##[error]src/app/api/v1/social/google-alerts/route.ts(105,34): error TS7006: Parameter 'source' implicitly has an 'any' type.
2026-10-07T22:16:36.9599289Z ##[error]src/app/api/v1/social/ingest-envelopes/route.ts(225,36): error TS7006: Parameter 'link' implicitly has an 'any' type.
2026-10-07T22:16:36.9600107Z ##[error]src/app/api/v1/social/ingest-envelopes/route.ts(231,20): error TS7006: Parameter 'link' implicitly has an 'any' type.
2026-10-07T22:16:36.9600943Z ##[error]src/app/api/v1/social/ingest-envelopes/route.ts(233,46): error TS7006: Parameter 'subjectLink' implicitly has an 'any' type.
2026-10-07T22:16:36.9601754Z ##[error]src/app/api/v1/social/ingest-envelopes/route.ts(237,16): error TS7006: Parameter 'link' implicitly has an 'any' type.
2026-10-07T22:16:36.9603209Z ##[error]src/app/api/v1/social/ingest-envelopes/route.ts(252,9): error TS2322: Type '({ routePlan: { is: { scenarioId: { in: string[]; }; }; }; } | { AND: (IngestEnvelopeWhereInput | { sourceId: { in: unknown[]; }; })[]; })[]' is not assignable to type 'IngestEnvelopeWhereInput[]'.
2026-10-07T22:16:36.9604227Z   Type '{ routePlan: { is: { scenarioId: { in: string[]; }; }; }; } | { AND: (IngestEnvelopeWhereInput | { sourceId: { in: unknown[]; }; })[]; }' is not assignable to type 'IngestEnvelopeWhereInput'.
2026-10-07T22:16:36.9604826Z     Type '{ AND: (Prisma.IngestEnvelopeWhereInput | { sourceId: { in: unknown[]; }; })[]; }' is not assignable to type 'IngestEnvelopeWhereInput'.
2026-10-07T22:16:36.9605354Z       Types of property 'AND' are incompatible.
2026-10-07T22:16:36.9605792Z         Type '(IngestEnvelopeWhereInput | { sourceId: { in: unknown[]; }; })[]' is not assignable to type 'IngestEnvelopeWhereInput | IngestEnvelopeWhereInput[] | undefined'.
2026-10-07T22:16:36.9606343Z           Type '(IngestEnvelopeWhereInput | { sourceId: { in: unknown[]; }; })[]' is not assignable to type 'IngestEnvelopeWhereInput[]'.
2026-10-07T22:16:36.9606825Z             Type 'IngestEnvelopeWhereInput | { sourceId: { in: unknown[]; }; }' is not assignable to type 'IngestEnvelopeWhereInput'.
2026-10-07T22:16:36.9607175Z               Types of property 'sourceId' are incompatible.
2026-10-07T22:16:36.9607536Z                 Type '{ in: unknown[]; }' is not assignable to type 'string | StringNullableFilter<"IngestEnvelope"> | null | undefined'.
2026-10-07T22:16:36.9607876Z                   Types of property 'in' are incompatible.
2026-10-07T22:16:36.9608224Z                     Type 'unknown[]' is not assignable to type 'string[] | FieldRef<"IngestEnvelope", "String[]"> | null | undefined'.
2026-10-07T22:16:36.9608576Z                       Type 'unknown[]' is not assignable to type 'string[]'.
2026-10-07T22:16:36.9608837Z                         Type 'unknown' is not assignable to type 'string'.
2026-10-07T22:16:36.9611336Z ##[error]src/app/api/v1/social/manual-engagement-tasks/route.ts(108,50): error TS7006: Parameter 'channel' implicitly has an 'any' type.
2026-10-07T22:16:36.9612373Z ##[error]src/app/api/v1/social/manual-engagement-tasks/route.ts(120,76): error TS2339: Property 'senderAccountId' does not exist on type '{}'.
2026-10-07T22:16:36.9613264Z ##[error]src/app/api/v1/social/manual-engagement-tasks/route.ts(145,46): error TS2339: Property 'senderAccountId' does not exist on type '{}'.
2026-10-07T22:16:36.9614145Z ##[error]src/app/api/v1/social/manual-engagement-tasks/route.ts(145,73): error TS2339: Property 'senderAccountId' does not exist on type '{}'.
2026-10-07T22:16:36.9615028Z ##[error]src/app/api/v1/social/manual-engagement-tasks/route.ts(167,35): error TS2339: Property 'senderAccountId' does not exist on type '{}'.
2026-10-07T22:16:36.9616050Z ##[error]src/app/api/v1/social/manual-engagement-tasks/route.ts(167,62): error TS2339: Property 'senderAccount' does not exist on type '{}'.
2026-10-07T22:16:36.9616964Z ##[error]src/app/api/v1/social/manual-engagement-tasks/route.ts(169,32): error TS2339: Property 'senderAccountId' does not exist on type '{}'.
2026-10-07T22:16:36.9617840Z ##[error]src/app/api/v1/social/manual-engagement-tasks/route.ts(170,27): error TS2339: Property 'senderAccount' does not exist on type '{}'.
2026-10-07T22:16:36.9618707Z ##[error]src/app/api/v1/social/manual-engagement-tasks/route.ts(170,64): error TS2339: Property 'senderAccount' does not exist on type '{}'.
2026-10-07T22:16:36.9619584Z ##[error]src/app/api/v1/social/manual-engagement-tasks/route.ts(186,42): error TS2339: Property 'senderAccountId' does not exist on type '{}'.
2026-10-07T22:16:36.9620453Z ##[error]src/app/api/v1/social/manual-engagement-tasks/route.ts(186,69): error TS2339: Property 'senderAccount' does not exist on type '{}'.
2026-10-07T22:16:36.9621325Z ##[error]src/app/api/v1/social/manual-engagement-tasks/route.ts(187,21): error TS2339: Property 'senderAccountId' does not exist on type '{}'.
2026-10-07T22:16:36.9627253Z ##[error]src/app/api/v1/social/mentions/[id]/ai-drafts/route.ts(147,30): error TS7006: Parameter 'item' implicitly has an 'any' type.
2026-10-07T22:16:36.9628094Z ##[error]src/app/api/v1/social/mentions/[id]/ai-drafts/route.ts(147,56): error TS7006: Parameter 'name' implicitly has an 'any' type.
2026-10-07T22:16:36.9628921Z ##[error]src/app/api/v1/social/mentions/[id]/ai-drafts/route.ts(175,33): error TS7006: Parameter 'draft' implicitly has an 'any' type.
2026-10-07T22:16:36.9630901Z ##[error]src/app/api/v1/social/mentions/[id]/convert-to-lead/route.ts(119,44): error TS7006: Parameter 'pipeline' implicitly has an 'any' type.
2026-10-07T22:16:36.9631756Z ##[error]src/app/api/v1/social/mentions/route.ts(786,10): error TS7006: Parameter 'mention' implicitly has an 'any' type.
2026-10-07T22:16:36.9632543Z ##[error]src/app/api/v1/social/mentions/route.ts(787,14): error TS7006: Parameter 'url' implicitly has an 'any' type.
2026-10-07T22:16:36.9633327Z ##[error]src/app/api/v1/social/mentions/route.ts(844,39): error TS7006: Parameter 'mention' implicitly has an 'any' type.
2026-10-07T22:16:36.9637032Z ##[error]src/app/api/v1/social/oauth/preflight/route.ts(94,6): error TS7006: Parameter 'r' implicitly has an 'any' type.
2026-10-07T22:16:36.9637829Z ##[error]src/app/api/v1/social/oauth/preflight/route.ts(97,6): error TS7006: Parameter 'r' implicitly has an 'any' type.
2026-10-07T22:16:36.9638613Z ##[error]src/app/api/v1/social/oauth/preflight/route.ts(126,28): error TS7006: Parameter 'r' implicitly has an 'any' type.
2026-10-07T22:16:36.9639401Z ##[error]src/app/api/v1/social/oauth/preflight/route.ts(140,14): error TS7006: Parameter 'r' implicitly has an 'any' type.
2026-10-07T22:16:36.9640187Z ##[error]src/app/api/v1/social/oauth/preflight/route.ts(141,11): error TS7006: Parameter 'r' implicitly has an 'any' type.
2026-10-07T22:16:36.9643831Z ##[error]src/app/api/v1/support/agent-desktop/route.ts(93,33): error TS7006: Parameter 'group' implicitly has an 'any' type.
2026-10-07T22:16:36.9651171Z ##[error]src/app/api/v1/ticket-macros/[id]/apply/route.ts(44,54): error TS7006: Parameter 'tx' implicitly has an 'any' type.
2026-10-07T22:16:36.9653368Z ##[error]src/app/api/v1/ticket-macros/categories/route.ts(45,57): error TS7006: Parameter 'tx' implicitly has an 'any' type.
2026-10-07T22:16:36.9654169Z ##[error]src/app/api/v1/ticket-macros/categories/route.ts(82,53): error TS7006: Parameter 'tx' implicitly has an 'any' type.
2026-10-07T22:16:36.9654964Z ##[error]src/app/api/v1/ticket-macros/categories/route.ts(128,53): error TS7006: Parameter 'tx' implicitly has an 'any' type.
2026-10-07T22:16:36.9655881Z ##[error]src/app/api/v1/ticket-macros/route.ts(65,74): error TS7006: Parameter 'macro' implicitly has an 'any' type.
2026-10-07T22:16:36.9661674Z ##[error]src/app/api/v1/tickets/[id]/comments/route.ts(63,39): error TS7006: Parameter 'tx' implicitly has an 'any' type.
2026-10-07T22:16:36.9663894Z ##[error]src/app/api/v1/tickets/[id]/context/route.ts(69,33): error TS7006: Parameter 'deal' implicitly has an 'any' type.
2026-10-07T22:16:36.9664884Z ##[error]src/app/api/v1/tickets/route.ts(82,38): error TS7006: Parameter 'company' implicitly has an 'any' type.
2026-10-07T22:16:36.9665747Z ##[error]src/app/api/v1/tickets/route.ts(83,39): error TS7006: Parameter 'user' implicitly has an 'any' type.
2026-10-07T22:16:36.9668545Z ##[error]src/app/api/v1/tickets/take-next/route.ts(48,52): error TS7006: Parameter 'tx' implicitly has an 'any' type.
2026-10-07T22:16:36.9673665Z ##[error]src/app/api/v1/users/[id]/route.ts(284,55): error TS7006: Parameter 'tx' implicitly has an 'any' type.
2026-10-07T22:16:36.9679029Z ##[error]src/app/api/v1/webhooks/tiktok-business/route.ts(125,36): error TS7006: Parameter 'tx' implicitly has an 'any' type.
2026-10-07T22:16:36.9685197Z ##[error]src/app/api/v1/workforce/attendance/security-triage/route.ts(49,34): error TS7006: Parameter 'agent' implicitly has an 'any' type.
2026-10-07T22:16:36.9686079Z ##[error]src/app/api/v1/workforce/attendance/security-triage/route.ts(96,43): error TS7006: Parameter 'row' implicitly has an 'any' type.
2026-10-07T22:16:36.9687095Z ##[error]src/app/api/v1/workforce/attendance/security-triage/route.ts(97,35): error TS7006: Parameter 'row' implicitly has an 'any' type.
2026-10-07T22:16:36.9693670Z ##[error]src/app/api/v1/workforce/configuration/access/grant-targets/route.ts(77,30): error TS7006: Parameter 'user' implicitly has an 'any' type.
2026-10-07T22:16:36.9694574Z ##[error]src/app/api/v1/workforce/configuration/access/grant-targets/route.ts(91,30): error TS7006: Parameter 'team' implicitly has an 'any' type.
2026-10-07T22:16:36.9695582Z ##[error]src/app/api/v1/workforce/configuration/access/grant-targets/route.ts(108,30): error TS7006: Parameter 'site' implicitly has an 'any' type.
2026-10-07T22:16:36.9696496Z ##[error]src/app/api/v1/workforce/configuration/access/grant-targets/route.ts(122,31): error TS7006: Parameter 'agent' implicitly has an 'any' type.
2026-10-07T22:16:36.9776186Z ##[error]src/app/api/v1/workforce/configuration/access/grants/route.ts(313,25): error TS7006: Parameter 'grant' implicitly has an 'any' type.
2026-10-07T22:16:36.9779013Z ##[error]src/app/api/v1/workforce/configuration/access/review/route.ts(93,60): error TS7006: Parameter 'row' implicitly has an 'any' type.
2026-10-07T22:16:36.9783840Z ##[error]src/app/api/v1/workforce/evidence/timeline/route.ts(164,37): error TS7006: Parameter 'row' implicitly has an 'any' type.
2026-10-07T22:16:36.9784750Z ##[error]src/app/api/v1/workforce/evidence/timeline/route.ts(186,45): error TS7006: Parameter 'assessment' implicitly has an 'any' type.
2026-10-07T22:16:36.9790251Z ##[error]src/app/api/v1/workforce/exceptions/[id]/response/route.ts(103,47): error TS7006: Parameter 'tx' implicitly has an 'any' type.
2026-10-07T22:16:36.9792531Z ##[error]src/app/api/v1/workforce/exceptions/mine/route.ts(99,31): error TS7006: Parameter 'item' implicitly has an 'any' type.
2026-10-07T22:16:36.9794658Z ##[error]src/app/api/v1/workforce/reports/route.ts(121,33): error TS7006: Parameter 'approval' implicitly has an 'any' type.
2026-10-07T22:16:36.9795599Z ##[error]src/app/api/v1/workforce/reports/route.ts(134,42): error TS7006: Parameter 'employee' implicitly has an 'any' type.
2026-10-07T22:16:36.9797986Z ##[error]src/app/api/v1/workforce/site-transition-reports/route.ts(119,72): error TS7006: Parameter 'transition' implicitly has an 'any' type.
2026-10-07T22:16:36.9798870Z ##[error]src/app/api/v1/workforce/site-transition-reports/route.ts(138,42): error TS7006: Parameter 'site' implicitly has an 'any' type.
2026-10-07T22:16:36.9799748Z ##[error]src/app/api/v1/workforce/site-transition-reports/route.ts(139,50): error TS7006: Parameter 'employee' implicitly has an 'any' type.
2026-10-07T22:16:36.9808377Z ##[error]src/app/api/v2/mtm/mobile/location/batch/route.ts(269,37): error TS7006: Parameter 'tx' implicitly has an 'any' type.
2026-10-07T22:16:36.9812018Z ##[error]src/app/api/v2/mtm/mobile/route-field/planning-targets/route.ts(365,32): error TS7006: Parameter 'row' implicitly has an 'any' type.
2026-10-07T22:16:36.9816773Z ##[error]src/components/mtm/contact-detail.tsx(318,11): error TS2322: Type '{ "x-organization-id": string; } | { "x-organization-id"?: undefined; }' is not assignable to type 'Record<string, string>'.
2026-10-07T22:16:36.9817548Z   Type '{ "x-organization-id"?: undefined; }' is not assignable to type 'Record<string, string>'.
2026-10-07T22:16:36.9817886Z     Property '"x-organization-id"' is incompatible with index signature.
2026-10-07T22:16:36.9818158Z       Type 'undefined' is not assignable to type 'string'.
2026-10-07T22:16:36.9818767Z ##[error]src/components/mtm/contact-detail.tsx(727,15): error TS2322: Type 'ChangeRequest[]' is not assignable to type 'DictionaryChangeRequest[]'.
2026-10-07T22:16:36.9819430Z   Type 'ChangeRequest' is not assignable to type 'DictionaryChangeRequest'.
2026-10-07T22:16:36.9819807Z     Property 'payload' is optional in type 'ChangeRequest' but required in type 'DictionaryChangeRequest'.
2026-10-07T22:16:36.9820829Z ##[error]src/components/mtm/contact-duplicate-dialog.tsx(88,11): error TS2322: Type '{ "x-organization-id": string; } | { "x-organization-id"?: undefined; }' is not assignable to type 'Record<string, string>'.
2026-10-07T22:16:36.9821610Z   Type '{ "x-organization-id"?: undefined; }' is not assignable to type 'Record<string, string>'.
2026-10-07T22:16:36.9821934Z     Property '"x-organization-id"' is incompatible with index signature.
2026-10-07T22:16:36.9822196Z       Type 'undefined' is not assignable to type 'string'.
2026-10-07T22:16:36.9823004Z ##[error]src/components/mtm/contact-duplicate-dialog.tsx(296,11): error TS2322: Type '{ "x-organization-id": string; } | { "x-organization-id"?: undefined; }' is not assignable to type 'Record<string, string>'.
2026-10-07T22:16:36.9823778Z   Type '{ "x-organization-id"?: undefined; }' is not assignable to type 'Record<string, string>'.
2026-10-07T22:16:36.9824096Z     Property '"x-organization-id"' is incompatible with index signature.
2026-10-07T22:16:36.9824354Z       Type 'undefined' is not assignable to type 'string'.
2026-10-07T22:16:36.9825003Z ##[error]src/components/mtm/contact-explorer.tsx(818,23): error TS2820: Type '"mtm-contacts"' is not assignable to type 'HelpSlug'. Did you mean '"contacts"'?
2026-10-07T22:16:36.9826425Z ##[error]src/components/mtm/contact-workplace-dialog.tsx(105,11): error TS2322: Type '{ "x-organization-id": string; } | { "x-organization-id"?: undefined; }' is not assignable to type 'Record<string, string>'.
2026-10-07T22:16:36.9827191Z   Type '{ "x-organization-id"?: undefined; }' is not assignable to type 'Record<string, string>'.
2026-10-07T22:16:36.9827514Z     Property '"x-organization-id"' is incompatible with index signature.
2026-10-07T22:16:36.9827773Z       Type 'undefined' is not assignable to type 'string'.
2026-10-07T22:16:36.9828364Z ##[error]src/components/mtm/coverage-policy-admin.tsx(97,33): error TS2737: BigInt literals are not available when targeting lower than ES2020.
2026-10-07T22:16:36.9829295Z ##[error]src/components/mtm/coverage-policy-admin.tsx(101,25): error TS2737: BigInt literals are not available when targeting lower than ES2020.
2026-10-07T22:16:36.9830317Z ##[error]src/components/mtm/coverage-policy-admin.tsx(102,29): error TS2737: BigInt literals are not available when targeting lower than ES2020.
2026-10-07T22:16:36.9831239Z ##[error]src/components/mtm/coverage-policy-admin.tsx(122,100): error TS2737: BigInt literals are not available when targeting lower than ES2020.
2026-10-07T22:16:36.9832158Z ##[error]src/components/mtm/coverage-policy-admin.tsx(123,96): error TS2737: BigInt literals are not available when targeting lower than ES2020.
2026-10-07T22:16:36.9833074Z ##[error]src/components/mtm/coverage-policy-admin.tsx(124,92): error TS2737: BigInt literals are not available when targeting lower than ES2020.
2026-10-07T22:16:36.9834157Z ##[error]src/components/mtm/operational-week-home.tsx(1814,117): error TS2345: Argument of type 'string | null' is not assignable to parameter of type 'string | number | boolean'.
2026-10-07T22:16:36.9834837Z   Type 'null' is not assignable to type 'string | number | boolean'.
2026-10-07T22:16:36.9835683Z ##[error]src/components/mtm/operational-week-home.tsx(2615,14): error TS2367: This comparison appears to be unintentional because the types '"ready"' and '"loading"' have no overlap.
2026-10-07T22:16:36.9836811Z ##[error]src/components/mtm/operational-week-home.tsx(2619,17): error TS2367: This comparison appears to be unintentional because the types '"ready"' and '"error"' have no overlap.
2026-10-07T22:16:36.9837956Z ##[error]src/components/mtm/operational-week-home.tsx(2621,17): error TS2367: This comparison appears to be unintentional because the types '"ready"' and '"unavailable"' have no overlap.
2026-10-07T22:16:36.9839200Z ##[error]src/components/mtm/organization-detail.tsx(292,11): error TS2322: Type '{ "x-organization-id": string; } | { "x-organization-id"?: undefined; }' is not assignable to type 'Record<string, string>'.
2026-10-07T22:16:36.9839954Z   Type '{ "x-organization-id"?: undefined; }' is not assignable to type 'Record<string, string>'.
2026-10-07T22:16:36.9840278Z     Property '"x-organization-id"' is incompatible with index signature.
2026-10-07T22:16:36.9840639Z       Type 'undefined' is not assignable to type 'string'.
2026-10-07T22:16:36.9841449Z ##[error]src/components/mtm/organization-explorer.tsx(393,11): error TS2322: Type '{ "x-organization-id": string; } | { "x-organization-id"?: undefined; }' is not assignable to type 'Record<string, string>'.
2026-10-07T22:16:36.9842205Z   Type '{ "x-organization-id"?: undefined; }' is not assignable to type 'Record<string, string>'.
2026-10-07T22:16:36.9842523Z     Property '"x-organization-id"' is incompatible with index signature.
2026-10-07T22:16:36.9842782Z       Type 'undefined' is not assignable to type 'string'.
2026-10-07T22:16:36.9843582Z ##[error]src/components/mtm/route-planning-matrix.tsx(200,57): error TS2322: Type '{ "x-organization-id": string; } | { "x-organization-id"?: undefined; }' is not assignable to type 'Record<string, string>'.
2026-10-07T22:16:36.9844337Z   Type '{ "x-organization-id"?: undefined; }' is not assignable to type 'Record<string, string>'.
2026-10-07T22:16:36.9844658Z     Property '"x-organization-id"' is incompatible with index signature.
2026-10-07T22:16:36.9844914Z       Type 'undefined' is not assignable to type 'string'.
2026-10-07T22:16:36.9845623Z ##[error]src/components/mtm/task-form.tsx(188,32): error TS2677: A type predicate's type must be assignable to its parameter's type.
2026-10-07T22:16:36.9846694Z   Type 'LocalTaskScheduleDstAdjustment' is not assignable to type '{ field: "scheduledStart"; resolution: { kind: "AMBIGUOUS_EARLIER"; shiftedMinutes: 0; } | { kind: "SHIFTED_FORWARD"; shiftedMinutes: number; }; } | { field: "dueAt"; resolution: { kind: "AMBIGUOUS_EARLIER"; shiftedMinutes: 0; } | { ...; }; } | null'.
2026-10-07T22:16:36.9847815Z     Type 'LocalTaskScheduleDstAdjustment' is not assignable to type '{ field: "scheduledStart"; resolution: { kind: "AMBIGUOUS_EARLIER"; shiftedMinutes: 0; } | { kind: "SHIFTED_FORWARD"; shiftedMinutes: number; }; } | { field: "dueAt"; resolution: { kind: "AMBIGUOUS_EARLIER"; shiftedMinutes: 0; } | { ...; }; }'.
2026-10-07T22:16:36.9848886Z       Type 'LocalTaskScheduleDstAdjustment' is not assignable to type '{ field: "dueAt"; resolution: { kind: "AMBIGUOUS_EARLIER"; shiftedMinutes: 0; } | { kind: "SHIFTED_FORWARD"; shiftedMinutes: number; }; }'.
2026-10-07T22:16:36.9849357Z         Types of property 'field' are incompatible.
2026-10-07T22:16:36.9849623Z           Type '"dueAt" | "scheduledStart"' is not assignable to type '"dueAt"'.
2026-10-07T22:16:36.9849906Z             Type '"scheduledStart"' is not assignable to type '"dueAt"'.
2026-10-07T22:16:36.9851339Z ##[error]src/components/mtm/task-form.tsx(197,33): error TS2322: Type '({ field: "scheduledStart"; resolution: { kind: "AMBIGUOUS_EARLIER"; shiftedMinutes: 0; } | { kind: "SHIFTED_FORWARD"; shiftedMinutes: number; }; } | { field: "dueAt"; resolution: { kind: "AMBIGUOUS_EARLIER"; shiftedMinutes: 0; } | { ...; }; } | null)[]' is not assignable to type 'LocalTaskScheduleDstAdjustment[]'.
2026-10-07T22:16:36.9852793Z   Type '{ field: "scheduledStart"; resolution: { kind: "AMBIGUOUS_EARLIER"; shiftedMinutes: 0; } | { kind: "SHIFTED_FORWARD"; shiftedMinutes: number; }; } | { field: "dueAt"; resolution: { kind: "AMBIGUOUS_EARLIER"; shiftedMinutes: 0; } | { ...; }; } | null' is not assignable to type 'LocalTaskScheduleDstAdjustment'.
2026-10-07T22:16:36.9853460Z     Type 'null' is not assignable to type 'LocalTaskScheduleDstAdjustment'.
2026-10-07T22:16:36.9854901Z ##[error]src/components/mtm/task-form.tsx(212,7): error TS2322: Type '({ field: "scheduledStart"; resolution: { kind: "AMBIGUOUS_EARLIER"; shiftedMinutes: 0; } | { kind: "SHIFTED_FORWARD"; shiftedMinutes: number; }; } | { field: "dueAt"; resolution: { kind: "AMBIGUOUS_EARLIER"; shiftedMinutes: 0; } | { ...; }; } | null)[]' is not assignable to type 'LocalTaskScheduleDstAdjustment[]'.
2026-10-07T22:16:36.9856521Z   Type '{ field: "scheduledStart"; resolution: { kind: "AMBIGUOUS_EARLIER"; shiftedMinutes: 0; } | { kind: "SHIFTED_FORWARD"; shiftedMinutes: number; }; } | { field: "dueAt"; resolution: { kind: "AMBIGUOUS_EARLIER"; shiftedMinutes: 0; } | { ...; }; } | null' is not assignable to type 'LocalTaskScheduleDstAdjustment'.
2026-10-07T22:16:36.9856663Z     Type 'null' is not assignable to type 'LocalTaskScheduleDstAdjustment'.
2026-10-07T22:16:36.9858246Z ##[error]src/components/mtm/task-workspace.tsx(220,22): error TS2345: Argument of type '(this: undefined, item: any) => { dueDate: string; }[] | { dueDate: string | null; scheduledStartAt: string | null; dstAdjusted: boolean; dstKind: string | null; dstShiftedMinutes: number | null; }[]' is not assignable to parameter of type '(this: undefined, value: any, index: number, array: any[]) => { dueDate: string; } | readonly { dueDate: string; }[]'.
2026-10-07T22:16:36.9858942Z   Type '{ dueDate: string; }[] | { dueDate: string | null; scheduledStartAt: string | null; dstAdjusted: boolean; dstKind: string | null; dstShiftedMinutes: number | null; }[]' is not assignable to type '{ dueDate: string; } | readonly { dueDate: string; }[]'.
2026-10-07T22:16:36.9859372Z     Type '{ dueDate: string | null; scheduledStartAt: string | null; dstAdjusted: boolean; dstKind: string | null; dstShiftedMinutes: number | null; }[]' is not assignable to type '{ dueDate: string; } | readonly { dueDate: string; }[]'.
2026-10-07T22:16:36.9859762Z       Type '{ dueDate: string | null; scheduledStartAt: string | null; dstAdjusted: boolean; dstKind: string | null; dstShiftedMinutes: number | null; }[]' is not assignable to type 'readonly { dueDate: string; }[]'.
2026-10-07T22:16:36.9860131Z         Type '{ dueDate: string | null; scheduledStartAt: string | null; dstAdjusted: boolean; dstKind: string | null; dstShiftedMinutes: number | null; }' is not assignable to type '{ dueDate: string; }'.
2026-10-07T22:16:36.9860235Z           Types of property 'dueDate' are incompatible.
2026-10-07T22:16:36.9860353Z             Type 'string | null' is not assignable to type 'string'.
2026-10-07T22:16:36.9860458Z               Type 'null' is not assignable to type 'string'.
2026-10-07T22:16:36.9862674Z ##[error]src/components/tasks/task-detail-view.tsx(982,97): error TS2339: Property 'columnKey' does not exist on type '{ key: string; label: string; }'.
2026-10-07T22:16:36.9867588Z ##[error]src/lib/ai/lead-scoring.ts(173,41): error TS7006: Parameter 's' implicitly has an 'any' type.
2026-10-07T22:16:36.9868124Z ##[error]src/lib/ai/lead-scoring.ts(174,39): error TS7006: Parameter 'sum' implicitly has an 'any' type.
2026-10-07T22:16:36.9868632Z ##[error]src/lib/ai/lead-scoring.ts(174,44): error TS7006: Parameter 's' implicitly has an 'any' type.
2026-10-07T22:16:36.9869188Z ##[error]src/lib/ai/social-agent.ts(71,23): error TS7006: Parameter 'config' implicitly has an 'any' type.
2026-10-07T22:16:36.9869711Z ##[error]src/lib/ai/social-agent.ts(73,21): error TS7006: Parameter 'config' implicitly has an 'any' type.
2026-10-07T22:16:36.9870231Z ##[error]src/lib/ai/social-agent.ts(74,21): error TS7006: Parameter 'config' implicitly has an 'any' type.
2026-10-07T22:16:36.9872561Z ##[error]src/lib/ai/voice/execute-read-tool.ts(149,11): error TS2345: Argument of type 'string' is not assignable to parameter of type 'Role | undefined'.
2026-10-07T22:16:36.9873134Z ##[error]src/lib/ai/voice/lead-coverage.ts(83,30): error TS7006: Parameter 'lead' implicitly has an 'any' type.
2026-10-07T22:16:36.9873667Z ##[error]src/lib/ai/voice/lead-coverage.ts(94,19): error TS7006: Parameter 'row' implicitly has an 'any' type.
2026-10-07T22:16:36.9874191Z ##[error]src/lib/ai/voice/lead-coverage.ts(94,47): error TS7006: Parameter 'id' implicitly has an 'any' type.
2026-10-07T22:16:36.9874722Z ##[error]src/lib/ai/voice/lead-coverage.ts(98,24): error TS7006: Parameter 'lead' implicitly has an 'any' type.
2026-10-07T22:16:36.9875354Z ##[error]src/lib/ai/voice/lead-coverage.ts(98,58): error TS7006: Parameter 'id' implicitly has an 'any' type.
2026-10-07T22:16:36.9875888Z ##[error]src/lib/ai/voice/lead-coverage.ts(106,39): error TS7006: Parameter 'user' implicitly has an 'any' type.
2026-10-07T22:16:36.9876533Z ##[error]src/lib/ai/voice/record-read.ts(123,45): error TS7006: Parameter 'r' implicitly has an 'any' type.
2026-10-07T22:16:36.9877050Z ##[error]src/lib/ai/voice/record-read.ts(157,38): error TS7006: Parameter 'r' implicitly has an 'any' type.
2026-10-07T22:16:36.9877568Z ##[error]src/lib/ai/voice/record-read.ts(178,40): error TS7006: Parameter 'c' implicitly has an 'any' type.
2026-10-07T22:16:36.9881076Z ##[error]src/lib/commitments/late-callbacks.ts(88,40): error TS7006: Parameter 'task' implicitly has an 'any' type.
2026-10-07T22:16:36.9881622Z ##[error]src/lib/commitments/late-callbacks.ts(103,14): error TS7006: Parameter 't' implicitly has an 'any' type.
2026-10-07T22:16:36.9882153Z ##[error]src/lib/commitments/late-callbacks.ts(104,11): error TS7006: Parameter 't' implicitly has an 'any' type.
2026-10-07T22:16:36.9882685Z ##[error]src/lib/commitments/late-callbacks.ts(106,11): error TS7006: Parameter 't' implicitly has an 'any' type.
2026-10-07T22:16:36.9883225Z ##[error]src/lib/commitments/late-callbacks.ts(107,14): error TS7006: Parameter 'id' implicitly has an 'any' type.
2026-10-07T22:16:36.9883766Z ##[error]src/lib/commitments/late-callbacks.ts(109,6): error TS7006: Parameter 'acc' implicitly has an 'any' type.
2026-10-07T22:16:36.9884295Z ##[error]src/lib/commitments/late-callbacks.ts(109,11): error TS7006: Parameter 't' implicitly has an 'any' type.
2026-10-07T22:16:36.9884819Z ##[error]src/lib/commitments/late-callbacks.ts(150,39): error TS7006: Parameter 'l' implicitly has an 'any' type.
2026-10-07T22:16:36.9885469Z ##[error]src/lib/commitments/late-callbacks.ts(151,43): error TS7006: Parameter 's' implicitly has an 'any' type.
2026-10-07T22:16:36.9886017Z ##[error]src/lib/commitments/late-callbacks.ts(163,49): error TS7006: Parameter 'task' implicitly has an 'any' type.
2026-10-07T22:16:36.9886585Z ##[error]src/lib/commitments/late-callbacks.ts(179,23): error TS2339: Property 'contactName' does not exist on type '{}'.
2026-10-07T22:16:36.9887133Z ##[error]src/lib/commitments/late-callbacks.ts(180,24): error TS2339: Property 'phone' does not exist on type '{}'.
2026-10-07T22:16:36.9887768Z ##[error]src/lib/commitments/late-callbacks.ts(182,27): error TS2339: Property 'name' does not exist on type '{}'.
2026-10-07T22:16:36.9888308Z ##[error]src/lib/commitments/late-callbacks.ts(182,51): error TS2339: Property 'email' does not exist on type '{}'.
2026-10-07T22:16:36.9893147Z ##[error]src/lib/crm-commands/deal/effects.ts(54,12): error TS7006: Parameter 'configs' implicitly has an 'any' type.
2026-10-07T22:16:36.9894750Z ##[error]src/lib/crm-commands/lead/create-lead.ts(188,44): error TS7006: Parameter 'pipeline' implicitly has an 'any' type.
2026-10-07T22:16:36.9897003Z ##[error]src/lib/dashboard/quick-actions.ts(1,21): error TS2305: Module '"lucide-react"' has no exported member 'ElementType'.
2026-10-07T22:16:36.9899075Z ##[error]src/lib/demo-center/access.ts(20,52): error TS7006: Parameter 'tx' implicitly has an 'any' type.
2026-10-07T22:16:36.9899645Z ##[error]src/lib/demo-center/admin-counters.ts(40,38): error TS7006: Parameter 'grant' implicitly has an 'any' type.
2026-10-07T22:16:36.9900202Z ##[error]src/lib/demo-center/auto-issue.ts(94,31): error TS7006: Parameter 'user' implicitly has an 'any' type.
2026-10-07T22:16:36.9900779Z ##[error]src/lib/demo-center/call-prompt-match.ts(99,91): error TS7006: Parameter 'call' implicitly has an 'any' type.
2026-10-07T22:16:36.9901340Z ##[error]src/lib/demo-center/call-prompt-match.ts(102,41): error TS7006: Parameter 'event' implicitly has an 'any' type.
2026-10-07T22:16:36.9901899Z ##[error]src/lib/demo-center/call-prompt-match.ts(103,34): error TS7006: Parameter 'call' implicitly has an 'any' type.
2026-10-07T22:16:36.9902455Z ##[error]src/lib/demo-center/call-prompt-match.ts(111,39): error TS7006: Parameter 'call' implicitly has an 'any' type.
2026-10-07T22:16:36.9903022Z ##[error]src/lib/demo-center/call-prompt-match.ts(117,45): error TS7006: Parameter 'candidate' implicitly has an 'any' type.
2026-10-07T22:16:36.9903680Z ##[error]src/lib/demo-center/demo-whatsapp.ts(191,34): error TS7006: Parameter 'row' implicitly has an 'any' type.
2026-10-07T22:16:36.9904220Z ##[error]src/lib/demo-center/demo-whatsapp.ts(193,29): error TS7006: Parameter 'row' implicitly has an 'any' type.
2026-10-07T22:16:36.9904759Z ##[error]src/lib/demo-center/demo-whatsapp.ts(197,11): error TS7006: Parameter 'row' implicitly has an 'any' type.
2026-10-07T22:16:36.9905427Z ##[error]src/lib/demo-center/issue-grant.ts(61,73): error TS7006: Parameter 'tx' implicitly has an 'any' type.
2026-10-07T22:16:36.9905996Z ##[error]src/lib/demo-center/issue-grant.ts(77,41): error TS7006: Parameter 'item' implicitly has an 'any' type.
2026-10-07T22:16:36.9906526Z ##[error]src/lib/demo-center/issue-grant.ts(89,28): error TS7006: Parameter 'item' implicitly has an 'any' type.
2026-10-07T22:16:36.9907057Z ##[error]src/lib/demo-center/issue-grant.ts(148,85): error TS7006: Parameter 'tx' implicitly has an 'any' type.
2026-10-07T22:16:36.9907586Z ##[error]src/lib/demo-center/issue-grant.ts(170,77): error TS7006: Parameter 'tx' implicitly has an 'any' type.
2026-10-07T22:16:36.9909618Z ##[error]src/lib/demo-center/journey/records.ts(481,54): error TS18048: 'outcome' is possibly 'undefined'.
2026-10-07T22:16:36.9910134Z ##[error]src/lib/demo-center/journey/records.ts(481,84): error TS18048: 'outcome' is possibly 'undefined'.
2026-10-07T22:16:36.9910640Z ##[error]src/lib/demo-center/journey/records.ts(483,86): error TS18048: 'outcome' is possibly 'undefined'.
2026-10-07T22:16:36.9911153Z ##[error]src/lib/demo-center/journey/records.ts(483,111): error TS18048: 'outcome' is possibly 'undefined'.
2026-10-07T22:16:36.9911718Z ##[error]src/lib/demo-center/phone-telegram.ts(338,29): error TS7006: Parameter 'row' implicitly has an 'any' type.
2026-10-07T22:16:36.9912260Z ##[error]src/lib/demo-center/phone-telegram.ts(341,29): error TS7006: Parameter 'row' implicitly has an 'any' type.
2026-10-07T22:16:36.9912826Z ##[error]src/lib/demo-center/phone-telegram.ts(384,44): error TS7006: Parameter 'candidate' implicitly has an 'any' type.
2026-10-07T22:16:36.9913490Z ##[error]src/lib/demo-center/phone-telegram.ts(385,32): error TS7006: Parameter 'candidate' implicitly has an 'any' type.
2026-10-07T22:16:36.9914038Z ##[error]src/lib/demo-center/phone-telegram.ts(407,27): error TS7006: Parameter 'total' implicitly has an 'any' type.
2026-10-07T22:16:36.9914595Z ##[error]src/lib/demo-center/phone-telegram.ts(407,34): error TS7006: Parameter 'candidate' implicitly has an 'any' type.
2026-10-07T22:16:36.9915276Z ##[error]src/lib/demo-center/phone-telegram.ts(408,34): error TS7006: Parameter 'candidate' implicitly has an 'any' type.
2026-10-07T22:16:36.9915861Z ##[error]src/lib/demo-center/phone-verification.ts(90,33): error TS7006: Parameter 'row' implicitly has an 'any' type.
2026-10-07T22:16:36.9916420Z ##[error]src/lib/demo-center/phone-verification.ts(92,31): error TS7006: Parameter 'total' implicitly has an 'any' type.
2026-10-07T22:16:36.9916972Z ##[error]src/lib/demo-center/phone-verification.ts(92,38): error TS7006: Parameter 'row' implicitly has an 'any' type.
2026-10-07T22:16:36.9919956Z ##[error]src/lib/event-platform/append.ts(224,3): error TS2559: Type 'ProcessEnv' has no properties in common with type 'Partial<Record<"GIT_SHA" | "GITHUB_SHA" | "VERCEL_GIT_COMMIT_SHA" | "COMMIT_SHA", string | undefined>>'.
2026-10-07T22:16:36.9920621Z ##[error]src/lib/event-platform/fund-contracts.ts(32,34): error TS2737: BigInt literals are not available when targeting lower than ES2020.
2026-10-07T22:16:36.9921268Z ##[error]src/lib/event-platform/projection.ts(128,101): error TS2737: BigInt literals are not available when targeting lower than ES2020.
2026-10-07T22:16:36.9921887Z ##[error]src/lib/event-platform/projection.ts(228,100): error TS2737: BigInt literals are not available when targeting lower than ES2020.
2026-10-07T22:16:36.9922501Z ##[error]src/lib/event-platform/projection.ts(228,105): error TS2737: BigInt literals are not available when targeting lower than ES2020.
2026-10-07T22:16:36.9926364Z ##[error]src/lib/inbox/chatwoot-inbound.ts(235,9): error TS2561: Object literal may only specify known properties, but 'inboundMessageIds' does not exist in type '{ orgId: string; channelType: string; conversationId: string | null; contactId?: string | null | undefined; inboundText: string; to: string; channelConfigId?: string | null | undefined; inboundMessageId?: string | ... 1 more ... | undefined; preSend?: (() => Promise<...>) | undefined; nowMs?: number | undefined; }'. Did you mean to write 'inboundMessageId'?
2026-10-07T22:16:36.9926963Z ##[error]src/lib/inbox/chatwoot-source-guard.ts(90,12): error TS7006: Parameter 'row' implicitly has an 'any' type.
2026-10-07T22:16:36.9927626Z ##[error]src/lib/inbox/lead-qualification.ts(74,42): error TS2345: Argument of type '"late"' is not assignable to parameter of type 'never'.
2026-10-07T22:16:36.9928183Z ##[error]src/lib/inbox/lead-qualification.ts(376,49): error TS7006: Parameter 'message' implicitly has an 'any' type.
2026-10-07T22:16:36.9928792Z ##[error]src/lib/inbox/repair-closed-qualifications.ts(86,54): error TS7006: Parameter 'message' implicitly has an 'any' type.
2026-10-07T22:16:36.9929373Z ##[error]src/lib/inbox/send-conversation-reply.ts(121,37): error TS7006: Parameter 'tx' implicitly has an 'any' type.
2026-10-07T22:16:36.9929915Z ##[error]src/lib/inbox/send-conversation-reply.ts(281,37): error TS7006: Parameter 'tx' implicitly has an 'any' type.
2026-10-07T22:16:36.9931088Z ##[error]src/lib/inbox/send-conversation-reply.ts(492,27): error TS2352: Conversion of type '{ id: string; status: string; }' to type 'null' may be a mistake because neither type sufficiently overlaps with the other. If this was intentional, convert the expression to 'unknown' first.
2026-10-07T22:16:36.9931642Z ##[error]src/lib/inbox/send-conversation-reply.ts(559,64): error TS2339: Property 'id' does not exist on type 'never'.
2026-10-07T22:16:36.9932189Z ##[error]src/lib/inbox/send-conversation-reply.ts(561,42): error TS2339: Property 'id' does not exist on type 'never'.
2026-10-07T22:16:36.9932770Z ##[error]src/lib/inbox/send-conversation-reply.ts(611,32): error TS2339: Property 'id' does not exist on type 'never'.
2026-10-07T22:16:36.9933409Z ##[error]src/lib/inbox/send-conversation-reply.ts(611,66): error TS2339: Property 'id' does not exist on type 'never'.
2026-10-07T22:16:36.9933951Z ##[error]src/lib/inbox/send-conversation-reply.ts(626,30): error TS2339: Property 'id' does not exist on type 'never'.
2026-10-07T22:16:36.9934494Z ##[error]src/lib/inbox/send-conversation-reply.ts(626,64): error TS2339: Property 'id' does not exist on type 'never'.
2026-10-07T22:16:36.9938275Z ##[error]src/lib/mtm/coverage-policy.ts(231,34): error TS2737: BigInt literals are not available when targeting lower than ES2020.
2026-10-07T22:16:36.9938900Z ##[error]src/lib/mtm/coverage-policy.ts(241,83): error TS2737: BigInt literals are not available when targeting lower than ES2020.
2026-10-07T22:16:36.9939559Z ##[error]src/lib/mtm/coverage-snapshot.ts(48,34): error TS2737: BigInt literals are not available when targeting lower than ES2020.
2026-10-07T22:16:36.9940167Z ##[error]src/lib/mtm/coverage-snapshot.ts(53,28): error TS2737: BigInt literals are not available when targeting lower than ES2020.
2026-10-07T22:16:36.9940766Z ##[error]src/lib/mtm/coverage-snapshot.ts(55,28): error TS2737: BigInt literals are not available when targeting lower than ES2020.
2026-10-07T22:16:36.9941363Z ##[error]src/lib/mtm/coverage-snapshot.ts(56,32): error TS2737: BigInt literals are not available when targeting lower than ES2020.
2026-10-07T22:16:36.9941961Z ##[error]src/lib/mtm/coverage-snapshot.ts(67,62): error TS2737: BigInt literals are not available when targeting lower than ES2020.
2026-10-07T22:16:36.9943460Z ##[error]src/lib/mtm/demo-pulse.ts(366,14): error TS7006: Parameter 'row' implicitly has an 'any' type.
2026-10-07T22:16:36.9944059Z ##[error]src/lib/mtm/mobile-location-reconciliation.ts(199,40): error TS7006: Parameter 'tx' implicitly has an 'any' type.
2026-10-07T22:16:36.9944740Z ##[error]src/lib/mtm/mobile-route-command-retention.ts(74,60): error TS7006: Parameter 'tx' implicitly has an 'any' type.
2026-10-07T22:16:36.9945447Z ##[error]src/lib/mtm/mobile-route-command-retention.ts(75,30): error TS2347: Untyped function calls may not accept type arguments.
2026-10-07T22:16:36.9946038Z ##[error]src/lib/mtm/mobile-route-command-retention.ts(106,37): error TS7006: Parameter 'candidate' implicitly has an 'any' type.
2026-10-07T22:16:36.9946613Z ##[error]src/lib/mtm/mobile-route-command.ts(1169,45): error TS7006: Parameter 'tx' implicitly has an 'any' type.
2026-10-07T22:16:36.9947189Z ##[error]src/lib/mtm/mobile-sync-v2-retention.ts(109,37): error TS7006: Parameter 'tx' implicitly has an 'any' type.
2026-10-07T22:16:36.9947768Z ##[error]src/lib/mtm/mobile-sync-v2-retention.ts(110,30): error TS2347: Untyped function calls may not accept type arguments.
2026-10-07T22:16:36.9951298Z ##[error]src/lib/social/ai-draft-service.ts(212,14): error TS7006: Parameter 'item' implicitly has an 'any' type.
2026-10-07T22:16:36.9951840Z ##[error]src/lib/social/ai-draft-service.ts(213,17): error TS7006: Parameter 'name' implicitly has an 'any' type.
2026-10-07T22:16:36.9953422Z ##[error]src/lib/social/apify-async-adapter.ts(1422,14): error TS7006: Parameter 'error' implicitly has an 'any' type.
2026-10-07T22:16:36.9953972Z ##[error]src/lib/social/apify-async-adapter.ts(1645,14): error TS7006: Parameter 'error' implicitly has an 'any' type.
2026-10-07T22:16:36.9954514Z ##[error]src/lib/social/apify-async-adapter.ts(2432,57): error TS7006: Parameter 'tx' implicitly has an 'any' type.
2026-10-07T22:16:36.9955170Z ##[error]src/lib/social/apify-async-adapter.ts(5096,16): error TS7006: Parameter 'error' implicitly has an 'any' type.
2026-10-07T22:16:36.9956129Z ##[error]src/lib/social/automatic-review-backfill.ts(326,11): error TS7022: 'page' implicitly has type 'any' because it does not have a type annotation and is referenced directly or indirectly in its own initializer.
2026-10-07T22:16:36.9957563Z ##[error]src/lib/social/automatic-review-backfill.ts(598,37): error TS2339: Property 'automaticReviewTriage' does not exist on type '{ status: "SUPERSEDED"; envelopeId: string; mentionId: null; created: boolean; } | { reviewSubjectId?: string | undefined; status: "ALREADY_ACCEPTED"; envelopeId: any; mentionId: any; created: boolean; } | { ...; }'.
2026-10-07T22:16:36.9958141Z   Property 'automaticReviewTriage' does not exist on type '{ status: "SUPERSEDED"; envelopeId: string; mentionId: null; created: boolean; }'.
2026-10-07T22:16:36.9958555Z ##[error]src/lib/social/incremental-monitoring-report.ts(425,73): error TS7006: Parameter 'mention' implicitly has an 'any' type.
2026-10-07T22:16:36.9959145Z ##[error]src/lib/social/incremental-monitoring-report.ts(444,13): error TS7006: Parameter 'envelope' implicitly has an 'any' type.
2026-10-07T22:16:36.9959737Z ##[error]src/lib/social/incremental-monitoring-report.ts(449,45): error TS7006: Parameter 'link' implicitly has an 'any' type.
2026-10-07T22:16:36.9960342Z ##[error]src/lib/social/incremental-monitoring-report.ts(452,10): error TS7006: Parameter 'envelope' implicitly has an 'any' type.
2026-10-07T22:16:36.9960949Z ##[error]src/lib/social/ingest-envelope-replay.ts(259,48): error TS7006: Parameter 'subject' implicitly has an 'any' type.
2026-10-07T22:16:36.9961510Z ##[error]src/lib/social/ingest-envelope-replay.ts(261,30): error TS7006: Parameter 'subject' implicitly has an 'any' type.
2026-10-07T22:16:36.9962066Z ##[error]src/lib/social/ingest-envelope-replay.ts(442,16): error TS7006: Parameter 'error' implicitly has an 'any' type.
2026-10-07T22:16:36.9962616Z ##[error]src/lib/social/ingest-envelope-replay.ts(569,14): error TS7006: Parameter 'error' implicitly has an 'any' type.
2026-10-07T22:16:36.9963163Z ##[error]src/lib/social/ingest-envelope-replay.ts(714,14): error TS7006: Parameter 'error' implicitly has an 'any' type.
2026-10-07T22:16:36.9963890Z ##[error]src/lib/social/legal-workflow.ts(27,11): error TS2322: Type 'null' is not assignable to type 'string | StringFilter<"SocialMention"> | undefined'.
2026-10-07T22:16:36.9964664Z ##[error]src/lib/social/legal-workflow.ts(33,11): error TS2322: Type 'null' is not assignable to type 'string | StringFilter<"SocialMention"> | undefined'.
2026-10-07T22:16:36.9965384Z ##[error]src/lib/social/legal-workflow.ts(169,59): error TS7006: Parameter 'match' implicitly has an 'any' type.
2026-10-07T22:16:36.9965921Z ##[error]src/lib/social/legal-workflow.ts(182,52): error TS7006: Parameter 'match' implicitly has an 'any' type.
2026-10-07T22:16:36.9967583Z ##[error]src/lib/social/monitoring-collector.ts(1972,3): error TS2739: Type '{}' is missing the following properties from type '{ claim: MonitoringSourceRunClaim; eligibleStatuses: readonly string[]; manualPaidRun?: boolean | undefined; manualSourceRun?: boolean | undefined; fullArchiveRun?: boolean | undefined; ... 8 more ...; includeComments?: boolean | undefined; }': claim, eligibleStatuses
2026-10-07T22:16:36.9970229Z ##[error]src/lib/social/monitoring-collector.ts(2524,9): error TS2322: Type '{ dependentCommentsAuthorized: true; dependentCommentsMaxTotalChargeUsd: number | null; sourceAuthorizedMaxTotalChargeUsd: number; discoveryMaxTotalChargeUsd: number; archiveStartAt?: string | ... 1 more ... | undefined; ... 15 more ...; fullArchiveRun: boolean; } | { ...; } | { ...; }' is not assignable to type '{ collectorRunId: string; routePlanId: string; capability: string; adapterKey: string; acquisitionMode: string; providerKey?: string | null | undefined; providerRunId?: string | null | undefined; ... 22 more ...; providerWindowOverride?: { ...; } | undefined; } | undefined'.
2026-10-07T22:16:36.9971524Z   Type '{ dependentCommentsAuthorized: true; dependentCommentsMaxTotalChargeUsd: number | null; sourceAuthorizedMaxTotalChargeUsd: number; discoveryMaxTotalChargeUsd: number; archiveStartAt?: string | ... 1 more ... | undefined; ... 15 more ...; fullArchiveRun: boolean; }' is not assignable to type '{ collectorRunId: string; routePlanId: string; capability: string; adapterKey: string; acquisitionMode: string; providerKey?: string | null | undefined; providerRunId?: string | null | undefined; ... 22 more ...; providerWindowOverride?: { ...; } | undefined; }'.
2026-10-07T22:16:36.9971769Z     Types of property 'dependentCommentsMaxTotalChargeUsd' are incompatible.
2026-10-07T22:16:36.9971901Z       Type 'number | null' is not assignable to type 'number | undefined'.
2026-10-07T22:16:36.9972020Z         Type 'null' is not assignable to type 'number | undefined'.
2026-10-07T22:16:36.9972318Z ##[error]src/lib/social/monitoring-collector.ts(3058,22): error TS18046: 'run' is of type 'unknown'.
2026-10-07T22:16:36.9972821Z ##[error]src/lib/social/monitoring-collector.ts(3079,58): error TS18046: 'run' is of type 'unknown'.
2026-10-07T22:16:36.9973376Z ##[error]src/lib/social/monitoring-collector.ts(3136,7): error TS18046: 'run' is of type 'unknown'.
2026-10-07T22:16:36.9973871Z ##[error]src/lib/social/monitoring-collector.ts(3163,20): error TS18046: 'run' is of type 'unknown'.
2026-10-07T22:16:36.9974363Z ##[error]src/lib/social/monitoring-collector.ts(3228,22): error TS18046: 'run' is of type 'unknown'.
2026-10-07T22:16:36.9974861Z ##[error]src/lib/social/monitoring-collector.ts(3235,43): error TS18046: 'run' is of type 'unknown'.
2026-10-07T22:16:36.9975652Z ##[error]src/lib/social/monitoring-collector.ts(3238,32): error TS18046: 'run' is of type 'unknown'.
2026-10-07T22:16:36.9976430Z ##[error]src/lib/social/monitoring-import-fence.ts(78,3): error TS2322: Type 'Promise<T>' is not assignable to type 'Promise<Awaited<T>>'.
2026-10-07T22:16:36.9976747Z   Type 'T' is not assignable to type 'Awaited<T>'.
2026-10-07T22:16:36.9977092Z ##[error]src/lib/social/monitoring-import-fence.ts(228,36): error TS7006: Parameter 'tx' implicitly has an 'any' type.
2026-10-07T22:16:36.9977640Z ##[error]src/lib/social/monitoring-import-fence.ts(268,36): error TS7006: Parameter 'tx' implicitly has an 'any' type.
2026-10-07T22:16:36.9978219Z ##[error]src/lib/social/monitoring-run-job.ts(232,35): error TS7006: Parameter 'source' implicitly has an 'any' type.
2026-10-07T22:16:36.9978896Z ##[error]src/lib/social/monitoring-run-job.ts(248,35): error TS7006: Parameter 'byScenario' implicitly has an 'any' type.
2026-10-07T22:16:36.9979446Z ##[error]src/lib/social/monitoring-run-job.ts(248,47): error TS7006: Parameter 'source' implicitly has an 'any' type.
2026-10-07T22:16:36.9979985Z ##[error]src/lib/social/monitoring-run-job.ts(249,55): error TS7006: Parameter 'link' implicitly has an 'any' type.
2026-10-07T22:16:36.9980528Z ##[error]src/lib/social/monitoring-run-job.ts(256,24): error TS7006: Parameter 'source' implicitly has an 'any' type.
2026-10-07T22:16:36.9981073Z ##[error]src/lib/social/monitoring-run-job.ts(256,32): error TS7006: Parameter 'index' implicitly has an 'any' type.
2026-10-07T22:16:36.9981617Z ##[error]src/lib/social/monitoring-run-job.ts(403,43): error TS7006: Parameter 'item' implicitly has an 'any' type.
2026-10-07T22:16:36.9982161Z ##[error]src/lib/social/monitoring-run-job.ts(404,38): error TS7006: Parameter 'item' implicitly has an 'any' type.
2026-10-07T22:16:36.9982700Z ##[error]src/lib/social/monitoring-run-job.ts(415,35): error TS7006: Parameter 'sum' implicitly has an 'any' type.
2026-10-07T22:16:36.9983235Z ##[error]src/lib/social/monitoring-run-job.ts(415,40): error TS7006: Parameter 'item' implicitly has an 'any' type.
2026-10-07T22:16:36.9983767Z ##[error]src/lib/social/monitoring-run-job.ts(416,33): error TS7006: Parameter 'sum' implicitly has an 'any' type.
2026-10-07T22:16:36.9984305Z ##[error]src/lib/social/monitoring-run-job.ts(416,38): error TS7006: Parameter 'item' implicitly has an 'any' type.
2026-10-07T22:16:36.9984843Z ##[error]src/lib/social/monitoring-run-job.ts(425,26): error TS7006: Parameter 'item' implicitly has an 'any' type.
2026-10-07T22:16:36.9985462Z ##[error]src/lib/social/monitoring-run-job.ts(950,28): error TS18046: 'input.item' is of type 'unknown'.
2026-10-07T22:16:36.9985965Z ##[error]src/lib/social/monitoring-run-job.ts(955,23): error TS18046: 'input.item' is of type 'unknown'.
2026-10-07T22:16:36.9986464Z ##[error]src/lib/social/monitoring-run-job.ts(956,11): error TS18046: 'input.item' is of type 'unknown'.
2026-10-07T22:16:36.9987056Z ##[error]src/lib/social/monitoring-run-job.ts(973,61): error TS18046: 'input.item' is of type 'unknown'.
2026-10-07T22:16:36.9987563Z ##[error]src/lib/social/monitoring-run-job.ts(981,5): error TS18046: 'item' is of type 'unknown'.
2026-10-07T22:16:36.9988064Z ##[error]src/lib/social/monitoring-run-job.ts(982,8): error TS18046: 'item' is of type 'unknown'.
2026-10-07T22:16:36.9988550Z ##[error]src/lib/social/monitoring-run-job.ts(983,8): error TS18046: 'item' is of type 'unknown'.
2026-10-07T22:16:36.9989037Z ##[error]src/lib/social/monitoring-run-job.ts(988,23): error TS18046: 'item' is of type 'unknown'.
2026-10-07T22:16:36.9989522Z ##[error]src/lib/social/monitoring-run-job.ts(989,11): error TS18046: 'item' is of type 'unknown'.
2026-10-07T22:16:36.9990006Z ##[error]src/lib/social/monitoring-run-job.ts(1005,7): error TS18046: 'item' is of type 'unknown'.
2026-10-07T22:16:36.9990496Z ##[error]src/lib/social/monitoring-run-job.ts(1006,22): error TS18046: 'item' is of type 'unknown'.
2026-10-07T22:16:36.9991065Z ##[error]src/lib/social/monitoring-run-job.ts(1008,7): error TS2698: Spread types may only be created from object types.
2026-10-07T22:16:36.9991618Z ##[error]src/lib/social/monitoring-run-job.ts(1011,16): error TS7006: Parameter 'row' implicitly has an 'any' type.
2026-10-07T22:16:36.9992112Z ##[error]src/lib/social/monitoring-run-job.ts(1016,34): error TS18046: 'item' is of type 'unknown'.
2026-10-07T22:16:36.9992606Z ##[error]src/lib/social/monitoring-run-job.ts(1016,59): error TS18046: 'item' is of type 'unknown'.
2026-10-07T22:16:36.9993097Z ##[error]src/lib/social/monitoring-run-job.ts(1030,25): error TS18046: 'item' is of type 'unknown'.
2026-10-07T22:16:36.9993583Z ##[error]src/lib/social/monitoring-run-job.ts(1031,17): error TS18046: 'item' is of type 'unknown'.
2026-10-07T22:16:36.9994065Z ##[error]src/lib/social/monitoring-run-job.ts(1041,34): error TS18046: 'item' is of type 'unknown'.
2026-10-07T22:16:36.9994647Z ##[error]src/lib/social/monitoring-run-job.ts(1041,59): error TS18046: 'item' is of type 'unknown'.
2026-10-07T22:16:36.9995324Z ##[error]src/lib/social/monitoring-run-job.ts(1056,5): error TS2698: Spread types may only be created from object types.
2026-10-07T22:16:36.9995812Z ##[error]src/lib/social/monitoring-run-job.ts(1057,16): error TS18046: 'item' is of type 'unknown'.
2026-10-07T22:16:36.9996299Z ##[error]src/lib/social/monitoring-run-job.ts(1057,65): error TS18046: 'item' is of type 'unknown'.
2026-10-07T22:16:36.9996784Z ##[error]src/lib/social/monitoring-run-job.ts(1060,8): error TS18046: 'item' is of type 'unknown'.
2026-10-07T22:16:36.9997325Z ##[error]src/lib/social/monitoring-run-job.ts(1061,17): error TS7006: Parameter 'row' implicitly has an 'any' type.
2026-10-07T22:16:36.9997811Z ##[error]src/lib/social/monitoring-run-job.ts(1064,33): error TS18046: 'item' is of type 'unknown'.
2026-10-07T22:16:36.9998373Z ##[error]src/lib/social/monitoring-run-job.ts(1065,40): error TS2698: Spread types may only be created from object types.
2026-10-07T22:16:36.9998863Z ##[error]src/lib/social/monitoring-run-job.ts(1068,20): error TS18046: 'item' is of type 'unknown'.
2026-10-07T22:16:36.9999349Z ##[error]src/lib/social/monitoring-run-job.ts(1072,25): error TS18046: 'item' is of type 'unknown'.
2026-10-07T22:16:36.9999832Z ##[error]src/lib/social/monitoring-run-job.ts(1073,17): error TS18046: 'item' is of type 'unknown'.
2026-10-07T22:16:37.0000317Z ##[error]src/lib/social/monitoring-run-job.ts(1075,16): error TS18046: 'item' is of type 'unknown'.
2026-10-07T22:16:37.0000800Z ##[error]src/lib/social/monitoring-run-job.ts(1081,69): error TS18046: 'item' is of type 'unknown'.
2026-10-07T22:16:37.0001284Z ##[error]src/lib/social/monitoring-run-job.ts(1089,25): error TS18046: 'item' is of type 'unknown'.
2026-10-07T22:16:37.0001772Z ##[error]src/lib/social/monitoring-run-job.ts(1090,17): error TS18046: 'item' is of type 'unknown'.
2026-10-07T22:16:37.0002258Z ##[error]src/lib/social/monitoring-run-job.ts(1092,40): error TS18046: 'item' is of type 'unknown'.
2026-10-07T22:16:37.0002841Z ##[error]src/lib/social/monitoring-run-job.ts(1099,32): error TS18046: 'item' is of type 'unknown'.
2026-10-07T22:16:37.0003326Z ##[error]src/lib/social/monitoring-run-job.ts(1099,57): error TS18046: 'item' is of type 'unknown'.
2026-10-07T22:16:37.0003813Z ##[error]src/lib/social/monitoring-run-job.ts(1106,40): error TS18046: 'item' is of type 'unknown'.
2026-10-07T22:16:37.0004301Z ##[error]src/lib/social/monitoring-run-job.ts(1113,6): error TS18046: 'item' is of type 'unknown'.
2026-10-07T22:16:37.0004790Z ##[error]src/lib/social/monitoring-run-job.ts(1114,24): error TS18046: 'item' is of type 'unknown'.
2026-10-07T22:16:37.0005804Z ##[error]src/lib/social/monitoring-run-job.ts(1117,32): error TS18046: 'item' is of type 'unknown'.
2026-10-07T22:16:37.0006480Z ##[error]src/lib/social/monitoring-run-job.ts(1117,57): error TS18046: 'item' is of type 'unknown'.
2026-10-07T22:16:37.0007135Z ##[error]src/lib/social/monitoring-run-job.ts(1123,29): error TS18046: 'item' is of type 'unknown'.
2026-10-07T22:16:37.0007845Z ##[error]src/lib/social/monitoring-run-job.ts(1129,48): error TS18046: 'item' is of type 'unknown'.
2026-10-07T22:16:37.0008507Z ##[error]src/lib/social/monitoring-run-job.ts(1134,21): error TS18046: 'item' is of type 'unknown'.
2026-10-07T22:16:37.0009239Z ##[error]src/lib/social/monitoring-run-job.ts(1135,13): error TS18046: 'item' is of type 'unknown'.
2026-10-07T22:16:37.0009895Z ##[error]src/lib/social/monitoring-run-job.ts(1147,23): error TS18046: 'item' is of type 'unknown'.
2026-10-07T22:16:37.0010533Z ##[error]src/lib/social/monitoring-run-job.ts(1148,11): error TS18046: 'item' is of type 'unknown'.
2026-10-07T22:16:37.0011229Z ##[error]src/lib/social/monitoring-run-job.ts(1192,11): error TS18046: 'item' is of type 'unknown'.
2026-10-07T22:16:37.0011894Z ##[error]src/lib/social/monitoring-run-job.ts(1213,11): error TS18046: 'item' is of type 'unknown'.
2026-10-07T22:16:37.0012745Z ##[error]src/lib/social/monitoring-run-job.ts(1239,23): error TS18046: 'input.item' is of type 'unknown'.
2026-10-07T22:16:37.0013389Z ##[error]src/lib/social/monitoring-run-job.ts(1240,11): error TS18046: 'input.item' is of type 'unknown'.
2026-10-07T22:16:37.0014112Z ##[error]src/lib/social/monitoring-run-job.ts(1260,10): error TS18046: 'item' is of type 'unknown'.
2026-10-07T22:16:37.0014811Z ##[error]src/lib/social/monitoring-run-job.ts(1260,29): error TS18046: 'item' is of type 'unknown'.
2026-10-07T22:16:37.0015592Z ##[error]src/lib/social/monitoring-run-job.ts(1266,18): error TS18046: 'item' is of type 'unknown'.
2026-10-07T22:16:37.0016315Z ##[error]src/lib/social/monitoring-run-job.ts(1268,21): error TS18046: 'item' is of type 'unknown'.
2026-10-07T22:16:37.0016982Z ##[error]src/lib/social/monitoring-run-job.ts(1269,19): error TS18046: 'item' is of type 'unknown'.
2026-10-07T22:16:37.0017658Z ##[error]src/lib/social/monitoring-run-job.ts(1270,24): error TS18046: 'item' is of type 'unknown'.
2026-10-07T22:16:37.0018358Z ##[error]src/lib/social/monitoring-run-job.ts(1271,26): error TS18046: 'item' is of type 'unknown'.
2026-10-07T22:16:37.0019039Z ##[error]src/lib/social/monitoring-run-job.ts(1272,30): error TS18046: 'item' is of type 'unknown'.
2026-10-07T22:16:37.0019746Z ##[error]src/lib/social/monitoring-run-job.ts(1273,28): error TS18046: 'item' is of type 'unknown'.
2026-10-07T22:16:37.0020421Z ##[error]src/lib/social/monitoring-run-job.ts(1274,20): error TS18046: 'item' is of type 'unknown'.
2026-10-07T22:16:37.0021084Z ##[error]src/lib/social/monitoring-run-job.ts(1292,15): error TS18046: 'item' is of type 'unknown'.
2026-10-07T22:16:37.0021796Z ##[error]src/lib/social/monitoring-run-job.ts(1294,24): error TS18046: 'item' is of type 'unknown'.
2026-10-07T22:16:37.0022413Z ##[error]src/lib/social/monitoring-run-job.ts(1294,56): error TS18046: 'item' is of type 'unknown'.
2026-10-07T22:16:37.0023146Z ##[error]src/lib/social/monitoring-run-job.ts(1295,23): error TS18046: 'item' is of type 'unknown'.
2026-10-07T22:16:37.0023903Z ##[error]src/lib/social/monitoring-run-job.ts(1296,21): error TS18046: 'item' is of type 'unknown'.
2026-10-07T22:16:37.0024618Z ##[error]src/lib/social/monitoring-run-job.ts(1297,21): error TS18046: 'item' is of type 'unknown'.
2026-10-07T22:16:37.0025383Z ##[error]src/lib/social/monitoring-run-job.ts(1367,17): error TS18046: 'item' is of type 'unknown'.
2026-10-07T22:16:37.0026029Z ##[error]src/lib/social/monitoring-run-job.ts(1378,17): error TS18046: 'item' is of type 'unknown'.
2026-10-07T22:16:37.0026834Z ##[error]src/lib/social/monitoring-run-job.ts(1387,48): error TS2698: Spread types may only be created from object types.
2026-10-07T22:16:37.0027502Z ##[error]src/lib/social/monitoring-run-job.ts(1400,15): error TS18046: 'item' is of type 'unknown'.
2026-10-07T22:16:37.0028319Z ##[error]src/lib/social/monitoring-run-job.ts(1409,9): error TS18046: 'item' is of type 'unknown'.
2026-10-07T22:16:37.0028939Z ##[error]src/lib/social/monitoring-run-job.ts(1423,15): error TS18046: 'item' is of type 'unknown'.
2026-10-07T22:16:37.0029711Z ##[error]src/lib/social/monitoring-run-job.ts(1483,36): error TS7006: Parameter 'item' implicitly has an 'any' type.
2026-10-07T22:16:37.0030477Z ##[error]src/lib/social/monitoring-run-job.ts(1485,32): error TS7006: Parameter 'item' implicitly has an 'any' type.
2026-10-07T22:16:37.0031219Z ##[error]src/lib/social/monitoring-run-job.ts(1486,34): error TS7006: Parameter 'item' implicitly has an 'any' type.
2026-10-07T22:16:37.0031955Z ##[error]src/lib/social/monitoring-run-job.ts(1491,29): error TS7006: Parameter 'item' implicitly has an 'any' type.
2026-10-07T22:16:37.0032735Z ##[error]src/lib/social/monitoring-scenarios.ts(1282,28): error TS2347: Untyped function calls may not accept type arguments.
2026-10-07T22:16:37.0033536Z ##[error]src/lib/social/monitoring-source-run.ts(83,35): error TS7006: Parameter 'link' implicitly has an 'any' type.
2026-10-07T22:16:37.0088007Z ##[error]src/lib/social/social-monitoring-pdf.ts(781,56): error TS2345: Argument of type '"Bu dövrdə uyğun şərh tapılmadı." | "За этот период релевантные комментарии не найдены." | "No relevant comments were found for this period."' is not assignable to parameter of type '"Bu bölmə üçün məlumat yoxdur." | "Для этого раздела нет данных." | "No data is available for this section." | undefined'.
2026-10-07T22:16:37.0088875Z   Type '"Bu dövrdə uyğun şərh tapılmadı."' is not assignable to type '"Bu bölmə üçün məlumat yoxdur." | "Для этого раздела нет данных." | "No data is available for this section." | undefined'.
2026-10-07T22:16:37.0089414Z ##[error]src/lib/social/source-route-plan.ts(726,44): error TS7006: Parameter 'proof' implicitly has an 'any' type.
2026-10-07T22:16:37.0090194Z ##[error]src/lib/social/spike-alerts.ts(94,34): error TS7006: Parameter 'error' implicitly has an 'any' type.
2026-10-07T22:16:37.0091045Z ##[error]src/lib/social/tiktok-publication-revisit-repo.ts(91,52): error TS2347: Untyped function calls may not accept type arguments.
2026-10-07T22:16:37.0091898Z ##[error]src/lib/social/twitter-poller.ts(155,7): error TS2322: Type 'string | null' is not assignable to type 'string | undefined'.
2026-10-07T22:16:37.0092368Z   Type 'null' is not assignable to type 'string | undefined'.
2026-10-07T22:16:37.0092865Z ##[error]src/lib/social/visual-monitoring-report.ts(941,49): error TS7006: Parameter 'subject' implicitly has an 'any' type.
2026-10-07T22:16:37.0093657Z ##[error]src/lib/social/visual-monitoring-report.ts(1037,5): error TS2347: Untyped function calls may not accept type arguments.
2026-10-07T22:16:37.0094390Z ##[error]src/lib/social/visual-monitoring-report.ts(1083,54): error TS7006: Parameter 'row' implicitly has an 'any' type.
2026-10-07T22:16:37.0095259Z ##[error]src/lib/social/visual-monitoring-report.ts(1125,69): error TS7006: Parameter 'row' implicitly has an 'any' type.
2026-10-07T22:16:37.0095978Z ##[error]src/lib/social/visual-monitoring-report.ts(1127,10): error TS7006: Parameter 'id' implicitly has an 'any' type.
2026-10-07T22:16:37.0096730Z ##[error]src/lib/social/visual-monitoring-report.ts(1128,14): error TS7006: Parameter 'row' implicitly has an 'any' type.
2026-10-07T22:16:37.0097616Z ##[error]src/lib/social/visual-monitoring-report.ts(1253,46): error TS7006: Parameter 'detail' implicitly has an 'any' type.
2026-10-07T22:16:37.0098394Z ##[error]src/lib/social/visual-monitoring-report.ts(1254,46): error TS7006: Parameter 'parent' implicitly has an 'any' type.
2026-10-07T22:16:37.0099184Z ##[error]src/lib/social/visual-monitoring-report.ts(1269,42): error TS2339: Property 'sourceMetadata' does not exist on type '{}'.
2026-10-07T22:16:37.0099926Z ##[error]src/lib/social/visual-monitoring-report.ts(1271,31): error TS2339: Property 'evidences' does not exist on type '{}'.
2026-10-07T22:16:37.0100690Z ##[error]src/lib/social/visual-monitoring-report.ts(1273,12): error TS7006: Parameter 'evidence' implicitly has an 'any' type.
2026-10-07T22:16:37.0101482Z ##[error]src/lib/social/visual-monitoring-report.ts(1274,16): error TS7006: Parameter 'value' implicitly has an 'any' type.
2026-10-07T22:16:37.0102267Z ##[error]src/lib/social/visual-monitoring-report.ts(1275,49): error TS7006: Parameter 'candidate' implicitly has an 'any' type.
2026-10-07T22:16:37.0102998Z ##[error]src/lib/social/visual-monitoring-report.ts(1283,24): error TS7006: Parameter 'evidence' implicitly has an 'any' type.
2026-10-07T22:16:37.0103778Z ##[error]src/lib/social/visual-monitoring-report.ts(1284,19): error TS2339: Property 'ingestEnvelopes' does not exist on type '{}'.
2026-10-07T22:16:37.0104524Z ##[error]src/lib/social/visual-monitoring-report.ts(1284,46): error TS7006: Parameter 'envelope' implicitly has an 'any' type.
2026-10-07T22:16:37.0105444Z ##[error]src/lib/social/visual-monitoring-report.ts(1285,15): error TS2339: Property 'account' does not exist on type '{}'.
2026-10-07T22:16:37.0106180Z ##[error]src/lib/social/visual-monitoring-report.ts(1286,26): error TS2339: Property 'account' does not exist on type '{}'.
2026-10-07T22:16:37.0107019Z ##[error]src/lib/social/visual-monitoring-report.ts(1288,24): error TS2339: Property 'account' does not exist on type '{}'.
2026-10-07T22:16:37.0107767Z ##[error]src/lib/social/visual-monitoring-report.ts(1290,29): error TS2339: Property 'account' does not exist on type '{}'.
2026-10-07T22:16:37.0108535Z ##[error]src/lib/social/visual-monitoring-report.ts(1330,14): error TS7006: Parameter 'match' implicitly has an 'any' type.
2026-10-07T22:16:37.0109393Z ##[error]src/lib/social/visual-monitoring-report.ts(1331,17): error TS7006: Parameter 'subjectId' implicitly has an 'any' type.
2026-10-07T22:16:37.0110173Z ##[error]src/lib/social/visual-monitoring-report.ts(1343,5): error TS2322: Type '{}[]' is not assignable to type '{ id: string; name: string; }[]'.
2026-10-07T22:16:37.0110715Z   Type '{}' is missing the following properties from type '{ id: string; name: string; }': id, name
2026-10-07T22:16:37.0111243Z ##[error]src/lib/social/youtube-comments-adapter.ts(139,60): error TS7006: Parameter 'subject' implicitly has an 'any' type.
2026-10-07T22:16:37.0112256Z ##[error]src/lib/social/youtube-comments-adapter.ts(154,22): error TS2322: Type 'unknown[]' is not assignable to type 'string[] | FieldRef<"SocialMentionSubjectMatch", "String[]"> | undefined'.
2026-10-07T22:16:37.0112739Z   Type 'unknown[]' is not assignable to type 'string[]'.
2026-10-07T22:16:37.0112896Z     Type 'unknown' is not assignable to type 'string'.
2026-10-07T22:16:37.0113345Z ##[error]src/lib/tenant-provisioning-v2.ts(194,45): error TS7006: Parameter 'tx' implicitly has an 'any' type.
2026-10-07T22:16:37.0114164Z ##[error]src/lib/tenant-provisioning-v2.ts(651,55): error TS7006: Parameter 'step' implicitly has an 'any' type.
2026-10-07T22:16:37.0115272Z ##[error]src/lib/tenant-provisioning.ts(636,14): error TS7006: Parameter 'tx' implicitly has an 'any' type.
2026-10-07T22:16:37.0117943Z ##[error]src/lib/user-access-summary.ts(40,14): error TS2741: Property 'settings' is missing in type '{ crm: string[]; sales: string[]; contracts: string[]; marketing: string[]; loyalty: string[]; omnichannel: string[]; social: string[]; voip: string[]; support: string[]; finance: string[]; analytics: string[]; mtm: string[]; ... 5 more ...; "workforce-hrm": string[]; }' but required in type 'Record<UserHideableId, readonly string[]>'.
2026-10-07T22:16:37.0157366Z ##[error]src/lib/voice-agent/place-callback.ts(190,11): error TS2322: Type '{ organizationId: string; activeOrganizationKey: string; leadId: string; requestedByUserId: any; assignedToSnapshot: string | null; activeLeadKey: string; activePhoneKey: string; targetPhoneE164: string; ... 7 more ...; leaseUntil: Date; }' is not assignable to type '(Without<VoiceCallSessionCreateInput, VoiceCallSessionUncheckedCreateInput> & VoiceCallSessionUncheckedCreateInput) | (Without<...> & VoiceCallSessionCreateInput)'.
2026-10-07T22:16:37.0159702Z   Type '{ organizationId: string; activeOrganizationKey: string; leadId: string; requestedByUserId: any; assignedToSnapshot: string | null; activeLeadKey: string; activePhoneKey: string; targetPhoneE164: string; ... 7 more ...; leaseUntil: Date; }' is not assignable to type 'Without<VoiceCallSessionCreateInput, VoiceCallSessionUncheckedCreateInput> & VoiceCallSessionUncheckedCreateInput'.
2026-10-07T22:16:37.0161189Z     Property 'idempotencyKey' is missing in type '{ organizationId: string; activeOrganizationKey: string; leadId: string; requestedByUserId: any; assignedToSnapshot: string | null; activeLeadKey: string; activePhoneKey: string; targetPhoneE164: string; ... 7 more ...; leaseUntil: Date; }' but required in type 'VoiceCallSessionUncheckedCreateInput'.
2026-10-07T22:16:37.0162468Z ##[error]src/lib/voice-agent/place-callback.ts(244,44): error TS2345: Argument of type 'unknown' is not assignable to parameter of type 'VoipSettings'.
2026-10-07T22:16:37.0167167Z ##[error]src/lib/workforce/approved-timesheet-report.ts(86,3): error TS4104: The type 'readonly WorkforceTimesheetApprovalRow[]' is 'readonly' and cannot be assigned to the mutable type 'WorkforceTimesheetApprovalRow[]'.
2026-10-07T22:16:37.0168606Z ##[error]src/lib/workforce/calendar-configuration.ts(394,41): error TS7006: Parameter 'tx' implicitly has an 'any' type.
2026-10-07T22:16:37.0169575Z ##[error]src/lib/workforce/calendar-configuration.ts(420,37): error TS2347: Untyped function calls may not accept type arguments.
2026-10-07T22:16:37.0170410Z ##[error]src/lib/workforce/calendar-configuration.ts(493,41): error TS7006: Parameter 'candidate' implicitly has an 'any' type.
2026-10-07T22:16:37.0171349Z ##[error]src/lib/workforce/calendar-configuration.ts(497,30): error TS7006: Parameter 'candidate' implicitly has an 'any' type.
2026-10-07T22:16:37.0172160Z ##[error]src/lib/workforce/calendar-configuration.ts(499,32): error TS7006: Parameter 'candidate' implicitly has an 'any' type.
2026-10-07T22:16:37.0173082Z ##[error]src/lib/workforce/calendar-configuration.ts(636,41): error TS7006: Parameter 'tx' implicitly has an 'any' type.
2026-10-07T22:16:37.0173982Z ##[error]src/lib/workforce/calendar-configuration.ts(645,36): error TS2347: Untyped function calls may not accept type arguments.
2026-10-07T22:16:37.0174906Z ##[error]src/lib/workforce/calendar-configuration.ts(679,60): error TS7006: Parameter 'candidate' implicitly has an 'any' type.
2026-10-07T22:16:37.0175944Z ##[error]src/lib/workforce/calendar-configuration.ts(719,30): error TS7006: Parameter 'candidate' implicitly has an 'any' type.
2026-10-07T22:16:37.0177739Z ##[error]src/lib/workforce/direct-time-correction.ts(163,15): error TS2352: Conversion of type 'TransactionClient' to type 'WorkforceAccessGrantReaderDb' may be a mistake because neither type sufficiently overlaps with the other. If this was intentional, convert the expression to 'unknown' first.
2026-10-07T22:16:37.0179260Z   The types of 'workforceAccessGrant.findMany' are incompatible between these types.
2026-10-07T22:16:37.0181111Z     Type '<T extends WorkforceAccessGrantFindManyArgs>(args?: SelectSubset<T, WorkforceAccessGrantFindManyArgs<DefaultArgs>> | undefined) => PrismaPromise<...>' is not comparable to type '(args: { where: { organizationId: string; principalUserId: string; effectiveFrom: { lte: Date; }; OR: readonly [{ effectiveUntil: null; }, { effectiveUntil: { gt: Date; }; }]; }; orderBy: readonly [{ effectiveFrom: "desc"; }, { ...; }]; take: number; select: Record<...>; }) => Promise<...>'.
2026-10-07T22:16:37.0182850Z       Types of parameters 'args' and 'args' are incompatible.
2026-10-07T22:16:37.0184303Z         Type '{ where: { organizationId: string; principalUserId: string; effectiveFrom: { lte: Date; }; OR: readonly [{ effectiveUntil: null; }, { effectiveUntil: { gt: Date; }; }]; }; orderBy: readonly [{ effectiveFrom: "desc"; }, { ...; }]; take: number; select: Record<...>; }' is not comparable to type 'SelectSubset<any, WorkforceAccessGrantFindManyArgs<DefaultArgs>> | undefined'.
2026-10-07T22:16:37.0185914Z           Type '{ where: { organizationId: string; principalUserId: string; effectiveFrom: { lte: Date; }; OR: readonly [{ effectiveUntil: null; }, { effectiveUntil: { gt: Date; }; }]; }; orderBy: readonly [{ effectiveFrom: "desc"; }, { ...; }]; take: number; select: Record<...>; }' is not comparable to type '{ [x: string]: never; } & "Please either choose `select` or `omit`."'.
2026-10-07T22:16:37.0187653Z             Type '{ where: { organizationId: string; principalUserId: string; effectiveFrom: { lte: Date; }; OR: readonly [{ effectiveUntil: null; }, { effectiveUntil: { gt: Date; }; }]; }; orderBy: readonly [{ effectiveFrom: "desc"; }, { ...; }]; take: number; select: Record<...>; }' is not comparable to type '{ [x: string]: never; }'.
2026-10-07T22:16:37.0188293Z               Property 'where' is incompatible with index signature.
2026-10-07T22:16:37.0188808Z                 Type '{ organizationId: string; principalUserId: string; effectiveFrom: { lte: Date; }; OR: readonly [{ effectiveUntil: null; }, { effectiveUntil: { gt: Date; }; }]; }' is not comparable to type 'never'.
2026-10-07T22:16:37.0191067Z ##[error]src/lib/workforce/exception-response-cycle-audit.ts(68,15): error TS2737: BigInt literals are not available when targeting lower than ES2020.
2026-10-07T22:16:37.0192092Z ##[error]src/lib/workforce/mobile-write-fence.ts(218,37): error TS7006: Parameter 'tx' implicitly has an 'any' type.
2026-10-07T22:16:37.0192870Z ##[error]src/lib/workforce/mobile-write-fence.ts(292,37): error TS7006: Parameter 'tx' implicitly has an 'any' type.
2026-10-07T22:16:37.0193628Z ##[error]src/lib/workforce/mobile-write-fence.ts(372,37): error TS7006: Parameter 'tx' implicitly has an 'any' type.
2026-10-07T22:16:37.0194572Z ##[error]src/lib/workforce/raw-location-retention.ts(214,9): error TS2783: 'organizationId' is specified more than once, so this usage will be overwritten.
2026-10-07T22:16:37.0195559Z ##[error]src/lib/workforce/site-management.ts(378,41): error TS7006: Parameter 'tx' implicitly has an 'any' type.
2026-10-07T22:16:37.0196307Z ##[error]src/lib/workforce/site-management.ts(437,33): error TS7006: Parameter 'tx' implicitly has an 'any' type.
2026-10-07T22:16:37.0197045Z ##[error]src/lib/workforce/site-management.ts(515,41): error TS7006: Parameter 'tx' implicitly has an 'any' type.
2026-10-07T22:16:37.0197804Z ##[error]src/lib/workforce/site-management.ts(659,46): error TS7006: Parameter 'agent' implicitly has an 'any' type.
2026-10-07T22:16:37.0198551Z ##[error]src/lib/workforce/site-management.ts(755,41): error TS7006: Parameter 'tx' implicitly has an 'any' type.
2026-10-07T22:16:37.0199285Z ##[error]src/lib/workforce/site-management.ts(932,41): error TS7006: Parameter 'tx' implicitly has an 'any' type.
2026-10-07T22:16:37.0200771Z ##[error]src/lib/workforce/timesheet-approval-service.ts(512,15): error TS2352: Conversion of type 'TransactionClient' to type 'WorkforceAccessGrantReaderDb' may be a mistake because neither type sufficiently overlaps with the other. If this was intentional, convert the expression to 'unknown' first.
2026-10-07T22:16:37.0201689Z   The types of 'workforceAccessGrant.findMany' are incompatible between these types.
2026-10-07T22:16:37.0202738Z     Type '<T extends WorkforceAccessGrantFindManyArgs>(args?: SelectSubset<T, WorkforceAccessGrantFindManyArgs<DefaultArgs>> | undefined) => PrismaPromise<...>' is not comparable to type '(args: { where: { organizationId: string; principalUserId: string; effectiveFrom: { lte: Date; }; OR: readonly [{ effectiveUntil: null; }, { effectiveUntil: { gt: Date; }; }]; }; orderBy: readonly [{ effectiveFrom: "desc"; }, { ...; }]; take: number; select: Record<...>; }) => Promise<...>'.
2026-10-07T22:16:37.0203724Z       Types of parameters 'args' and 'args' are incompatible.
2026-10-07T22:16:37.0204525Z         Type '{ where: { organizationId: string; principalUserId: string; effectiveFrom: { lte: Date; }; OR: readonly [{ effectiveUntil: null; }, { effectiveUntil: { gt: Date; }; }]; }; orderBy: readonly [{ effectiveFrom: "desc"; }, { ...; }]; take: number; select: Record<...>; }' is not comparable to type 'SelectSubset<any, WorkforceAccessGrantFindManyArgs<DefaultArgs>> | undefined'.
2026-10-07T22:16:37.0205917Z           Type '{ where: { organizationId: string; principalUserId: string; effectiveFrom: { lte: Date; }; OR: readonly [{ effectiveUntil: null; }, { effectiveUntil: { gt: Date; }; }]; }; orderBy: readonly [{ effectiveFrom: "desc"; }, { ...; }]; take: number; select: Record<...>; }' is not comparable to type '{ [x: string]: never; } & "Please either choose `select` or `omit`."'.
2026-10-07T22:16:37.0207051Z             Type '{ where: { organizationId: string; principalUserId: string; effectiveFrom: { lte: Date; }; OR: readonly [{ effectiveUntil: null; }, { effectiveUntil: { gt: Date; }; }]; }; orderBy: readonly [{ effectiveFrom: "desc"; }, { ...; }]; take: number; select: Record<...>; }' is not comparable to type '{ [x: string]: never; }'.
2026-10-07T22:16:37.0207686Z               Property 'where' is incompatible with index signature.
2026-10-07T22:16:37.0208194Z                 Type '{ organizationId: string; principalUserId: string; effectiveFrom: { lte: Date; }; OR: readonly [{ effectiveUntil: null; }, { effectiveUntil: { gt: Date; }; }]; }' is not comparable to type 'never'.
2026-10-07T22:16:37.0209763Z ##[error]src/lib/workforce/workday-reopen.ts(198,9): error TS2352: Conversion of type 'WorkforceWorkdayManagerAuthorityDb' to type 'WorkforceAccessGrantReaderDb' may be a mistake because neither type sufficiently overlaps with the other. If this was intentional, convert the expression to 'unknown' first.
2026-10-07T22:16:37.0210683Z   The types of 'workforceAccessGrant.findMany' are incompatible between these types.
2026-10-07T22:16:37.0211724Z     Type '<T extends WorkforceAccessGrantFindManyArgs>(args?: SelectSubset<T, WorkforceAccessGrantFindManyArgs<DefaultArgs>> | undefined) => PrismaPromise<...>' is not comparable to type '(args: { where: { organizationId: string; principalUserId: string; effectiveFrom: { lte: Date; }; OR: readonly [{ effectiveUntil: null; }, { effectiveUntil: { gt: Date; }; }]; }; orderBy: readonly [{ effectiveFrom: "desc"; }, { ...; }]; take: number; select: Record<...>; }) => Promise<...>'.
2026-10-07T22:16:37.0212635Z       Types of parameters 'args' and 'args' are incompatible.
2026-10-07T22:16:37.0213440Z         Type '{ where: { organizationId: string; principalUserId: string; effectiveFrom: { lte: Date; }; OR: readonly [{ effectiveUntil: null; }, { effectiveUntil: { gt: Date; }; }]; }; orderBy: readonly [{ effectiveFrom: "desc"; }, { ...; }]; take: number; select: Record<...>; }' is not comparable to type 'SelectSubset<any, WorkforceAccessGrantFindManyArgs<DefaultArgs>> | undefined'.
2026-10-07T22:16:37.0214688Z           Type '{ where: { organizationId: string; principalUserId: string; effectiveFrom: { lte: Date; }; OR: readonly [{ effectiveUntil: null; }, { effectiveUntil: { gt: Date; }; }]; }; orderBy: readonly [{ effectiveFrom: "desc"; }, { ...; }]; take: number; select: Record<...>; }' is not comparable to type '{ [x: string]: never; } & "Please either choose `select` or `omit`."'.
2026-10-07T22:16:37.0215948Z             Type '{ where: { organizationId: string; principalUserId: string; effectiveFrom: { lte: Date; }; OR: readonly [{ effectiveUntil: null; }, { effectiveUntil: { gt: Date; }; }]; }; orderBy: readonly [{ effectiveFrom: "desc"; }, { ...; }]; take: number; select: Record<...>; }' is not comparable to type '{ [x: string]: never; }'.
2026-10-07T22:16:37.0216660Z               Property 'where' is incompatible with index signature.
2026-10-07T22:16:37.0217168Z                 Type '{ organizationId: string; principalUserId: string; effectiveFrom: { lte: Date; }; OR: readonly [{ effectiveUntil: null; }, { effectiveUntil: { gt: Date; }; }]; }' is not comparable to type 'never'.
2026-10-07T22:16:37.9798591Z ##[group]Run bash scripts/ci/check-typecheck-gate.sh tsc-output.log tsc-exit-code
2026-10-07T22:16:37.9798959Z [36;1mbash scripts/ci/check-typecheck-gate.sh tsc-output.log tsc-exit-code[0m
2026-10-07T22:16:37.9799237Z [36;1mnode scripts/ci/check-typecheck-baseline.mjs tsc-output.log[0m
2026-10-07T22:16:38.0597578Z shell: /usr/bin/bash -e {0}
2026-10-07T22:16:38.0597749Z ##[endgroup]
2026-10-07T22:16:38.0777419Z Typecheck completed (exit 2). No syntax, missing-module or undefined-name errors.
2026-10-07T22:16:38.1704105Z check-typecheck-baseline: 64 gated pair(s) now, 64 in baseline (1153 errors total).
2026-10-07T22:16:38.1713025Z ✅ No new defect-shaped type errors, and the baseline still matches. Gate passed.
2026-10-07T22:16:38.1911223Z ##[group]Run actions/upload-artifact@v4
2026-10-07T22:16:38.1911409Z with:
2026-10-07T22:16:38.1911628Z   name: workforce-outcomes-compiler-c7deecf8c86672204434c157f7be2f0e85566fc7-1
2026-10-07T22:16:38.1911884Z   path: tsc-output.log
tsc-exit-code

2026-10-07T22:16:38.1912049Z   if-no-files-found: error
2026-10-07T22:16:38.1912186Z   retention-days: 14
2026-10-07T22:16:38.1912318Z   compression-level: 6
2026-10-07T22:16:38.1912445Z   overwrite: false
2026-10-07T22:16:38.1912572Z   include-hidden-files: false
2026-10-07T22:16:38.1912714Z ##[endgroup]
2026-10-07T22:16:38.5407681Z (node:2671) [DEP0040] DeprecationWarning: The `punycode` module is deprecated. Please use a userland alternative instead.
2026-10-07T22:16:38.5408499Z (Use `node --trace-deprecation ...` to show where the warning was created)
2026-10-07T22:16:38.5450563Z Multiple search paths detected. Calculating the least common ancestor of all paths
2026-10-07T22:16:38.5457562Z The least common ancestor is /home/runner/work/leaddrive-v2/leaddrive-v2. This will be the root directory of the artifact
2026-10-07T22:16:38.5458261Z With the provided path, there will be 2 files uploaded
2026-10-07T22:16:38.5458883Z Artifact name is valid!
2026-10-07T22:16:38.5459285Z Root directory input is valid!
2026-10-07T22:16:38.9264762Z Beginning upload of artifact content to blob storage
2026-10-07T22:16:38.9446933Z (node:2671) [DEP0169] DeprecationWarning: `url.parse()` behavior is not standardized and prone to errors that have security implications. Use the WHATWG URL API instead. CVEs are not issued for `url.parse()` vulnerabilities.
2026-10-07T22:16:39.1905736Z Uploaded bytes 19685
2026-10-07T22:16:39.2498540Z Finished uploading artifact content to blob storage!
2026-10-07T22:16:39.2499035Z SHA256 digest of uploaded artifact zip is a6adcd0bc02abe5ddbee692f59f3e02202c72f9362bec79ec5372f5040c97d65
2026-10-07T22:16:39.2500274Z Finalizing artifact upload
2026-10-07T22:16:39.5094078Z Artifact workforce-outcomes-compiler-c7deecf8c86672204434c157f7be2f0e85566fc7-1.zip successfully finalized. Artifact ID 11514304539
2026-10-07T22:16:39.5094964Z Artifact workforce-outcomes-compiler-c7deecf8c86672204434c157f7be2f0e85566fc7-1 has been successfully uploaded! Final size is 19685 bytes. Artifact ID is 11514304539
2026-10-07T22:16:39.5098382Z Artifact download URL: https://github.com/rashadoni/leaddrive-v2/actions/runs/37692949528/artifacts/11514304539
2026-10-07T22:16:39.5213483Z ##[group]Run bash scripts/ci/prepare-hosted-build-runner.sh cleanup
2026-10-07T22:16:39.5213786Z [36;1mbash scripts/ci/prepare-hosted-build-runner.sh cleanup[0m
2026-10-07T22:16:39.5269475Z shell: /usr/bin/bash -e {0}
2026-10-07T22:16:39.5269631Z ##[endgroup]
2026-10-07T22:16:39.8393891Z GitHub-hosted production-build swap cleaned: /home/runner/work/_temp/leaddrive-production-build.swap
2026-10-07T22:16:39.8590325Z Post job cleanup.
2026-10-07T22:16:39.9432578Z Cache hit occurred on the primary key node-cache-Linux-x64-npm-88234482b20d7f7ee4d4f3291a8380559029a8e8cdd4d9981970afb493db5986, not saving cache.
2026-10-07T22:16:39.9548831Z Post job cleanup.
2026-10-07T22:16:40.0147502Z [command]/usr/bin/git version
2026-10-07T22:16:40.0264932Z git version 2.55.0
2026-10-07T22:16:40.0300634Z Temporarily overriding HOME='/home/runner/work/_temp/f68fdbce-df77-431f-be61-7308eb392d9a' before making global git config changes
2026-10-07T22:16:40.0301264Z Adding repository directory to the temporary git global config as a safe directory
2026-10-07T22:16:40.0304638Z [command]/usr/bin/git config --global --add safe.directory /home/runner/work/leaddrive-v2/leaddrive-v2
2026-10-07T22:16:40.0370495Z Removing SSH command configuration
2026-10-07T22:16:40.0375786Z [command]/usr/bin/git config --local --name-only --get-regexp core\.sshCommand
2026-10-07T22:16:40.0407833Z [command]/usr/bin/git submodule foreach --recursive sh -c "git config --local --name-only --get-regexp 'core\.sshCommand' && git config --local --unset-all 'core.sshCommand' || :"
2026-10-07T22:16:40.0834869Z Removing HTTP extra header
2026-10-07T22:16:40.0839887Z [command]/usr/bin/git config --local --name-only --get-regexp http\.https\:\/\/github\.com\/\.extraheader
2026-10-07T22:16:40.0873279Z [command]/usr/bin/git submodule foreach --recursive sh -c "git config --local --name-only --get-regexp 'http\.https\:\/\/github\.com\/\.extraheader' && git config --local --unset-all 'http.https://github.com/.extraheader' || :"
2026-10-07T22:16:40.1082465Z Removing includeIf entries pointing to credentials config files
2026-10-07T22:16:40.1088208Z [command]/usr/bin/git config --local --name-only --get-regexp ^includeIf\.gitdir:
2026-10-07T22:16:40.1113724Z includeif.gitdir:/home/runner/work/leaddrive-v2/leaddrive-v2/.git.path
2026-10-07T22:16:40.1114339Z includeif.gitdir:/home/runner/work/leaddrive-v2/leaddrive-v2/.git/worktrees/*.path
2026-10-07T22:16:40.1114834Z includeif.gitdir:/github/workspace/.git.path
2026-10-07T22:16:40.1115350Z includeif.gitdir:/github/workspace/.git/worktrees/*.path
2026-10-07T22:16:40.1120224Z [command]/usr/bin/git config --local --get-all includeif.gitdir:/home/runner/work/leaddrive-v2/leaddrive-v2/.git.path
2026-10-07T22:16:40.1142121Z /home/runner/work/_temp/git-credentials-81251c25-c5fb-4b9b-a011-b0062feb337d.config
2026-10-07T22:16:40.1155030Z [command]/usr/bin/git config --local --unset includeif.gitdir:/home/runner/work/leaddrive-v2/leaddrive-v2/.git.path /home/runner/work/_temp/git-credentials-81251c25-c5fb-4b9b-a011-b0062feb337d.config
2026-10-07T22:16:40.1191788Z [command]/usr/bin/git config --local --get-all includeif.gitdir:/home/runner/work/leaddrive-v2/leaddrive-v2/.git/worktrees/*.path
2026-10-07T22:16:40.1214198Z /home/runner/work/_temp/git-credentials-81251c25-c5fb-4b9b-a011-b0062feb337d.config
2026-10-07T22:16:40.1220897Z [command]/usr/bin/git config --local --unset includeif.gitdir:/home/runner/work/leaddrive-v2/leaddrive-v2/.git/worktrees/*.path /home/runner/work/_temp/git-credentials-81251c25-c5fb-4b9b-a011-b0062feb337d.config
2026-10-07T22:16:40.1251073Z [command]/usr/bin/git config --local --get-all includeif.gitdir:/github/workspace/.git.path
2026-10-07T22:16:40.1271900Z /github/runner_temp/git-credentials-81251c25-c5fb-4b9b-a011-b0062feb337d.config
2026-10-07T22:16:40.1277808Z [command]/usr/bin/git config --local --unset includeif.gitdir:/github/workspace/.git.path /github/runner_temp/git-credentials-81251c25-c5fb-4b9b-a011-b0062feb337d.config
2026-10-07T22:16:40.1307307Z [command]/usr/bin/git config --local --get-all includeif.gitdir:/github/workspace/.git/worktrees/*.path
2026-10-07T22:16:40.1328055Z /github/runner_temp/git-credentials-81251c25-c5fb-4b9b-a011-b0062feb337d.config
2026-10-07T22:16:40.1333985Z [command]/usr/bin/git config --local --unset includeif.gitdir:/github/workspace/.git/worktrees/*.path /github/runner_temp/git-credentials-81251c25-c5fb-4b9b-a011-b0062feb337d.config
2026-10-07T22:16:40.1364929Z [command]/usr/bin/git submodule foreach --recursive git config --local --show-origin --name-only --get-regexp remote.origin.url
2026-10-07T22:16:40.1554090Z Removing credentials config '/home/runner/work/_temp/git-credentials-81251c25-c5fb-4b9b-a011-b0062feb337d.config'
2026-10-07T22:16:40.1682825Z Cleaning up orphan processes
2026-10-07T22:16:40.2027328Z ##[warning]Node.js 20 is deprecated. The following actions target Node.js 20 but are being forced to run on Node.js 24: actions/upload-artifact@v4. For more information see: https://github.blog/changelog/2025-09-19-deprecation-of-node-20-on-github-actions-runners/
